
UR_CALC.elf:     file format elf32-avr

Sections:
Idx Name          Size      VMA       LMA       File off  Algn
  0 .text         000062ae  00000000  00000000  00000094  2**1
                  CONTENTS, ALLOC, LOAD, READONLY, CODE
  1 .data         00000146  00800060  000062ae  00006342  2**0
                  CONTENTS, ALLOC, LOAD, DATA
  2 .bss          00000064  008001a6  008001a6  00006488  2**0
                  ALLOC
  3 .stab         000022a4  00000000  00000000  00006488  2**2
                  CONTENTS, READONLY, DEBUGGING
  4 .stabstr      00001202  00000000  00000000  0000872c  2**0
                  CONTENTS, READONLY, DEBUGGING
  5 .debug_aranges 000001c0  00000000  00000000  0000992e  2**0
                  CONTENTS, READONLY, DEBUGGING
  6 .debug_pubnames 0000020d  00000000  00000000  00009aee  2**0
                  CONTENTS, READONLY, DEBUGGING
  7 .debug_info   00002f4e  00000000  00000000  00009cfb  2**0
                  CONTENTS, READONLY, DEBUGGING
  8 .debug_abbrev 00001471  00000000  00000000  0000cc49  2**0
                  CONTENTS, READONLY, DEBUGGING
  9 .debug_line   00001457  00000000  00000000  0000e0ba  2**0
                  CONTENTS, READONLY, DEBUGGING
 10 .debug_frame  000001e0  00000000  00000000  0000f514  2**2
                  CONTENTS, READONLY, DEBUGGING
 11 .debug_str    00000347  00000000  00000000  0000f6f4  2**0
                  CONTENTS, READONLY, DEBUGGING
 12 .debug_loc    00002384  00000000  00000000  0000fa3b  2**0
                  CONTENTS, READONLY, DEBUGGING
 13 .debug_ranges 00000080  00000000  00000000  00011dbf  2**0
                  CONTENTS, READONLY, DEBUGGING

Disassembly of section .text:

00000000 <__vectors>:
       0:	0c 94 2a 00 	jmp	0x54	; 0x54 <__ctors_end>
       4:	0c 94 47 00 	jmp	0x8e	; 0x8e <__bad_interrupt>
       8:	0c 94 47 00 	jmp	0x8e	; 0x8e <__bad_interrupt>
       c:	0c 94 47 00 	jmp	0x8e	; 0x8e <__bad_interrupt>
      10:	0c 94 47 00 	jmp	0x8e	; 0x8e <__bad_interrupt>
      14:	0c 94 47 00 	jmp	0x8e	; 0x8e <__bad_interrupt>
      18:	0c 94 47 00 	jmp	0x8e	; 0x8e <__bad_interrupt>
      1c:	0c 94 47 00 	jmp	0x8e	; 0x8e <__bad_interrupt>
      20:	0c 94 47 00 	jmp	0x8e	; 0x8e <__bad_interrupt>
      24:	0c 94 47 00 	jmp	0x8e	; 0x8e <__bad_interrupt>
      28:	0c 94 47 00 	jmp	0x8e	; 0x8e <__bad_interrupt>
      2c:	0c 94 47 00 	jmp	0x8e	; 0x8e <__bad_interrupt>
      30:	0c 94 47 00 	jmp	0x8e	; 0x8e <__bad_interrupt>
      34:	0c 94 47 00 	jmp	0x8e	; 0x8e <__bad_interrupt>
      38:	0c 94 47 00 	jmp	0x8e	; 0x8e <__bad_interrupt>
      3c:	0c 94 47 00 	jmp	0x8e	; 0x8e <__bad_interrupt>
      40:	0c 94 47 00 	jmp	0x8e	; 0x8e <__bad_interrupt>
      44:	0c 94 47 00 	jmp	0x8e	; 0x8e <__bad_interrupt>
      48:	0c 94 47 00 	jmp	0x8e	; 0x8e <__bad_interrupt>
      4c:	0c 94 47 00 	jmp	0x8e	; 0x8e <__bad_interrupt>
      50:	0c 94 47 00 	jmp	0x8e	; 0x8e <__bad_interrupt>

00000054 <__ctors_end>:
      54:	11 24       	eor	r1, r1
      56:	1f be       	out	0x3f, r1	; 63
      58:	cf e5       	ldi	r28, 0x5F	; 95
      5a:	d8 e0       	ldi	r29, 0x08	; 8
      5c:	de bf       	out	0x3e, r29	; 62
      5e:	cd bf       	out	0x3d, r28	; 61

00000060 <__do_copy_data>:
      60:	11 e0       	ldi	r17, 0x01	; 1
      62:	a0 e6       	ldi	r26, 0x60	; 96
      64:	b0 e0       	ldi	r27, 0x00	; 0
      66:	ee ea       	ldi	r30, 0xAE	; 174
      68:	f2 e6       	ldi	r31, 0x62	; 98
      6a:	02 c0       	rjmp	.+4      	; 0x70 <.do_copy_data_start>

0000006c <.do_copy_data_loop>:
      6c:	05 90       	lpm	r0, Z+
      6e:	0d 92       	st	X+, r0

00000070 <.do_copy_data_start>:
      70:	a6 3a       	cpi	r26, 0xA6	; 166
      72:	b1 07       	cpc	r27, r17
      74:	d9 f7       	brne	.-10     	; 0x6c <.do_copy_data_loop>

00000076 <__do_clear_bss>:
      76:	12 e0       	ldi	r17, 0x02	; 2
      78:	a6 ea       	ldi	r26, 0xA6	; 166
      7a:	b1 e0       	ldi	r27, 0x01	; 1
      7c:	01 c0       	rjmp	.+2      	; 0x80 <.do_clear_bss_start>

0000007e <.do_clear_bss_loop>:
      7e:	1d 92       	st	X+, r1

00000080 <.do_clear_bss_start>:
      80:	aa 30       	cpi	r26, 0x0A	; 10
      82:	b1 07       	cpc	r27, r17
      84:	e1 f7       	brne	.-8      	; 0x7e <.do_clear_bss_loop>
      86:	0e 94 e0 2e 	call	0x5dc0	; 0x5dc0 <main>
      8a:	0c 94 55 31 	jmp	0x62aa	; 0x62aa <_exit>

0000008e <__bad_interrupt>:
      8e:	0c 94 00 00 	jmp	0	; 0x0 <__vectors>

00000092 <__muldi3>:
      92:	a0 e3       	ldi	r26, 0x30	; 48
      94:	b0 e0       	ldi	r27, 0x00	; 0
      96:	ef e4       	ldi	r30, 0x4F	; 79
      98:	f0 e0       	ldi	r31, 0x00	; 0
      9a:	0c 94 1e 31 	jmp	0x623c	; 0x623c <__prologue_saves__>
      9e:	a8 e0       	ldi	r26, 0x08	; 8
      a0:	4e 01       	movw	r8, r28
      a2:	08 94       	sec
      a4:	81 1c       	adc	r8, r1
      a6:	91 1c       	adc	r9, r1
      a8:	f4 01       	movw	r30, r8
      aa:	ba 2f       	mov	r27, r26
      ac:	11 92       	st	Z+, r1
      ae:	ba 95       	dec	r27
      b0:	e9 f7       	brne	.-6      	; 0xac <__muldi3+0x1a>
      b2:	29 83       	std	Y+1, r18	; 0x01
      b4:	3a 83       	std	Y+2, r19	; 0x02
      b6:	4b 83       	std	Y+3, r20	; 0x03
      b8:	5c 83       	std	Y+4, r21	; 0x04
      ba:	6d 83       	std	Y+5, r22	; 0x05
      bc:	7e 83       	std	Y+6, r23	; 0x06
      be:	8f 83       	std	Y+7, r24	; 0x07
      c0:	98 87       	std	Y+8, r25	; 0x08
      c2:	ce 01       	movw	r24, r28
      c4:	09 96       	adiw	r24, 0x09	; 9
      c6:	fc 01       	movw	r30, r24
      c8:	11 92       	st	Z+, r1
      ca:	aa 95       	dec	r26
      cc:	e9 f7       	brne	.-6      	; 0xc8 <__muldi3+0x36>
      ce:	a9 86       	std	Y+9, r10	; 0x09
      d0:	ba 86       	std	Y+10, r11	; 0x0a
      d2:	cb 86       	std	Y+11, r12	; 0x0b
      d4:	dc 86       	std	Y+12, r13	; 0x0c
      d6:	ed 86       	std	Y+13, r14	; 0x0d
      d8:	fe 86       	std	Y+14, r15	; 0x0e
      da:	0f 87       	std	Y+15, r16	; 0x0f
      dc:	18 8b       	std	Y+16, r17	; 0x10
      de:	29 81       	ldd	r18, Y+1	; 0x01
      e0:	3a 81       	ldd	r19, Y+2	; 0x02
      e2:	4b 81       	ldd	r20, Y+3	; 0x03
      e4:	5c 81       	ldd	r21, Y+4	; 0x04
      e6:	2d a7       	std	Y+45, r18	; 0x2d
      e8:	3e a7       	std	Y+46, r19	; 0x2e
      ea:	4f a7       	std	Y+47, r20	; 0x2f
      ec:	58 ab       	std	Y+48, r21	; 0x30
      ee:	79 01       	movw	r14, r18
      f0:	8a 01       	movw	r16, r20
      f2:	8f ef       	ldi	r24, 0xFF	; 255
      f4:	9f ef       	ldi	r25, 0xFF	; 255
      f6:	a0 e0       	ldi	r26, 0x00	; 0
      f8:	b0 e0       	ldi	r27, 0x00	; 0
      fa:	e8 22       	and	r14, r24
      fc:	f9 22       	and	r15, r25
      fe:	0a 23       	and	r16, r26
     100:	1b 23       	and	r17, r27
     102:	1a 01       	movw	r2, r20
     104:	44 24       	eor	r4, r4
     106:	55 24       	eor	r5, r5
     108:	29 85       	ldd	r18, Y+9	; 0x09
     10a:	3a 85       	ldd	r19, Y+10	; 0x0a
     10c:	4b 85       	ldd	r20, Y+11	; 0x0b
     10e:	5c 85       	ldd	r21, Y+12	; 0x0c
     110:	29 a7       	std	Y+41, r18	; 0x29
     112:	3a a7       	std	Y+42, r19	; 0x2a
     114:	4b a7       	std	Y+43, r20	; 0x2b
     116:	5c a7       	std	Y+44, r21	; 0x2c
     118:	59 01       	movw	r10, r18
     11a:	6a 01       	movw	r12, r20
     11c:	a8 22       	and	r10, r24
     11e:	b9 22       	and	r11, r25
     120:	ca 22       	and	r12, r26
     122:	db 22       	and	r13, r27
     124:	3a 01       	movw	r6, r20
     126:	88 24       	eor	r8, r8
     128:	99 24       	eor	r9, r9
     12a:	c6 01       	movw	r24, r12
     12c:	b5 01       	movw	r22, r10
     12e:	a8 01       	movw	r20, r16
     130:	97 01       	movw	r18, r14
     132:	0e 94 c2 30 	call	0x6184	; 0x6184 <__mulsi3>
     136:	6d a3       	std	Y+37, r22	; 0x25
     138:	7e a3       	std	Y+38, r23	; 0x26
     13a:	8f a3       	std	Y+39, r24	; 0x27
     13c:	98 a7       	std	Y+40, r25	; 0x28
     13e:	c4 01       	movw	r24, r8
     140:	b3 01       	movw	r22, r6
     142:	0e 94 c2 30 	call	0x6184	; 0x6184 <__mulsi3>
     146:	69 a3       	std	Y+33, r22	; 0x21
     148:	7a a3       	std	Y+34, r23	; 0x22
     14a:	8b a3       	std	Y+35, r24	; 0x23
     14c:	9c a3       	std	Y+36, r25	; 0x24
     14e:	c6 01       	movw	r24, r12
     150:	b5 01       	movw	r22, r10
     152:	a2 01       	movw	r20, r4
     154:	91 01       	movw	r18, r2
     156:	0e 94 c2 30 	call	0x6184	; 0x6184 <__mulsi3>
     15a:	7b 01       	movw	r14, r22
     15c:	8c 01       	movw	r16, r24
     15e:	c4 01       	movw	r24, r8
     160:	b3 01       	movw	r22, r6
     162:	0e 94 c2 30 	call	0x6184	; 0x6184 <__mulsi3>
     166:	5b 01       	movw	r10, r22
     168:	6c 01       	movw	r12, r24
     16a:	89 a1       	ldd	r24, Y+33	; 0x21
     16c:	9a a1       	ldd	r25, Y+34	; 0x22
     16e:	ab a1       	ldd	r26, Y+35	; 0x23
     170:	bc a1       	ldd	r27, Y+36	; 0x24
     172:	8e 0d       	add	r24, r14
     174:	9f 1d       	adc	r25, r15
     176:	a0 1f       	adc	r26, r16
     178:	b1 1f       	adc	r27, r17
     17a:	89 a3       	std	Y+33, r24	; 0x21
     17c:	9a a3       	std	Y+34, r25	; 0x22
     17e:	ab a3       	std	Y+35, r26	; 0x23
     180:	bc a3       	std	Y+36, r27	; 0x24
     182:	2d a1       	ldd	r18, Y+37	; 0x25
     184:	3e a1       	ldd	r19, Y+38	; 0x26
     186:	4f a1       	ldd	r20, Y+39	; 0x27
     188:	58 a5       	ldd	r21, Y+40	; 0x28
     18a:	ca 01       	movw	r24, r20
     18c:	aa 27       	eor	r26, r26
     18e:	bb 27       	eor	r27, r27
     190:	29 a1       	ldd	r18, Y+33	; 0x21
     192:	3a a1       	ldd	r19, Y+34	; 0x22
     194:	4b a1       	ldd	r20, Y+35	; 0x23
     196:	5c a1       	ldd	r21, Y+36	; 0x24
     198:	28 0f       	add	r18, r24
     19a:	39 1f       	adc	r19, r25
     19c:	4a 1f       	adc	r20, r26
     19e:	5b 1f       	adc	r21, r27
     1a0:	29 a3       	std	Y+33, r18	; 0x21
     1a2:	3a a3       	std	Y+34, r19	; 0x22
     1a4:	4b a3       	std	Y+35, r20	; 0x23
     1a6:	5c a3       	std	Y+36, r21	; 0x24
     1a8:	2e 15       	cp	r18, r14
     1aa:	3f 05       	cpc	r19, r15
     1ac:	40 07       	cpc	r20, r16
     1ae:	51 07       	cpc	r21, r17
     1b0:	40 f4       	brcc	.+16     	; 0x1c2 <__muldi3+0x130>
     1b2:	80 e0       	ldi	r24, 0x00	; 0
     1b4:	90 e0       	ldi	r25, 0x00	; 0
     1b6:	a1 e0       	ldi	r26, 0x01	; 1
     1b8:	b0 e0       	ldi	r27, 0x00	; 0
     1ba:	a8 0e       	add	r10, r24
     1bc:	b9 1e       	adc	r11, r25
     1be:	ca 1e       	adc	r12, r26
     1c0:	db 1e       	adc	r13, r27
     1c2:	89 a1       	ldd	r24, Y+33	; 0x21
     1c4:	9a a1       	ldd	r25, Y+34	; 0x22
     1c6:	ab a1       	ldd	r26, Y+35	; 0x23
     1c8:	bc a1       	ldd	r27, Y+36	; 0x24
     1ca:	9d 01       	movw	r18, r26
     1cc:	44 27       	eor	r20, r20
     1ce:	55 27       	eor	r21, r21
     1d0:	2a 0d       	add	r18, r10
     1d2:	3b 1d       	adc	r19, r11
     1d4:	4c 1d       	adc	r20, r12
     1d6:	5d 1d       	adc	r21, r13
     1d8:	2d 8f       	std	Y+29, r18	; 0x1d
     1da:	3e 8f       	std	Y+30, r19	; 0x1e
     1dc:	4f 8f       	std	Y+31, r20	; 0x1f
     1de:	58 a3       	std	Y+32, r21	; 0x20
     1e0:	6c 01       	movw	r12, r24
     1e2:	bb 24       	eor	r11, r11
     1e4:	aa 24       	eor	r10, r10
     1e6:	8d a1       	ldd	r24, Y+37	; 0x25
     1e8:	9e a1       	ldd	r25, Y+38	; 0x26
     1ea:	af a1       	ldd	r26, Y+39	; 0x27
     1ec:	b8 a5       	ldd	r27, Y+40	; 0x28
     1ee:	a0 70       	andi	r26, 0x00	; 0
     1f0:	b0 70       	andi	r27, 0x00	; 0
     1f2:	a8 0e       	add	r10, r24
     1f4:	b9 1e       	adc	r11, r25
     1f6:	ca 1e       	adc	r12, r26
     1f8:	db 1e       	adc	r13, r27
     1fa:	a9 8e       	std	Y+25, r10	; 0x19
     1fc:	ba 8e       	std	Y+26, r11	; 0x1a
     1fe:	cb 8e       	std	Y+27, r12	; 0x1b
     200:	dc 8e       	std	Y+28, r13	; 0x1c
     202:	9a 8c       	ldd	r9, Y+26	; 0x1a
     204:	8b 8c       	ldd	r8, Y+27	; 0x1b
     206:	7c 8c       	ldd	r7, Y+28	; 0x1c
     208:	9e 8d       	ldd	r25, Y+30	; 0x1e
     20a:	6f 8d       	ldd	r22, Y+31	; 0x1f
     20c:	78 a1       	ldd	r23, Y+32	; 0x20
     20e:	fe 01       	movw	r30, r28
     210:	71 96       	adiw	r30, 0x11	; 17
     212:	88 e0       	ldi	r24, 0x08	; 8
     214:	df 01       	movw	r26, r30
     216:	1d 92       	st	X+, r1
     218:	8a 95       	dec	r24
     21a:	e9 f7       	brne	.-6      	; 0x216 <__muldi3+0x184>
     21c:	2d 8b       	std	Y+21, r18	; 0x15
     21e:	9e 8b       	std	Y+22, r25	; 0x16
     220:	6f 8b       	std	Y+23, r22	; 0x17
     222:	78 8f       	std	Y+24, r23	; 0x18
     224:	2d 85       	ldd	r18, Y+13	; 0x0d
     226:	3e 85       	ldd	r19, Y+14	; 0x0e
     228:	4f 85       	ldd	r20, Y+15	; 0x0f
     22a:	58 89       	ldd	r21, Y+16	; 0x10
     22c:	6d a5       	ldd	r22, Y+45	; 0x2d
     22e:	7e a5       	ldd	r23, Y+46	; 0x2e
     230:	8f a5       	ldd	r24, Y+47	; 0x2f
     232:	98 a9       	ldd	r25, Y+48	; 0x30
     234:	0e 94 c2 30 	call	0x6184	; 0x6184 <__mulsi3>
     238:	7b 01       	movw	r14, r22
     23a:	8c 01       	movw	r16, r24
     23c:	2d 81       	ldd	r18, Y+5	; 0x05
     23e:	3e 81       	ldd	r19, Y+6	; 0x06
     240:	4f 81       	ldd	r20, Y+7	; 0x07
     242:	58 85       	ldd	r21, Y+8	; 0x08
     244:	69 a5       	ldd	r22, Y+41	; 0x29
     246:	7a a5       	ldd	r23, Y+42	; 0x2a
     248:	8b a5       	ldd	r24, Y+43	; 0x2b
     24a:	9c a5       	ldd	r25, Y+44	; 0x2c
     24c:	0e 94 c2 30 	call	0x6184	; 0x6184 <__mulsi3>
     250:	e6 0e       	add	r14, r22
     252:	f7 1e       	adc	r15, r23
     254:	08 1f       	adc	r16, r24
     256:	19 1f       	adc	r17, r25
     258:	6d 89       	ldd	r22, Y+21	; 0x15
     25a:	7e 89       	ldd	r23, Y+22	; 0x16
     25c:	8f 89       	ldd	r24, Y+23	; 0x17
     25e:	98 8d       	ldd	r25, Y+24	; 0x18
     260:	6e 0d       	add	r22, r14
     262:	7f 1d       	adc	r23, r15
     264:	80 1f       	adc	r24, r16
     266:	91 1f       	adc	r25, r17
     268:	6d 8b       	std	Y+21, r22	; 0x15
     26a:	7e 8b       	std	Y+22, r23	; 0x16
     26c:	8f 8b       	std	Y+23, r24	; 0x17
     26e:	98 8f       	std	Y+24, r25	; 0x18
     270:	ee 89       	ldd	r30, Y+22	; 0x16
     272:	2a 2d       	mov	r18, r10
     274:	39 2d       	mov	r19, r9
     276:	48 2d       	mov	r20, r8
     278:	57 2d       	mov	r21, r7
     27a:	7e 2f       	mov	r23, r30
     27c:	8f 89       	ldd	r24, Y+23	; 0x17
     27e:	98 8d       	ldd	r25, Y+24	; 0x18
     280:	e0 96       	adiw	r28, 0x30	; 48
     282:	e2 e1       	ldi	r30, 0x12	; 18
     284:	0c 94 3a 31 	jmp	0x6274	; 0x6274 <__epilogue_restores__>

00000288 <__ashldi3>:
     288:	ef 92       	push	r14
     28a:	ff 92       	push	r15
     28c:	0f 93       	push	r16
     28e:	df 93       	push	r29
     290:	cf 93       	push	r28
     292:	cd b7       	in	r28, 0x3d	; 61
     294:	de b7       	in	r29, 0x3e	; 62
     296:	60 97       	sbiw	r28, 0x10	; 16
     298:	0f b6       	in	r0, 0x3f	; 63
     29a:	f8 94       	cli
     29c:	de bf       	out	0x3e, r29	; 62
     29e:	0f be       	out	0x3f, r0	; 63
     2a0:	cd bf       	out	0x3d, r28	; 61
     2a2:	a8 2f       	mov	r26, r24
     2a4:	00 23       	and	r16, r16
     2a6:	09 f4       	brne	.+2      	; 0x2aa <__ashldi3+0x22>
     2a8:	61 c0       	rjmp	.+194    	; 0x36c <__ashldi3+0xe4>
     2aa:	7e 01       	movw	r14, r28
     2ac:	08 94       	sec
     2ae:	e1 1c       	adc	r14, r1
     2b0:	f1 1c       	adc	r15, r1
     2b2:	88 e0       	ldi	r24, 0x08	; 8
     2b4:	f7 01       	movw	r30, r14
     2b6:	11 92       	st	Z+, r1
     2b8:	8a 95       	dec	r24
     2ba:	e9 f7       	brne	.-6      	; 0x2b6 <__ashldi3+0x2e>
     2bc:	29 83       	std	Y+1, r18	; 0x01
     2be:	3a 83       	std	Y+2, r19	; 0x02
     2c0:	4b 83       	std	Y+3, r20	; 0x03
     2c2:	5c 83       	std	Y+4, r21	; 0x04
     2c4:	6d 83       	std	Y+5, r22	; 0x05
     2c6:	7e 83       	std	Y+6, r23	; 0x06
     2c8:	af 83       	std	Y+7, r26	; 0x07
     2ca:	98 87       	std	Y+8, r25	; 0x08
     2cc:	80 e2       	ldi	r24, 0x20	; 32
     2ce:	80 1b       	sub	r24, r16
     2d0:	e8 2f       	mov	r30, r24
     2d2:	ff 27       	eor	r31, r31
     2d4:	e7 fd       	sbrc	r30, 7
     2d6:	f0 95       	com	r31
     2d8:	49 81       	ldd	r20, Y+1	; 0x01
     2da:	5a 81       	ldd	r21, Y+2	; 0x02
     2dc:	6b 81       	ldd	r22, Y+3	; 0x03
     2de:	7c 81       	ldd	r23, Y+4	; 0x04
     2e0:	18 16       	cp	r1, r24
     2e2:	84 f0       	brlt	.+32     	; 0x304 <__ashldi3+0x7c>
     2e4:	19 86       	std	Y+9, r1	; 0x09
     2e6:	1a 86       	std	Y+10, r1	; 0x0a
     2e8:	1b 86       	std	Y+11, r1	; 0x0b
     2ea:	1c 86       	std	Y+12, r1	; 0x0c
     2ec:	88 27       	eor	r24, r24
     2ee:	99 27       	eor	r25, r25
     2f0:	8e 1b       	sub	r24, r30
     2f2:	9f 0b       	sbc	r25, r31
     2f4:	04 c0       	rjmp	.+8      	; 0x2fe <__ashldi3+0x76>
     2f6:	44 0f       	add	r20, r20
     2f8:	55 1f       	adc	r21, r21
     2fa:	66 1f       	adc	r22, r22
     2fc:	77 1f       	adc	r23, r23
     2fe:	8a 95       	dec	r24
     300:	d2 f7       	brpl	.-12     	; 0x2f6 <__ashldi3+0x6e>
     302:	28 c0       	rjmp	.+80     	; 0x354 <__ashldi3+0xcc>
     304:	20 2f       	mov	r18, r16
     306:	33 27       	eor	r19, r19
     308:	27 fd       	sbrc	r18, 7
     30a:	30 95       	com	r19
     30c:	db 01       	movw	r26, r22
     30e:	ca 01       	movw	r24, r20
     310:	02 2e       	mov	r0, r18
     312:	04 c0       	rjmp	.+8      	; 0x31c <__ashldi3+0x94>
     314:	88 0f       	add	r24, r24
     316:	99 1f       	adc	r25, r25
     318:	aa 1f       	adc	r26, r26
     31a:	bb 1f       	adc	r27, r27
     31c:	0a 94       	dec	r0
     31e:	d2 f7       	brpl	.-12     	; 0x314 <__ashldi3+0x8c>
     320:	89 87       	std	Y+9, r24	; 0x09
     322:	9a 87       	std	Y+10, r25	; 0x0a
     324:	ab 87       	std	Y+11, r26	; 0x0b
     326:	bc 87       	std	Y+12, r27	; 0x0c
     328:	04 c0       	rjmp	.+8      	; 0x332 <__ashldi3+0xaa>
     32a:	76 95       	lsr	r23
     32c:	67 95       	ror	r22
     32e:	57 95       	ror	r21
     330:	47 95       	ror	r20
     332:	ea 95       	dec	r30
     334:	d2 f7       	brpl	.-12     	; 0x32a <__ashldi3+0xa2>
     336:	8d 81       	ldd	r24, Y+5	; 0x05
     338:	9e 81       	ldd	r25, Y+6	; 0x06
     33a:	af 81       	ldd	r26, Y+7	; 0x07
     33c:	b8 85       	ldd	r27, Y+8	; 0x08
     33e:	04 c0       	rjmp	.+8      	; 0x348 <__ashldi3+0xc0>
     340:	88 0f       	add	r24, r24
     342:	99 1f       	adc	r25, r25
     344:	aa 1f       	adc	r26, r26
     346:	bb 1f       	adc	r27, r27
     348:	2a 95       	dec	r18
     34a:	d2 f7       	brpl	.-12     	; 0x340 <__ashldi3+0xb8>
     34c:	48 2b       	or	r20, r24
     34e:	59 2b       	or	r21, r25
     350:	6a 2b       	or	r22, r26
     352:	7b 2b       	or	r23, r27
     354:	4d 87       	std	Y+13, r20	; 0x0d
     356:	5e 87       	std	Y+14, r21	; 0x0e
     358:	6f 87       	std	Y+15, r22	; 0x0f
     35a:	78 8b       	std	Y+16, r23	; 0x10
     35c:	29 85       	ldd	r18, Y+9	; 0x09
     35e:	3a 85       	ldd	r19, Y+10	; 0x0a
     360:	4b 85       	ldd	r20, Y+11	; 0x0b
     362:	5c 85       	ldd	r21, Y+12	; 0x0c
     364:	6d 85       	ldd	r22, Y+13	; 0x0d
     366:	7e 85       	ldd	r23, Y+14	; 0x0e
     368:	af 85       	ldd	r26, Y+15	; 0x0f
     36a:	98 89       	ldd	r25, Y+16	; 0x10
     36c:	8a 2f       	mov	r24, r26
     36e:	60 96       	adiw	r28, 0x10	; 16
     370:	0f b6       	in	r0, 0x3f	; 63
     372:	f8 94       	cli
     374:	de bf       	out	0x3e, r29	; 62
     376:	0f be       	out	0x3f, r0	; 63
     378:	cd bf       	out	0x3d, r28	; 61
     37a:	cf 91       	pop	r28
     37c:	df 91       	pop	r29
     37e:	0f 91       	pop	r16
     380:	ff 90       	pop	r15
     382:	ef 90       	pop	r14
     384:	08 95       	ret

00000386 <__fixunssfsi>:
     386:	ef 92       	push	r14
     388:	ff 92       	push	r15
     38a:	0f 93       	push	r16
     38c:	1f 93       	push	r17
     38e:	7b 01       	movw	r14, r22
     390:	8c 01       	movw	r16, r24
     392:	20 e0       	ldi	r18, 0x00	; 0
     394:	30 e0       	ldi	r19, 0x00	; 0
     396:	40 e0       	ldi	r20, 0x00	; 0
     398:	5f e4       	ldi	r21, 0x4F	; 79
     39a:	0e 94 28 15 	call	0x2a50	; 0x2a50 <__gesf2>
     39e:	88 23       	and	r24, r24
     3a0:	8c f0       	brlt	.+34     	; 0x3c4 <__fixunssfsi+0x3e>
     3a2:	c8 01       	movw	r24, r16
     3a4:	b7 01       	movw	r22, r14
     3a6:	20 e0       	ldi	r18, 0x00	; 0
     3a8:	30 e0       	ldi	r19, 0x00	; 0
     3aa:	40 e0       	ldi	r20, 0x00	; 0
     3ac:	5f e4       	ldi	r21, 0x4F	; 79
     3ae:	0e 94 a0 13 	call	0x2740	; 0x2740 <__subsf3>
     3b2:	0e 94 88 15 	call	0x2b10	; 0x2b10 <__fixsfsi>
     3b6:	9b 01       	movw	r18, r22
     3b8:	ac 01       	movw	r20, r24
     3ba:	20 50       	subi	r18, 0x00	; 0
     3bc:	30 40       	sbci	r19, 0x00	; 0
     3be:	40 40       	sbci	r20, 0x00	; 0
     3c0:	50 48       	sbci	r21, 0x80	; 128
     3c2:	06 c0       	rjmp	.+12     	; 0x3d0 <__fixunssfsi+0x4a>
     3c4:	c8 01       	movw	r24, r16
     3c6:	b7 01       	movw	r22, r14
     3c8:	0e 94 88 15 	call	0x2b10	; 0x2b10 <__fixsfsi>
     3cc:	9b 01       	movw	r18, r22
     3ce:	ac 01       	movw	r20, r24
     3d0:	b9 01       	movw	r22, r18
     3d2:	ca 01       	movw	r24, r20
     3d4:	1f 91       	pop	r17
     3d6:	0f 91       	pop	r16
     3d8:	ff 90       	pop	r15
     3da:	ef 90       	pop	r14
     3dc:	08 95       	ret

000003de <__divdi3>:
     3de:	a2 e7       	ldi	r26, 0x72	; 114
     3e0:	b0 e0       	ldi	r27, 0x00	; 0
     3e2:	e5 ef       	ldi	r30, 0xF5	; 245
     3e4:	f1 e0       	ldi	r31, 0x01	; 1
     3e6:	0c 94 1e 31 	jmp	0x623c	; 0x623c <__prologue_saves__>
     3ea:	98 2e       	mov	r9, r24
     3ec:	89 2e       	mov	r8, r25
     3ee:	71 2e       	mov	r7, r17
     3f0:	88 e0       	ldi	r24, 0x08	; 8
     3f2:	fe 01       	movw	r30, r28
     3f4:	31 96       	adiw	r30, 0x01	; 1
     3f6:	df 01       	movw	r26, r30
     3f8:	68 2e       	mov	r6, r24
     3fa:	1d 92       	st	X+, r1
     3fc:	6a 94       	dec	r6
     3fe:	e9 f7       	brne	.-6      	; 0x3fa <__divdi3+0x1c>
     400:	29 83       	std	Y+1, r18	; 0x01
     402:	3a 83       	std	Y+2, r19	; 0x02
     404:	4b 83       	std	Y+3, r20	; 0x03
     406:	5c 83       	std	Y+4, r21	; 0x04
     408:	6d 83       	std	Y+5, r22	; 0x05
     40a:	7e 83       	std	Y+6, r23	; 0x06
     40c:	9f 82       	std	Y+7, r9	; 0x07
     40e:	98 87       	std	Y+8, r25	; 0x08
     410:	fe 01       	movw	r30, r28
     412:	39 96       	adiw	r30, 0x09	; 9
     414:	df 01       	movw	r26, r30
     416:	1d 92       	st	X+, r1
     418:	8a 95       	dec	r24
     41a:	e9 f7       	brne	.-6      	; 0x416 <__divdi3+0x38>
     41c:	a9 86       	std	Y+9, r10	; 0x09
     41e:	ba 86       	std	Y+10, r11	; 0x0a
     420:	cb 86       	std	Y+11, r12	; 0x0b
     422:	dc 86       	std	Y+12, r13	; 0x0c
     424:	ed 86       	std	Y+13, r14	; 0x0d
     426:	fe 86       	std	Y+14, r15	; 0x0e
     428:	0f 87       	std	Y+15, r16	; 0x0f
     42a:	18 8b       	std	Y+16, r17	; 0x10
     42c:	8d 81       	ldd	r24, Y+5	; 0x05
     42e:	9e 81       	ldd	r25, Y+6	; 0x06
     430:	af 81       	ldd	r26, Y+7	; 0x07
     432:	b8 85       	ldd	r27, Y+8	; 0x08
     434:	b7 fd       	sbrc	r27, 7
     436:	07 c0       	rjmp	.+14     	; 0x446 <__divdi3+0x68>
     438:	e1 96       	adiw	r28, 0x31	; 49
     43a:	1c ae       	std	Y+60, r1	; 0x3c
     43c:	1d ae       	std	Y+61, r1	; 0x3d
     43e:	1e ae       	std	Y+62, r1	; 0x3e
     440:	1f ae       	std	Y+63, r1	; 0x3f
     442:	e1 97       	sbiw	r28, 0x31	; 49
     444:	64 c0       	rjmp	.+200    	; 0x50e <__divdi3+0x130>
     446:	21 95       	neg	r18
     448:	81 e0       	ldi	r24, 0x01	; 1
     44a:	12 16       	cp	r1, r18
     44c:	08 f0       	brcs	.+2      	; 0x450 <__divdi3+0x72>
     44e:	80 e0       	ldi	r24, 0x00	; 0
     450:	31 95       	neg	r19
     452:	91 e0       	ldi	r25, 0x01	; 1
     454:	13 16       	cp	r1, r19
     456:	08 f0       	brcs	.+2      	; 0x45a <__divdi3+0x7c>
     458:	90 e0       	ldi	r25, 0x00	; 0
     45a:	b3 2f       	mov	r27, r19
     45c:	b8 1b       	sub	r27, r24
     45e:	81 e0       	ldi	r24, 0x01	; 1
     460:	3b 17       	cp	r19, r27
     462:	08 f0       	brcs	.+2      	; 0x466 <__divdi3+0x88>
     464:	80 e0       	ldi	r24, 0x00	; 0
     466:	98 2b       	or	r25, r24
     468:	41 95       	neg	r20
     46a:	31 e0       	ldi	r19, 0x01	; 1
     46c:	14 16       	cp	r1, r20
     46e:	08 f0       	brcs	.+2      	; 0x472 <__divdi3+0x94>
     470:	30 e0       	ldi	r19, 0x00	; 0
     472:	a4 2f       	mov	r26, r20
     474:	a9 1b       	sub	r26, r25
     476:	81 e0       	ldi	r24, 0x01	; 1
     478:	4a 17       	cp	r20, r26
     47a:	08 f0       	brcs	.+2      	; 0x47e <__divdi3+0xa0>
     47c:	80 e0       	ldi	r24, 0x00	; 0
     47e:	38 2b       	or	r19, r24
     480:	51 95       	neg	r21
     482:	91 e0       	ldi	r25, 0x01	; 1
     484:	15 16       	cp	r1, r21
     486:	08 f0       	brcs	.+2      	; 0x48a <__divdi3+0xac>
     488:	90 e0       	ldi	r25, 0x00	; 0
     48a:	f5 2f       	mov	r31, r21
     48c:	f3 1b       	sub	r31, r19
     48e:	81 e0       	ldi	r24, 0x01	; 1
     490:	5f 17       	cp	r21, r31
     492:	08 f0       	brcs	.+2      	; 0x496 <__divdi3+0xb8>
     494:	80 e0       	ldi	r24, 0x00	; 0
     496:	98 2b       	or	r25, r24
     498:	61 95       	neg	r22
     49a:	31 e0       	ldi	r19, 0x01	; 1
     49c:	16 16       	cp	r1, r22
     49e:	08 f0       	brcs	.+2      	; 0x4a2 <__divdi3+0xc4>
     4a0:	30 e0       	ldi	r19, 0x00	; 0
     4a2:	e6 2f       	mov	r30, r22
     4a4:	e9 1b       	sub	r30, r25
     4a6:	81 e0       	ldi	r24, 0x01	; 1
     4a8:	6e 17       	cp	r22, r30
     4aa:	08 f0       	brcs	.+2      	; 0x4ae <__divdi3+0xd0>
     4ac:	80 e0       	ldi	r24, 0x00	; 0
     4ae:	38 2b       	or	r19, r24
     4b0:	71 95       	neg	r23
     4b2:	41 e0       	ldi	r20, 0x01	; 1
     4b4:	17 16       	cp	r1, r23
     4b6:	08 f0       	brcs	.+2      	; 0x4ba <__divdi3+0xdc>
     4b8:	40 e0       	ldi	r20, 0x00	; 0
     4ba:	57 2f       	mov	r21, r23
     4bc:	53 1b       	sub	r21, r19
     4be:	81 e0       	ldi	r24, 0x01	; 1
     4c0:	75 17       	cp	r23, r21
     4c2:	08 f0       	brcs	.+2      	; 0x4c6 <__divdi3+0xe8>
     4c4:	80 e0       	ldi	r24, 0x00	; 0
     4c6:	48 2b       	or	r20, r24
     4c8:	89 2d       	mov	r24, r9
     4ca:	81 95       	neg	r24
     4cc:	91 e0       	ldi	r25, 0x01	; 1
     4ce:	18 16       	cp	r1, r24
     4d0:	08 f0       	brcs	.+2      	; 0x4d4 <__divdi3+0xf6>
     4d2:	90 e0       	ldi	r25, 0x00	; 0
     4d4:	68 2e       	mov	r6, r24
     4d6:	64 1a       	sub	r6, r20
     4d8:	46 2d       	mov	r20, r6
     4da:	31 e0       	ldi	r19, 0x01	; 1
     4dc:	86 15       	cp	r24, r6
     4de:	08 f0       	brcs	.+2      	; 0x4e2 <__divdi3+0x104>
     4e0:	30 e0       	ldi	r19, 0x00	; 0
     4e2:	93 2b       	or	r25, r19
     4e4:	88 2d       	mov	r24, r8
     4e6:	81 95       	neg	r24
     4e8:	89 1b       	sub	r24, r25
     4ea:	29 83       	std	Y+1, r18	; 0x01
     4ec:	ba 83       	std	Y+2, r27	; 0x02
     4ee:	ab 83       	std	Y+3, r26	; 0x03
     4f0:	fc 83       	std	Y+4, r31	; 0x04
     4f2:	ed 83       	std	Y+5, r30	; 0x05
     4f4:	5e 83       	std	Y+6, r21	; 0x06
     4f6:	4f 83       	std	Y+7, r20	; 0x07
     4f8:	88 87       	std	Y+8, r24	; 0x08
     4fa:	2f ef       	ldi	r18, 0xFF	; 255
     4fc:	3f ef       	ldi	r19, 0xFF	; 255
     4fe:	4f ef       	ldi	r20, 0xFF	; 255
     500:	5f ef       	ldi	r21, 0xFF	; 255
     502:	e1 96       	adiw	r28, 0x31	; 49
     504:	2c af       	std	Y+60, r18	; 0x3c
     506:	3d af       	std	Y+61, r19	; 0x3d
     508:	4e af       	std	Y+62, r20	; 0x3e
     50a:	5f af       	std	Y+63, r21	; 0x3f
     50c:	e1 97       	sbiw	r28, 0x31	; 49
     50e:	8d 85       	ldd	r24, Y+13	; 0x0d
     510:	9e 85       	ldd	r25, Y+14	; 0x0e
     512:	af 85       	ldd	r26, Y+15	; 0x0f
     514:	b8 89       	ldd	r27, Y+16	; 0x10
     516:	b7 ff       	sbrs	r27, 7
     518:	6a c0       	rjmp	.+212    	; 0x5ee <__divdi3+0x210>
     51a:	e1 96       	adiw	r28, 0x31	; 49
     51c:	4c ad       	ldd	r20, Y+60	; 0x3c
     51e:	5d ad       	ldd	r21, Y+61	; 0x3d
     520:	6e ad       	ldd	r22, Y+62	; 0x3e
     522:	7f ad       	ldd	r23, Y+63	; 0x3f
     524:	e1 97       	sbiw	r28, 0x31	; 49
     526:	40 95       	com	r20
     528:	50 95       	com	r21
     52a:	60 95       	com	r22
     52c:	70 95       	com	r23
     52e:	e1 96       	adiw	r28, 0x31	; 49
     530:	4c af       	std	Y+60, r20	; 0x3c
     532:	5d af       	std	Y+61, r21	; 0x3d
     534:	6e af       	std	Y+62, r22	; 0x3e
     536:	7f af       	std	Y+63, r23	; 0x3f
     538:	e1 97       	sbiw	r28, 0x31	; 49
     53a:	a1 94       	neg	r10
     53c:	81 e0       	ldi	r24, 0x01	; 1
     53e:	1a 14       	cp	r1, r10
     540:	08 f0       	brcs	.+2      	; 0x544 <__divdi3+0x166>
     542:	80 e0       	ldi	r24, 0x00	; 0
     544:	b1 94       	neg	r11
     546:	91 e0       	ldi	r25, 0x01	; 1
     548:	1b 14       	cp	r1, r11
     54a:	08 f0       	brcs	.+2      	; 0x54e <__divdi3+0x170>
     54c:	90 e0       	ldi	r25, 0x00	; 0
     54e:	6b 2d       	mov	r22, r11
     550:	68 1b       	sub	r22, r24
     552:	81 e0       	ldi	r24, 0x01	; 1
     554:	b6 16       	cp	r11, r22
     556:	08 f0       	brcs	.+2      	; 0x55a <__divdi3+0x17c>
     558:	80 e0       	ldi	r24, 0x00	; 0
     55a:	98 2b       	or	r25, r24
     55c:	c1 94       	neg	r12
     55e:	21 e0       	ldi	r18, 0x01	; 1
     560:	1c 14       	cp	r1, r12
     562:	08 f0       	brcs	.+2      	; 0x566 <__divdi3+0x188>
     564:	20 e0       	ldi	r18, 0x00	; 0
     566:	5c 2d       	mov	r21, r12
     568:	59 1b       	sub	r21, r25
     56a:	81 e0       	ldi	r24, 0x01	; 1
     56c:	c5 16       	cp	r12, r21
     56e:	08 f0       	brcs	.+2      	; 0x572 <__divdi3+0x194>
     570:	80 e0       	ldi	r24, 0x00	; 0
     572:	28 2b       	or	r18, r24
     574:	d1 94       	neg	r13
     576:	91 e0       	ldi	r25, 0x01	; 1
     578:	1d 14       	cp	r1, r13
     57a:	08 f0       	brcs	.+2      	; 0x57e <__divdi3+0x1a0>
     57c:	90 e0       	ldi	r25, 0x00	; 0
     57e:	4d 2d       	mov	r20, r13
     580:	42 1b       	sub	r20, r18
     582:	81 e0       	ldi	r24, 0x01	; 1
     584:	d4 16       	cp	r13, r20
     586:	08 f0       	brcs	.+2      	; 0x58a <__divdi3+0x1ac>
     588:	80 e0       	ldi	r24, 0x00	; 0
     58a:	98 2b       	or	r25, r24
     58c:	e1 94       	neg	r14
     58e:	21 e0       	ldi	r18, 0x01	; 1
     590:	1e 14       	cp	r1, r14
     592:	08 f0       	brcs	.+2      	; 0x596 <__divdi3+0x1b8>
     594:	20 e0       	ldi	r18, 0x00	; 0
     596:	3e 2d       	mov	r19, r14
     598:	39 1b       	sub	r19, r25
     59a:	81 e0       	ldi	r24, 0x01	; 1
     59c:	e3 16       	cp	r14, r19
     59e:	08 f0       	brcs	.+2      	; 0x5a2 <__divdi3+0x1c4>
     5a0:	80 e0       	ldi	r24, 0x00	; 0
     5a2:	28 2b       	or	r18, r24
     5a4:	f1 94       	neg	r15
     5a6:	91 e0       	ldi	r25, 0x01	; 1
     5a8:	1f 14       	cp	r1, r15
     5aa:	08 f0       	brcs	.+2      	; 0x5ae <__divdi3+0x1d0>
     5ac:	90 e0       	ldi	r25, 0x00	; 0
     5ae:	7f 2d       	mov	r23, r15
     5b0:	72 1b       	sub	r23, r18
     5b2:	27 2f       	mov	r18, r23
     5b4:	81 e0       	ldi	r24, 0x01	; 1
     5b6:	f7 16       	cp	r15, r23
     5b8:	08 f0       	brcs	.+2      	; 0x5bc <__divdi3+0x1de>
     5ba:	80 e0       	ldi	r24, 0x00	; 0
     5bc:	98 2b       	or	r25, r24
     5be:	01 95       	neg	r16
     5c0:	11 e0       	ldi	r17, 0x01	; 1
     5c2:	10 16       	cp	r1, r16
     5c4:	08 f0       	brcs	.+2      	; 0x5c8 <__divdi3+0x1ea>
     5c6:	10 e0       	ldi	r17, 0x00	; 0
     5c8:	80 2f       	mov	r24, r16
     5ca:	89 1b       	sub	r24, r25
     5cc:	98 2f       	mov	r25, r24
     5ce:	81 e0       	ldi	r24, 0x01	; 1
     5d0:	09 17       	cp	r16, r25
     5d2:	08 f0       	brcs	.+2      	; 0x5d6 <__divdi3+0x1f8>
     5d4:	80 e0       	ldi	r24, 0x00	; 0
     5d6:	18 2b       	or	r17, r24
     5d8:	87 2d       	mov	r24, r7
     5da:	81 95       	neg	r24
     5dc:	81 1b       	sub	r24, r17
     5de:	a9 86       	std	Y+9, r10	; 0x09
     5e0:	6a 87       	std	Y+10, r22	; 0x0a
     5e2:	5b 87       	std	Y+11, r21	; 0x0b
     5e4:	4c 87       	std	Y+12, r20	; 0x0c
     5e6:	3d 87       	std	Y+13, r19	; 0x0d
     5e8:	2e 87       	std	Y+14, r18	; 0x0e
     5ea:	9f 87       	std	Y+15, r25	; 0x0f
     5ec:	88 8b       	std	Y+16, r24	; 0x10
     5ee:	99 81       	ldd	r25, Y+1	; 0x01
     5f0:	2a 81       	ldd	r18, Y+2	; 0x02
     5f2:	3b 81       	ldd	r19, Y+3	; 0x03
     5f4:	4c 81       	ldd	r20, Y+4	; 0x04
     5f6:	5d 81       	ldd	r21, Y+5	; 0x05
     5f8:	6e 81       	ldd	r22, Y+6	; 0x06
     5fa:	7f 81       	ldd	r23, Y+7	; 0x07
     5fc:	a8 85       	ldd	r26, Y+8	; 0x08
     5fe:	b9 85       	ldd	r27, Y+9	; 0x09
     600:	1a 85       	ldd	r17, Y+10	; 0x0a
     602:	0b 85       	ldd	r16, Y+11	; 0x0b
     604:	fc 84       	ldd	r15, Y+12	; 0x0c
     606:	ed 84       	ldd	r14, Y+13	; 0x0d
     608:	de 84       	ldd	r13, Y+14	; 0x0e
     60a:	cf 84       	ldd	r12, Y+15	; 0x0f
     60c:	b8 88       	ldd	r11, Y+16	; 0x10
     60e:	88 e0       	ldi	r24, 0x08	; 8
     610:	e1 e1       	ldi	r30, 0x11	; 17
     612:	8e 2e       	mov	r8, r30
     614:	91 2c       	mov	r9, r1
     616:	8c 0e       	add	r8, r28
     618:	9d 1e       	adc	r9, r29
     61a:	f4 01       	movw	r30, r8
     61c:	68 2e       	mov	r6, r24
     61e:	11 92       	st	Z+, r1
     620:	6a 94       	dec	r6
     622:	e9 f7       	brne	.-6      	; 0x61e <__divdi3+0x240>
     624:	99 8b       	std	Y+17, r25	; 0x11
     626:	2a 8b       	std	Y+18, r18	; 0x12
     628:	3b 8b       	std	Y+19, r19	; 0x13
     62a:	4c 8b       	std	Y+20, r20	; 0x14
     62c:	5d 8b       	std	Y+21, r21	; 0x15
     62e:	6e 8b       	std	Y+22, r22	; 0x16
     630:	7f 8b       	std	Y+23, r23	; 0x17
     632:	a8 8f       	std	Y+24, r26	; 0x18
     634:	9e 01       	movw	r18, r28
     636:	27 5e       	subi	r18, 0xE7	; 231
     638:	3f 4f       	sbci	r19, 0xFF	; 255
     63a:	f9 01       	movw	r30, r18
     63c:	11 92       	st	Z+, r1
     63e:	8a 95       	dec	r24
     640:	e9 f7       	brne	.-6      	; 0x63c <__divdi3+0x25e>
     642:	b9 8f       	std	Y+25, r27	; 0x19
     644:	1a 8f       	std	Y+26, r17	; 0x1a
     646:	0b 8f       	std	Y+27, r16	; 0x1b
     648:	fc 8e       	std	Y+28, r15	; 0x1c
     64a:	ed 8e       	std	Y+29, r14	; 0x1d
     64c:	de 8e       	std	Y+30, r13	; 0x1e
     64e:	cf 8e       	std	Y+31, r12	; 0x1f
     650:	b8 a2       	std	Y+32, r11	; 0x20
     652:	29 8c       	ldd	r2, Y+25	; 0x19
     654:	3a 8c       	ldd	r3, Y+26	; 0x1a
     656:	4b 8c       	ldd	r4, Y+27	; 0x1b
     658:	5c 8c       	ldd	r5, Y+28	; 0x1c
     65a:	ed 8c       	ldd	r14, Y+29	; 0x1d
     65c:	fe 8c       	ldd	r15, Y+30	; 0x1e
     65e:	0f 8d       	ldd	r16, Y+31	; 0x1f
     660:	18 a1       	ldd	r17, Y+32	; 0x20
     662:	69 88       	ldd	r6, Y+17	; 0x11
     664:	7a 88       	ldd	r7, Y+18	; 0x12
     666:	8b 88       	ldd	r8, Y+19	; 0x13
     668:	9c 88       	ldd	r9, Y+20	; 0x14
     66a:	21 96       	adiw	r28, 0x01	; 1
     66c:	6c ae       	std	Y+60, r6	; 0x3c
     66e:	7d ae       	std	Y+61, r7	; 0x3d
     670:	8e ae       	std	Y+62, r8	; 0x3e
     672:	9f ae       	std	Y+63, r9	; 0x3f
     674:	21 97       	sbiw	r28, 0x01	; 1
     676:	6d 88       	ldd	r6, Y+21	; 0x15
     678:	7e 88       	ldd	r7, Y+22	; 0x16
     67a:	8f 88       	ldd	r8, Y+23	; 0x17
     67c:	98 8c       	ldd	r9, Y+24	; 0x18
     67e:	e1 14       	cp	r14, r1
     680:	f1 04       	cpc	r15, r1
     682:	01 05       	cpc	r16, r1
     684:	11 05       	cpc	r17, r1
     686:	09 f0       	breq	.+2      	; 0x68a <__divdi3+0x2ac>
     688:	d9 c3       	rjmp	.+1970   	; 0xe3c <__stack+0x5dd>
     68a:	62 14       	cp	r6, r2
     68c:	73 04       	cpc	r7, r3
     68e:	84 04       	cpc	r8, r4
     690:	95 04       	cpc	r9, r5
     692:	08 f0       	brcs	.+2      	; 0x696 <__divdi3+0x2b8>
     694:	57 c1       	rjmp	.+686    	; 0x944 <__stack+0xe5>
     696:	00 e0       	ldi	r16, 0x00	; 0
     698:	20 16       	cp	r2, r16
     69a:	00 e0       	ldi	r16, 0x00	; 0
     69c:	30 06       	cpc	r3, r16
     69e:	01 e0       	ldi	r16, 0x01	; 1
     6a0:	40 06       	cpc	r4, r16
     6a2:	00 e0       	ldi	r16, 0x00	; 0
     6a4:	50 06       	cpc	r5, r16
     6a6:	88 f4       	brcc	.+34     	; 0x6ca <__divdi3+0x2ec>
     6a8:	1f ef       	ldi	r17, 0xFF	; 255
     6aa:	21 16       	cp	r2, r17
     6ac:	31 04       	cpc	r3, r1
     6ae:	41 04       	cpc	r4, r1
     6b0:	51 04       	cpc	r5, r1
     6b2:	39 f0       	breq	.+14     	; 0x6c2 <__divdi3+0x2e4>
     6b4:	30 f0       	brcs	.+12     	; 0x6c2 <__divdi3+0x2e4>
     6b6:	48 e0       	ldi	r20, 0x08	; 8
     6b8:	e4 2e       	mov	r14, r20
     6ba:	f1 2c       	mov	r15, r1
     6bc:	01 2d       	mov	r16, r1
     6be:	11 2d       	mov	r17, r1
     6c0:	18 c0       	rjmp	.+48     	; 0x6f2 <__divdi3+0x314>
     6c2:	ee 24       	eor	r14, r14
     6c4:	ff 24       	eor	r15, r15
     6c6:	87 01       	movw	r16, r14
     6c8:	14 c0       	rjmp	.+40     	; 0x6f2 <__divdi3+0x314>
     6ca:	20 e0       	ldi	r18, 0x00	; 0
     6cc:	22 16       	cp	r2, r18
     6ce:	20 e0       	ldi	r18, 0x00	; 0
     6d0:	32 06       	cpc	r3, r18
     6d2:	20 e0       	ldi	r18, 0x00	; 0
     6d4:	42 06       	cpc	r4, r18
     6d6:	21 e0       	ldi	r18, 0x01	; 1
     6d8:	52 06       	cpc	r5, r18
     6da:	30 f0       	brcs	.+12     	; 0x6e8 <__divdi3+0x30a>
     6dc:	38 e1       	ldi	r19, 0x18	; 24
     6de:	e3 2e       	mov	r14, r19
     6e0:	f1 2c       	mov	r15, r1
     6e2:	01 2d       	mov	r16, r1
     6e4:	11 2d       	mov	r17, r1
     6e6:	05 c0       	rjmp	.+10     	; 0x6f2 <__divdi3+0x314>
     6e8:	20 e1       	ldi	r18, 0x10	; 16
     6ea:	e2 2e       	mov	r14, r18
     6ec:	f1 2c       	mov	r15, r1
     6ee:	01 2d       	mov	r16, r1
     6f0:	11 2d       	mov	r17, r1
     6f2:	d2 01       	movw	r26, r4
     6f4:	c1 01       	movw	r24, r2
     6f6:	0e 2c       	mov	r0, r14
     6f8:	04 c0       	rjmp	.+8      	; 0x702 <__divdi3+0x324>
     6fa:	b6 95       	lsr	r27
     6fc:	a7 95       	ror	r26
     6fe:	97 95       	ror	r25
     700:	87 95       	ror	r24
     702:	0a 94       	dec	r0
     704:	d2 f7       	brpl	.-12     	; 0x6fa <__divdi3+0x31c>
     706:	83 57       	subi	r24, 0x73	; 115
     708:	9f 4f       	sbci	r25, 0xFF	; 255
     70a:	dc 01       	movw	r26, r24
     70c:	2c 91       	ld	r18, X
     70e:	80 e2       	ldi	r24, 0x20	; 32
     710:	90 e0       	ldi	r25, 0x00	; 0
     712:	a0 e0       	ldi	r26, 0x00	; 0
     714:	b0 e0       	ldi	r27, 0x00	; 0
     716:	8e 19       	sub	r24, r14
     718:	9f 09       	sbc	r25, r15
     71a:	a0 0b       	sbc	r26, r16
     71c:	b1 0b       	sbc	r27, r17
     71e:	7c 01       	movw	r14, r24
     720:	8d 01       	movw	r16, r26
     722:	e2 1a       	sub	r14, r18
     724:	f1 08       	sbc	r15, r1
     726:	01 09       	sbc	r16, r1
     728:	11 09       	sbc	r17, r1
     72a:	e1 14       	cp	r14, r1
     72c:	f1 04       	cpc	r15, r1
     72e:	01 05       	cpc	r16, r1
     730:	11 05       	cpc	r17, r1
     732:	d1 f1       	breq	.+116    	; 0x7a8 <__divdi3+0x3ca>
     734:	0e 2c       	mov	r0, r14
     736:	04 c0       	rjmp	.+8      	; 0x740 <__divdi3+0x362>
     738:	22 0c       	add	r2, r2
     73a:	33 1c       	adc	r3, r3
     73c:	44 1c       	adc	r4, r4
     73e:	55 1c       	adc	r5, r5
     740:	0a 94       	dec	r0
     742:	d2 f7       	brpl	.-12     	; 0x738 <__divdi3+0x35a>
     744:	a4 01       	movw	r20, r8
     746:	93 01       	movw	r18, r6
     748:	0e 2c       	mov	r0, r14
     74a:	04 c0       	rjmp	.+8      	; 0x754 <__divdi3+0x376>
     74c:	22 0f       	add	r18, r18
     74e:	33 1f       	adc	r19, r19
     750:	44 1f       	adc	r20, r20
     752:	55 1f       	adc	r21, r21
     754:	0a 94       	dec	r0
     756:	d2 f7       	brpl	.-12     	; 0x74c <__divdi3+0x36e>
     758:	80 e2       	ldi	r24, 0x20	; 32
     75a:	90 e0       	ldi	r25, 0x00	; 0
     75c:	8e 19       	sub	r24, r14
     75e:	9f 09       	sbc	r25, r15
     760:	21 96       	adiw	r28, 0x01	; 1
     762:	6c ac       	ldd	r6, Y+60	; 0x3c
     764:	7d ac       	ldd	r7, Y+61	; 0x3d
     766:	8e ac       	ldd	r8, Y+62	; 0x3e
     768:	9f ac       	ldd	r9, Y+63	; 0x3f
     76a:	21 97       	sbiw	r28, 0x01	; 1
     76c:	04 c0       	rjmp	.+8      	; 0x776 <__divdi3+0x398>
     76e:	96 94       	lsr	r9
     770:	87 94       	ror	r8
     772:	77 94       	ror	r7
     774:	67 94       	ror	r6
     776:	8a 95       	dec	r24
     778:	d2 f7       	brpl	.-12     	; 0x76e <__divdi3+0x390>
     77a:	62 2a       	or	r6, r18
     77c:	73 2a       	or	r7, r19
     77e:	84 2a       	or	r8, r20
     780:	95 2a       	or	r9, r21
     782:	21 96       	adiw	r28, 0x01	; 1
     784:	ac ac       	ldd	r10, Y+60	; 0x3c
     786:	bd ac       	ldd	r11, Y+61	; 0x3d
     788:	ce ac       	ldd	r12, Y+62	; 0x3e
     78a:	df ac       	ldd	r13, Y+63	; 0x3f
     78c:	21 97       	sbiw	r28, 0x01	; 1
     78e:	04 c0       	rjmp	.+8      	; 0x798 <__divdi3+0x3ba>
     790:	aa 0c       	add	r10, r10
     792:	bb 1c       	adc	r11, r11
     794:	cc 1c       	adc	r12, r12
     796:	dd 1c       	adc	r13, r13
     798:	ea 94       	dec	r14
     79a:	d2 f7       	brpl	.-12     	; 0x790 <__divdi3+0x3b2>
     79c:	21 96       	adiw	r28, 0x01	; 1
     79e:	ac ae       	std	Y+60, r10	; 0x3c
     7a0:	bd ae       	std	Y+61, r11	; 0x3d
     7a2:	ce ae       	std	Y+62, r12	; 0x3e
     7a4:	df ae       	std	Y+63, r13	; 0x3f
     7a6:	21 97       	sbiw	r28, 0x01	; 1
     7a8:	62 01       	movw	r12, r4
     7aa:	ee 24       	eor	r14, r14
     7ac:	ff 24       	eor	r15, r15
     7ae:	29 96       	adiw	r28, 0x09	; 9
     7b0:	cc ae       	std	Y+60, r12	; 0x3c
     7b2:	dd ae       	std	Y+61, r13	; 0x3d
     7b4:	ee ae       	std	Y+62, r14	; 0x3e
     7b6:	ff ae       	std	Y+63, r15	; 0x3f
     7b8:	29 97       	sbiw	r28, 0x09	; 9
     7ba:	92 01       	movw	r18, r4
     7bc:	81 01       	movw	r16, r2
     7be:	20 70       	andi	r18, 0x00	; 0
     7c0:	30 70       	andi	r19, 0x00	; 0
     7c2:	2d 96       	adiw	r28, 0x0d	; 13
     7c4:	0c af       	std	Y+60, r16	; 0x3c
     7c6:	1d af       	std	Y+61, r17	; 0x3d
     7c8:	2e af       	std	Y+62, r18	; 0x3e
     7ca:	3f af       	std	Y+63, r19	; 0x3f
     7cc:	2d 97       	sbiw	r28, 0x0d	; 13
     7ce:	c4 01       	movw	r24, r8
     7d0:	b3 01       	movw	r22, r6
     7d2:	a7 01       	movw	r20, r14
     7d4:	96 01       	movw	r18, r12
     7d6:	0e 94 e1 30 	call	0x61c2	; 0x61c2 <__udivmodsi4>
     7da:	7b 01       	movw	r14, r22
     7dc:	8c 01       	movw	r16, r24
     7de:	c4 01       	movw	r24, r8
     7e0:	b3 01       	movw	r22, r6
     7e2:	29 96       	adiw	r28, 0x09	; 9
     7e4:	2c ad       	ldd	r18, Y+60	; 0x3c
     7e6:	3d ad       	ldd	r19, Y+61	; 0x3d
     7e8:	4e ad       	ldd	r20, Y+62	; 0x3e
     7ea:	5f ad       	ldd	r21, Y+63	; 0x3f
     7ec:	29 97       	sbiw	r28, 0x09	; 9
     7ee:	0e 94 e1 30 	call	0x61c2	; 0x61c2 <__udivmodsi4>
     7f2:	c9 01       	movw	r24, r18
     7f4:	da 01       	movw	r26, r20
     7f6:	3c 01       	movw	r6, r24
     7f8:	4d 01       	movw	r8, r26
     7fa:	c4 01       	movw	r24, r8
     7fc:	b3 01       	movw	r22, r6
     7fe:	2d 96       	adiw	r28, 0x0d	; 13
     800:	2c ad       	ldd	r18, Y+60	; 0x3c
     802:	3d ad       	ldd	r19, Y+61	; 0x3d
     804:	4e ad       	ldd	r20, Y+62	; 0x3e
     806:	5f ad       	ldd	r21, Y+63	; 0x3f
     808:	2d 97       	sbiw	r28, 0x0d	; 13
     80a:	0e 94 c2 30 	call	0x6184	; 0x6184 <__mulsi3>
     80e:	9b 01       	movw	r18, r22
     810:	ac 01       	movw	r20, r24
     812:	87 01       	movw	r16, r14
     814:	ff 24       	eor	r15, r15
     816:	ee 24       	eor	r14, r14
     818:	21 96       	adiw	r28, 0x01	; 1
     81a:	ac ac       	ldd	r10, Y+60	; 0x3c
     81c:	bd ac       	ldd	r11, Y+61	; 0x3d
     81e:	ce ac       	ldd	r12, Y+62	; 0x3e
     820:	df ac       	ldd	r13, Y+63	; 0x3f
     822:	21 97       	sbiw	r28, 0x01	; 1
     824:	c6 01       	movw	r24, r12
     826:	aa 27       	eor	r26, r26
     828:	bb 27       	eor	r27, r27
     82a:	57 01       	movw	r10, r14
     82c:	68 01       	movw	r12, r16
     82e:	a8 2a       	or	r10, r24
     830:	b9 2a       	or	r11, r25
     832:	ca 2a       	or	r12, r26
     834:	db 2a       	or	r13, r27
     836:	a2 16       	cp	r10, r18
     838:	b3 06       	cpc	r11, r19
     83a:	c4 06       	cpc	r12, r20
     83c:	d5 06       	cpc	r13, r21
     83e:	e0 f4       	brcc	.+56     	; 0x878 <__stack+0x19>
     840:	08 94       	sec
     842:	61 08       	sbc	r6, r1
     844:	71 08       	sbc	r7, r1
     846:	81 08       	sbc	r8, r1
     848:	91 08       	sbc	r9, r1
     84a:	a2 0c       	add	r10, r2
     84c:	b3 1c       	adc	r11, r3
     84e:	c4 1c       	adc	r12, r4
     850:	d5 1c       	adc	r13, r5
     852:	a2 14       	cp	r10, r2
     854:	b3 04       	cpc	r11, r3
     856:	c4 04       	cpc	r12, r4
     858:	d5 04       	cpc	r13, r5
     85a:	70 f0       	brcs	.+28     	; 0x878 <__stack+0x19>
     85c:	a2 16       	cp	r10, r18
     85e:	b3 06       	cpc	r11, r19
     860:	c4 06       	cpc	r12, r20
     862:	d5 06       	cpc	r13, r21
     864:	48 f4       	brcc	.+18     	; 0x878 <__stack+0x19>
     866:	08 94       	sec
     868:	61 08       	sbc	r6, r1
     86a:	71 08       	sbc	r7, r1
     86c:	81 08       	sbc	r8, r1
     86e:	91 08       	sbc	r9, r1
     870:	a2 0c       	add	r10, r2
     872:	b3 1c       	adc	r11, r3
     874:	c4 1c       	adc	r12, r4
     876:	d5 1c       	adc	r13, r5
     878:	a2 1a       	sub	r10, r18
     87a:	b3 0a       	sbc	r11, r19
     87c:	c4 0a       	sbc	r12, r20
     87e:	d5 0a       	sbc	r13, r21
     880:	c6 01       	movw	r24, r12
     882:	b5 01       	movw	r22, r10
     884:	29 96       	adiw	r28, 0x09	; 9
     886:	2c ad       	ldd	r18, Y+60	; 0x3c
     888:	3d ad       	ldd	r19, Y+61	; 0x3d
     88a:	4e ad       	ldd	r20, Y+62	; 0x3e
     88c:	5f ad       	ldd	r21, Y+63	; 0x3f
     88e:	29 97       	sbiw	r28, 0x09	; 9
     890:	0e 94 e1 30 	call	0x61c2	; 0x61c2 <__udivmodsi4>
     894:	7b 01       	movw	r14, r22
     896:	8c 01       	movw	r16, r24
     898:	c6 01       	movw	r24, r12
     89a:	b5 01       	movw	r22, r10
     89c:	29 96       	adiw	r28, 0x09	; 9
     89e:	2c ad       	ldd	r18, Y+60	; 0x3c
     8a0:	3d ad       	ldd	r19, Y+61	; 0x3d
     8a2:	4e ad       	ldd	r20, Y+62	; 0x3e
     8a4:	5f ad       	ldd	r21, Y+63	; 0x3f
     8a6:	29 97       	sbiw	r28, 0x09	; 9
     8a8:	0e 94 e1 30 	call	0x61c2	; 0x61c2 <__udivmodsi4>
     8ac:	c9 01       	movw	r24, r18
     8ae:	da 01       	movw	r26, r20
     8b0:	5c 01       	movw	r10, r24
     8b2:	6d 01       	movw	r12, r26
     8b4:	c6 01       	movw	r24, r12
     8b6:	b5 01       	movw	r22, r10
     8b8:	2d 96       	adiw	r28, 0x0d	; 13
     8ba:	2c ad       	ldd	r18, Y+60	; 0x3c
     8bc:	3d ad       	ldd	r19, Y+61	; 0x3d
     8be:	4e ad       	ldd	r20, Y+62	; 0x3e
     8c0:	5f ad       	ldd	r21, Y+63	; 0x3f
     8c2:	2d 97       	sbiw	r28, 0x0d	; 13
     8c4:	0e 94 c2 30 	call	0x6184	; 0x6184 <__mulsi3>
     8c8:	9b 01       	movw	r18, r22
     8ca:	ac 01       	movw	r20, r24
     8cc:	87 01       	movw	r16, r14
     8ce:	ff 24       	eor	r15, r15
     8d0:	ee 24       	eor	r14, r14
     8d2:	21 96       	adiw	r28, 0x01	; 1
     8d4:	8c ad       	ldd	r24, Y+60	; 0x3c
     8d6:	9d ad       	ldd	r25, Y+61	; 0x3d
     8d8:	ae ad       	ldd	r26, Y+62	; 0x3e
     8da:	bf ad       	ldd	r27, Y+63	; 0x3f
     8dc:	21 97       	sbiw	r28, 0x01	; 1
     8de:	a0 70       	andi	r26, 0x00	; 0
     8e0:	b0 70       	andi	r27, 0x00	; 0
     8e2:	e8 2a       	or	r14, r24
     8e4:	f9 2a       	or	r15, r25
     8e6:	0a 2b       	or	r16, r26
     8e8:	1b 2b       	or	r17, r27
     8ea:	e2 16       	cp	r14, r18
     8ec:	f3 06       	cpc	r15, r19
     8ee:	04 07       	cpc	r16, r20
     8f0:	15 07       	cpc	r17, r21
     8f2:	c0 f4       	brcc	.+48     	; 0x924 <__stack+0xc5>
     8f4:	08 94       	sec
     8f6:	a1 08       	sbc	r10, r1
     8f8:	b1 08       	sbc	r11, r1
     8fa:	c1 08       	sbc	r12, r1
     8fc:	d1 08       	sbc	r13, r1
     8fe:	e2 0c       	add	r14, r2
     900:	f3 1c       	adc	r15, r3
     902:	04 1d       	adc	r16, r4
     904:	15 1d       	adc	r17, r5
     906:	e2 14       	cp	r14, r2
     908:	f3 04       	cpc	r15, r3
     90a:	04 05       	cpc	r16, r4
     90c:	15 05       	cpc	r17, r5
     90e:	50 f0       	brcs	.+20     	; 0x924 <__stack+0xc5>
     910:	e2 16       	cp	r14, r18
     912:	f3 06       	cpc	r15, r19
     914:	04 07       	cpc	r16, r20
     916:	15 07       	cpc	r17, r21
     918:	28 f4       	brcc	.+10     	; 0x924 <__stack+0xc5>
     91a:	08 94       	sec
     91c:	a1 08       	sbc	r10, r1
     91e:	b1 08       	sbc	r11, r1
     920:	c1 08       	sbc	r12, r1
     922:	d1 08       	sbc	r13, r1
     924:	d3 01       	movw	r26, r6
     926:	99 27       	eor	r25, r25
     928:	88 27       	eor	r24, r24
     92a:	86 01       	movw	r16, r12
     92c:	75 01       	movw	r14, r10
     92e:	e8 2a       	or	r14, r24
     930:	f9 2a       	or	r15, r25
     932:	0a 2b       	or	r16, r26
     934:	1b 2b       	or	r17, r27
     936:	25 96       	adiw	r28, 0x05	; 5
     938:	ec ae       	std	Y+60, r14	; 0x3c
     93a:	fd ae       	std	Y+61, r15	; 0x3d
     93c:	0e af       	std	Y+62, r16	; 0x3e
     93e:	1f af       	std	Y+63, r17	; 0x3f
     940:	25 97       	sbiw	r28, 0x05	; 5
     942:	eb c4       	rjmp	.+2518   	; 0x131a <__stack+0xabb>
     944:	21 14       	cp	r2, r1
     946:	31 04       	cpc	r3, r1
     948:	41 04       	cpc	r4, r1
     94a:	51 04       	cpc	r5, r1
     94c:	71 f4       	brne	.+28     	; 0x96a <__stack+0x10b>
     94e:	61 e0       	ldi	r22, 0x01	; 1
     950:	70 e0       	ldi	r23, 0x00	; 0
     952:	80 e0       	ldi	r24, 0x00	; 0
     954:	90 e0       	ldi	r25, 0x00	; 0
     956:	20 e0       	ldi	r18, 0x00	; 0
     958:	30 e0       	ldi	r19, 0x00	; 0
     95a:	40 e0       	ldi	r20, 0x00	; 0
     95c:	50 e0       	ldi	r21, 0x00	; 0
     95e:	0e 94 e1 30 	call	0x61c2	; 0x61c2 <__udivmodsi4>
     962:	c9 01       	movw	r24, r18
     964:	da 01       	movw	r26, r20
     966:	1c 01       	movw	r2, r24
     968:	2d 01       	movw	r4, r26
     96a:	00 e0       	ldi	r16, 0x00	; 0
     96c:	20 16       	cp	r2, r16
     96e:	00 e0       	ldi	r16, 0x00	; 0
     970:	30 06       	cpc	r3, r16
     972:	01 e0       	ldi	r16, 0x01	; 1
     974:	40 06       	cpc	r4, r16
     976:	00 e0       	ldi	r16, 0x00	; 0
     978:	50 06       	cpc	r5, r16
     97a:	88 f4       	brcc	.+34     	; 0x99e <__stack+0x13f>
     97c:	1f ef       	ldi	r17, 0xFF	; 255
     97e:	21 16       	cp	r2, r17
     980:	31 04       	cpc	r3, r1
     982:	41 04       	cpc	r4, r1
     984:	51 04       	cpc	r5, r1
     986:	31 f0       	breq	.+12     	; 0x994 <__stack+0x135>
     988:	28 f0       	brcs	.+10     	; 0x994 <__stack+0x135>
     98a:	48 e0       	ldi	r20, 0x08	; 8
     98c:	50 e0       	ldi	r21, 0x00	; 0
     98e:	60 e0       	ldi	r22, 0x00	; 0
     990:	70 e0       	ldi	r23, 0x00	; 0
     992:	17 c0       	rjmp	.+46     	; 0x9c2 <__stack+0x163>
     994:	40 e0       	ldi	r20, 0x00	; 0
     996:	50 e0       	ldi	r21, 0x00	; 0
     998:	60 e0       	ldi	r22, 0x00	; 0
     99a:	70 e0       	ldi	r23, 0x00	; 0
     99c:	12 c0       	rjmp	.+36     	; 0x9c2 <__stack+0x163>
     99e:	20 e0       	ldi	r18, 0x00	; 0
     9a0:	22 16       	cp	r2, r18
     9a2:	20 e0       	ldi	r18, 0x00	; 0
     9a4:	32 06       	cpc	r3, r18
     9a6:	20 e0       	ldi	r18, 0x00	; 0
     9a8:	42 06       	cpc	r4, r18
     9aa:	21 e0       	ldi	r18, 0x01	; 1
     9ac:	52 06       	cpc	r5, r18
     9ae:	28 f0       	brcs	.+10     	; 0x9ba <__stack+0x15b>
     9b0:	48 e1       	ldi	r20, 0x18	; 24
     9b2:	50 e0       	ldi	r21, 0x00	; 0
     9b4:	60 e0       	ldi	r22, 0x00	; 0
     9b6:	70 e0       	ldi	r23, 0x00	; 0
     9b8:	04 c0       	rjmp	.+8      	; 0x9c2 <__stack+0x163>
     9ba:	40 e1       	ldi	r20, 0x10	; 16
     9bc:	50 e0       	ldi	r21, 0x00	; 0
     9be:	60 e0       	ldi	r22, 0x00	; 0
     9c0:	70 e0       	ldi	r23, 0x00	; 0
     9c2:	d2 01       	movw	r26, r4
     9c4:	c1 01       	movw	r24, r2
     9c6:	04 2e       	mov	r0, r20
     9c8:	04 c0       	rjmp	.+8      	; 0x9d2 <__stack+0x173>
     9ca:	b6 95       	lsr	r27
     9cc:	a7 95       	ror	r26
     9ce:	97 95       	ror	r25
     9d0:	87 95       	ror	r24
     9d2:	0a 94       	dec	r0
     9d4:	d2 f7       	brpl	.-12     	; 0x9ca <__stack+0x16b>
     9d6:	83 57       	subi	r24, 0x73	; 115
     9d8:	9f 4f       	sbci	r25, 0xFF	; 255
     9da:	dc 01       	movw	r26, r24
     9dc:	2c 91       	ld	r18, X
     9de:	e0 e2       	ldi	r30, 0x20	; 32
     9e0:	ee 2e       	mov	r14, r30
     9e2:	f1 2c       	mov	r15, r1
     9e4:	01 2d       	mov	r16, r1
     9e6:	11 2d       	mov	r17, r1
     9e8:	d8 01       	movw	r26, r16
     9ea:	c7 01       	movw	r24, r14
     9ec:	84 1b       	sub	r24, r20
     9ee:	95 0b       	sbc	r25, r21
     9f0:	a6 0b       	sbc	r26, r22
     9f2:	b7 0b       	sbc	r27, r23
     9f4:	82 1b       	sub	r24, r18
     9f6:	91 09       	sbc	r25, r1
     9f8:	a1 09       	sbc	r26, r1
     9fa:	b1 09       	sbc	r27, r1
     9fc:	00 97       	sbiw	r24, 0x00	; 0
     9fe:	a1 05       	cpc	r26, r1
     a00:	b1 05       	cpc	r27, r1
     a02:	61 f4       	brne	.+24     	; 0xa1c <__stack+0x1bd>
     a04:	64 01       	movw	r12, r8
     a06:	53 01       	movw	r10, r6
     a08:	a2 18       	sub	r10, r2
     a0a:	b3 08       	sbc	r11, r3
     a0c:	c4 08       	sbc	r12, r4
     a0e:	d5 08       	sbc	r13, r5
     a10:	31 e0       	ldi	r19, 0x01	; 1
     a12:	63 2e       	mov	r6, r19
     a14:	71 2c       	mov	r7, r1
     a16:	81 2c       	mov	r8, r1
     a18:	91 2c       	mov	r9, r1
     a1a:	24 c1       	rjmp	.+584    	; 0xc64 <__stack+0x405>
     a1c:	e3 96       	adiw	r28, 0x33	; 51
     a1e:	8f af       	std	Y+63, r24	; 0x3f
     a20:	e3 97       	sbiw	r28, 0x33	; 51
     a22:	08 2e       	mov	r0, r24
     a24:	04 c0       	rjmp	.+8      	; 0xa2e <__stack+0x1cf>
     a26:	22 0c       	add	r2, r2
     a28:	33 1c       	adc	r3, r3
     a2a:	44 1c       	adc	r4, r4
     a2c:	55 1c       	adc	r5, r5
     a2e:	0a 94       	dec	r0
     a30:	d2 f7       	brpl	.-12     	; 0xa26 <__stack+0x1c7>
     a32:	ee 2d       	mov	r30, r14
     a34:	e8 1b       	sub	r30, r24
     a36:	64 01       	movw	r12, r8
     a38:	53 01       	movw	r10, r6
     a3a:	0e 2e       	mov	r0, r30
     a3c:	04 c0       	rjmp	.+8      	; 0xa46 <__stack+0x1e7>
     a3e:	d6 94       	lsr	r13
     a40:	c7 94       	ror	r12
     a42:	b7 94       	ror	r11
     a44:	a7 94       	ror	r10
     a46:	0a 94       	dec	r0
     a48:	d2 f7       	brpl	.-12     	; 0xa3e <__stack+0x1df>
     a4a:	a4 01       	movw	r20, r8
     a4c:	93 01       	movw	r18, r6
     a4e:	e3 96       	adiw	r28, 0x33	; 51
     a50:	0f ac       	ldd	r0, Y+63	; 0x3f
     a52:	e3 97       	sbiw	r28, 0x33	; 51
     a54:	04 c0       	rjmp	.+8      	; 0xa5e <__stack+0x1ff>
     a56:	22 0f       	add	r18, r18
     a58:	33 1f       	adc	r19, r19
     a5a:	44 1f       	adc	r20, r20
     a5c:	55 1f       	adc	r21, r21
     a5e:	0a 94       	dec	r0
     a60:	d2 f7       	brpl	.-12     	; 0xa56 <__stack+0x1f7>
     a62:	21 96       	adiw	r28, 0x01	; 1
     a64:	6c ac       	ldd	r6, Y+60	; 0x3c
     a66:	7d ac       	ldd	r7, Y+61	; 0x3d
     a68:	8e ac       	ldd	r8, Y+62	; 0x3e
     a6a:	9f ac       	ldd	r9, Y+63	; 0x3f
     a6c:	21 97       	sbiw	r28, 0x01	; 1
     a6e:	0e 2e       	mov	r0, r30
     a70:	04 c0       	rjmp	.+8      	; 0xa7a <__stack+0x21b>
     a72:	96 94       	lsr	r9
     a74:	87 94       	ror	r8
     a76:	77 94       	ror	r7
     a78:	67 94       	ror	r6
     a7a:	0a 94       	dec	r0
     a7c:	d2 f7       	brpl	.-12     	; 0xa72 <__stack+0x213>
     a7e:	84 01       	movw	r16, r8
     a80:	73 01       	movw	r14, r6
     a82:	e2 2a       	or	r14, r18
     a84:	f3 2a       	or	r15, r19
     a86:	04 2b       	or	r16, r20
     a88:	15 2b       	or	r17, r21
     a8a:	e9 ae       	std	Y+57, r14	; 0x39
     a8c:	fa ae       	std	Y+58, r15	; 0x3a
     a8e:	0b af       	std	Y+59, r16	; 0x3b
     a90:	1c af       	std	Y+60, r17	; 0x3c
     a92:	32 01       	movw	r6, r4
     a94:	88 24       	eor	r8, r8
     a96:	99 24       	eor	r9, r9
     a98:	92 01       	movw	r18, r4
     a9a:	81 01       	movw	r16, r2
     a9c:	20 70       	andi	r18, 0x00	; 0
     a9e:	30 70       	andi	r19, 0x00	; 0
     aa0:	61 96       	adiw	r28, 0x11	; 17
     aa2:	0c af       	std	Y+60, r16	; 0x3c
     aa4:	1d af       	std	Y+61, r17	; 0x3d
     aa6:	2e af       	std	Y+62, r18	; 0x3e
     aa8:	3f af       	std	Y+63, r19	; 0x3f
     aaa:	61 97       	sbiw	r28, 0x11	; 17
     aac:	c6 01       	movw	r24, r12
     aae:	b5 01       	movw	r22, r10
     ab0:	a4 01       	movw	r20, r8
     ab2:	93 01       	movw	r18, r6
     ab4:	0e 94 e1 30 	call	0x61c2	; 0x61c2 <__udivmodsi4>
     ab8:	7b 01       	movw	r14, r22
     aba:	8c 01       	movw	r16, r24
     abc:	c6 01       	movw	r24, r12
     abe:	b5 01       	movw	r22, r10
     ac0:	a4 01       	movw	r20, r8
     ac2:	93 01       	movw	r18, r6
     ac4:	0e 94 e1 30 	call	0x61c2	; 0x61c2 <__udivmodsi4>
     ac8:	c9 01       	movw	r24, r18
     aca:	da 01       	movw	r26, r20
     acc:	65 96       	adiw	r28, 0x15	; 21
     ace:	8c af       	std	Y+60, r24	; 0x3c
     ad0:	9d af       	std	Y+61, r25	; 0x3d
     ad2:	ae af       	std	Y+62, r26	; 0x3e
     ad4:	bf af       	std	Y+63, r27	; 0x3f
     ad6:	65 97       	sbiw	r28, 0x15	; 21
     ad8:	bc 01       	movw	r22, r24
     ada:	cd 01       	movw	r24, r26
     adc:	61 96       	adiw	r28, 0x11	; 17
     ade:	2c ad       	ldd	r18, Y+60	; 0x3c
     ae0:	3d ad       	ldd	r19, Y+61	; 0x3d
     ae2:	4e ad       	ldd	r20, Y+62	; 0x3e
     ae4:	5f ad       	ldd	r21, Y+63	; 0x3f
     ae6:	61 97       	sbiw	r28, 0x11	; 17
     ae8:	0e 94 c2 30 	call	0x6184	; 0x6184 <__mulsi3>
     aec:	9b 01       	movw	r18, r22
     aee:	ac 01       	movw	r20, r24
     af0:	87 01       	movw	r16, r14
     af2:	ff 24       	eor	r15, r15
     af4:	ee 24       	eor	r14, r14
     af6:	a9 ac       	ldd	r10, Y+57	; 0x39
     af8:	ba ac       	ldd	r11, Y+58	; 0x3a
     afa:	cb ac       	ldd	r12, Y+59	; 0x3b
     afc:	dc ac       	ldd	r13, Y+60	; 0x3c
     afe:	c6 01       	movw	r24, r12
     b00:	aa 27       	eor	r26, r26
     b02:	bb 27       	eor	r27, r27
     b04:	5c 01       	movw	r10, r24
     b06:	6d 01       	movw	r12, r26
     b08:	ae 28       	or	r10, r14
     b0a:	bf 28       	or	r11, r15
     b0c:	c0 2a       	or	r12, r16
     b0e:	d1 2a       	or	r13, r17
     b10:	a2 16       	cp	r10, r18
     b12:	b3 06       	cpc	r11, r19
     b14:	c4 06       	cpc	r12, r20
     b16:	d5 06       	cpc	r13, r21
     b18:	60 f5       	brcc	.+88     	; 0xb72 <__stack+0x313>
     b1a:	65 96       	adiw	r28, 0x15	; 21
     b1c:	6c ad       	ldd	r22, Y+60	; 0x3c
     b1e:	7d ad       	ldd	r23, Y+61	; 0x3d
     b20:	8e ad       	ldd	r24, Y+62	; 0x3e
     b22:	9f ad       	ldd	r25, Y+63	; 0x3f
     b24:	65 97       	sbiw	r28, 0x15	; 21
     b26:	61 50       	subi	r22, 0x01	; 1
     b28:	70 40       	sbci	r23, 0x00	; 0
     b2a:	80 40       	sbci	r24, 0x00	; 0
     b2c:	90 40       	sbci	r25, 0x00	; 0
     b2e:	65 96       	adiw	r28, 0x15	; 21
     b30:	6c af       	std	Y+60, r22	; 0x3c
     b32:	7d af       	std	Y+61, r23	; 0x3d
     b34:	8e af       	std	Y+62, r24	; 0x3e
     b36:	9f af       	std	Y+63, r25	; 0x3f
     b38:	65 97       	sbiw	r28, 0x15	; 21
     b3a:	a2 0c       	add	r10, r2
     b3c:	b3 1c       	adc	r11, r3
     b3e:	c4 1c       	adc	r12, r4
     b40:	d5 1c       	adc	r13, r5
     b42:	a2 14       	cp	r10, r2
     b44:	b3 04       	cpc	r11, r3
     b46:	c4 04       	cpc	r12, r4
     b48:	d5 04       	cpc	r13, r5
     b4a:	98 f0       	brcs	.+38     	; 0xb72 <__stack+0x313>
     b4c:	a2 16       	cp	r10, r18
     b4e:	b3 06       	cpc	r11, r19
     b50:	c4 06       	cpc	r12, r20
     b52:	d5 06       	cpc	r13, r21
     b54:	70 f4       	brcc	.+28     	; 0xb72 <__stack+0x313>
     b56:	61 50       	subi	r22, 0x01	; 1
     b58:	70 40       	sbci	r23, 0x00	; 0
     b5a:	80 40       	sbci	r24, 0x00	; 0
     b5c:	90 40       	sbci	r25, 0x00	; 0
     b5e:	65 96       	adiw	r28, 0x15	; 21
     b60:	6c af       	std	Y+60, r22	; 0x3c
     b62:	7d af       	std	Y+61, r23	; 0x3d
     b64:	8e af       	std	Y+62, r24	; 0x3e
     b66:	9f af       	std	Y+63, r25	; 0x3f
     b68:	65 97       	sbiw	r28, 0x15	; 21
     b6a:	a2 0c       	add	r10, r2
     b6c:	b3 1c       	adc	r11, r3
     b6e:	c4 1c       	adc	r12, r4
     b70:	d5 1c       	adc	r13, r5
     b72:	a2 1a       	sub	r10, r18
     b74:	b3 0a       	sbc	r11, r19
     b76:	c4 0a       	sbc	r12, r20
     b78:	d5 0a       	sbc	r13, r21
     b7a:	c6 01       	movw	r24, r12
     b7c:	b5 01       	movw	r22, r10
     b7e:	a4 01       	movw	r20, r8
     b80:	93 01       	movw	r18, r6
     b82:	0e 94 e1 30 	call	0x61c2	; 0x61c2 <__udivmodsi4>
     b86:	7b 01       	movw	r14, r22
     b88:	8c 01       	movw	r16, r24
     b8a:	c6 01       	movw	r24, r12
     b8c:	b5 01       	movw	r22, r10
     b8e:	a4 01       	movw	r20, r8
     b90:	93 01       	movw	r18, r6
     b92:	0e 94 e1 30 	call	0x61c2	; 0x61c2 <__udivmodsi4>
     b96:	c9 01       	movw	r24, r18
     b98:	da 01       	movw	r26, r20
     b9a:	3c 01       	movw	r6, r24
     b9c:	4d 01       	movw	r8, r26
     b9e:	c4 01       	movw	r24, r8
     ba0:	b3 01       	movw	r22, r6
     ba2:	61 96       	adiw	r28, 0x11	; 17
     ba4:	2c ad       	ldd	r18, Y+60	; 0x3c
     ba6:	3d ad       	ldd	r19, Y+61	; 0x3d
     ba8:	4e ad       	ldd	r20, Y+62	; 0x3e
     baa:	5f ad       	ldd	r21, Y+63	; 0x3f
     bac:	61 97       	sbiw	r28, 0x11	; 17
     bae:	0e 94 c2 30 	call	0x6184	; 0x6184 <__mulsi3>
     bb2:	9b 01       	movw	r18, r22
     bb4:	ac 01       	movw	r20, r24
     bb6:	87 01       	movw	r16, r14
     bb8:	ff 24       	eor	r15, r15
     bba:	ee 24       	eor	r14, r14
     bbc:	89 ad       	ldd	r24, Y+57	; 0x39
     bbe:	9a ad       	ldd	r25, Y+58	; 0x3a
     bc0:	ab ad       	ldd	r26, Y+59	; 0x3b
     bc2:	bc ad       	ldd	r27, Y+60	; 0x3c
     bc4:	a0 70       	andi	r26, 0x00	; 0
     bc6:	b0 70       	andi	r27, 0x00	; 0
     bc8:	57 01       	movw	r10, r14
     bca:	68 01       	movw	r12, r16
     bcc:	a8 2a       	or	r10, r24
     bce:	b9 2a       	or	r11, r25
     bd0:	ca 2a       	or	r12, r26
     bd2:	db 2a       	or	r13, r27
     bd4:	a2 16       	cp	r10, r18
     bd6:	b3 06       	cpc	r11, r19
     bd8:	c4 06       	cpc	r12, r20
     bda:	d5 06       	cpc	r13, r21
     bdc:	e0 f4       	brcc	.+56     	; 0xc16 <__stack+0x3b7>
     bde:	08 94       	sec
     be0:	61 08       	sbc	r6, r1
     be2:	71 08       	sbc	r7, r1
     be4:	81 08       	sbc	r8, r1
     be6:	91 08       	sbc	r9, r1
     be8:	a2 0c       	add	r10, r2
     bea:	b3 1c       	adc	r11, r3
     bec:	c4 1c       	adc	r12, r4
     bee:	d5 1c       	adc	r13, r5
     bf0:	a2 14       	cp	r10, r2
     bf2:	b3 04       	cpc	r11, r3
     bf4:	c4 04       	cpc	r12, r4
     bf6:	d5 04       	cpc	r13, r5
     bf8:	70 f0       	brcs	.+28     	; 0xc16 <__stack+0x3b7>
     bfa:	a2 16       	cp	r10, r18
     bfc:	b3 06       	cpc	r11, r19
     bfe:	c4 06       	cpc	r12, r20
     c00:	d5 06       	cpc	r13, r21
     c02:	48 f4       	brcc	.+18     	; 0xc16 <__stack+0x3b7>
     c04:	08 94       	sec
     c06:	61 08       	sbc	r6, r1
     c08:	71 08       	sbc	r7, r1
     c0a:	81 08       	sbc	r8, r1
     c0c:	91 08       	sbc	r9, r1
     c0e:	a2 0c       	add	r10, r2
     c10:	b3 1c       	adc	r11, r3
     c12:	c4 1c       	adc	r12, r4
     c14:	d5 1c       	adc	r13, r5
     c16:	21 96       	adiw	r28, 0x01	; 1
     c18:	8c ad       	ldd	r24, Y+60	; 0x3c
     c1a:	9d ad       	ldd	r25, Y+61	; 0x3d
     c1c:	ae ad       	ldd	r26, Y+62	; 0x3e
     c1e:	bf ad       	ldd	r27, Y+63	; 0x3f
     c20:	21 97       	sbiw	r28, 0x01	; 1
     c22:	e3 96       	adiw	r28, 0x33	; 51
     c24:	0f ac       	ldd	r0, Y+63	; 0x3f
     c26:	e3 97       	sbiw	r28, 0x33	; 51
     c28:	04 c0       	rjmp	.+8      	; 0xc32 <__stack+0x3d3>
     c2a:	88 0f       	add	r24, r24
     c2c:	99 1f       	adc	r25, r25
     c2e:	aa 1f       	adc	r26, r26
     c30:	bb 1f       	adc	r27, r27
     c32:	0a 94       	dec	r0
     c34:	d2 f7       	brpl	.-12     	; 0xc2a <__stack+0x3cb>
     c36:	21 96       	adiw	r28, 0x01	; 1
     c38:	8c af       	std	Y+60, r24	; 0x3c
     c3a:	9d af       	std	Y+61, r25	; 0x3d
     c3c:	ae af       	std	Y+62, r26	; 0x3e
     c3e:	bf af       	std	Y+63, r27	; 0x3f
     c40:	21 97       	sbiw	r28, 0x01	; 1
     c42:	a2 1a       	sub	r10, r18
     c44:	b3 0a       	sbc	r11, r19
     c46:	c4 0a       	sbc	r12, r20
     c48:	d5 0a       	sbc	r13, r21
     c4a:	65 96       	adiw	r28, 0x15	; 21
     c4c:	ec ac       	ldd	r14, Y+60	; 0x3c
     c4e:	fd ac       	ldd	r15, Y+61	; 0x3d
     c50:	0e ad       	ldd	r16, Y+62	; 0x3e
     c52:	1f ad       	ldd	r17, Y+63	; 0x3f
     c54:	65 97       	sbiw	r28, 0x15	; 21
     c56:	d7 01       	movw	r26, r14
     c58:	99 27       	eor	r25, r25
     c5a:	88 27       	eor	r24, r24
     c5c:	68 2a       	or	r6, r24
     c5e:	79 2a       	or	r7, r25
     c60:	8a 2a       	or	r8, r26
     c62:	9b 2a       	or	r9, r27
     c64:	82 01       	movw	r16, r4
     c66:	22 27       	eor	r18, r18
     c68:	33 27       	eor	r19, r19
     c6a:	69 96       	adiw	r28, 0x19	; 25
     c6c:	0c af       	std	Y+60, r16	; 0x3c
     c6e:	1d af       	std	Y+61, r17	; 0x3d
     c70:	2e af       	std	Y+62, r18	; 0x3e
     c72:	3f af       	std	Y+63, r19	; 0x3f
     c74:	69 97       	sbiw	r28, 0x19	; 25
     c76:	a2 01       	movw	r20, r4
     c78:	91 01       	movw	r18, r2
     c7a:	40 70       	andi	r20, 0x00	; 0
     c7c:	50 70       	andi	r21, 0x00	; 0
     c7e:	6d 96       	adiw	r28, 0x1d	; 29
     c80:	2c af       	std	Y+60, r18	; 0x3c
     c82:	3d af       	std	Y+61, r19	; 0x3d
     c84:	4e af       	std	Y+62, r20	; 0x3e
     c86:	5f af       	std	Y+63, r21	; 0x3f
     c88:	6d 97       	sbiw	r28, 0x1d	; 29
     c8a:	c6 01       	movw	r24, r12
     c8c:	b5 01       	movw	r22, r10
     c8e:	69 96       	adiw	r28, 0x19	; 25
     c90:	2c ad       	ldd	r18, Y+60	; 0x3c
     c92:	3d ad       	ldd	r19, Y+61	; 0x3d
     c94:	4e ad       	ldd	r20, Y+62	; 0x3e
     c96:	5f ad       	ldd	r21, Y+63	; 0x3f
     c98:	69 97       	sbiw	r28, 0x19	; 25
     c9a:	0e 94 e1 30 	call	0x61c2	; 0x61c2 <__udivmodsi4>
     c9e:	7b 01       	movw	r14, r22
     ca0:	8c 01       	movw	r16, r24
     ca2:	c6 01       	movw	r24, r12
     ca4:	b5 01       	movw	r22, r10
     ca6:	69 96       	adiw	r28, 0x19	; 25
     ca8:	2c ad       	ldd	r18, Y+60	; 0x3c
     caa:	3d ad       	ldd	r19, Y+61	; 0x3d
     cac:	4e ad       	ldd	r20, Y+62	; 0x3e
     cae:	5f ad       	ldd	r21, Y+63	; 0x3f
     cb0:	69 97       	sbiw	r28, 0x19	; 25
     cb2:	0e 94 e1 30 	call	0x61c2	; 0x61c2 <__udivmodsi4>
     cb6:	c9 01       	movw	r24, r18
     cb8:	da 01       	movw	r26, r20
     cba:	a1 96       	adiw	r28, 0x21	; 33
     cbc:	8c af       	std	Y+60, r24	; 0x3c
     cbe:	9d af       	std	Y+61, r25	; 0x3d
     cc0:	ae af       	std	Y+62, r26	; 0x3e
     cc2:	bf af       	std	Y+63, r27	; 0x3f
     cc4:	a1 97       	sbiw	r28, 0x21	; 33
     cc6:	bc 01       	movw	r22, r24
     cc8:	cd 01       	movw	r24, r26
     cca:	6d 96       	adiw	r28, 0x1d	; 29
     ccc:	2c ad       	ldd	r18, Y+60	; 0x3c
     cce:	3d ad       	ldd	r19, Y+61	; 0x3d
     cd0:	4e ad       	ldd	r20, Y+62	; 0x3e
     cd2:	5f ad       	ldd	r21, Y+63	; 0x3f
     cd4:	6d 97       	sbiw	r28, 0x1d	; 29
     cd6:	0e 94 c2 30 	call	0x6184	; 0x6184 <__mulsi3>
     cda:	9b 01       	movw	r18, r22
     cdc:	ac 01       	movw	r20, r24
     cde:	87 01       	movw	r16, r14
     ce0:	ff 24       	eor	r15, r15
     ce2:	ee 24       	eor	r14, r14
     ce4:	21 96       	adiw	r28, 0x01	; 1
     ce6:	ac ac       	ldd	r10, Y+60	; 0x3c
     ce8:	bd ac       	ldd	r11, Y+61	; 0x3d
     cea:	ce ac       	ldd	r12, Y+62	; 0x3e
     cec:	df ac       	ldd	r13, Y+63	; 0x3f
     cee:	21 97       	sbiw	r28, 0x01	; 1
     cf0:	c6 01       	movw	r24, r12
     cf2:	aa 27       	eor	r26, r26
     cf4:	bb 27       	eor	r27, r27
     cf6:	57 01       	movw	r10, r14
     cf8:	68 01       	movw	r12, r16
     cfa:	a8 2a       	or	r10, r24
     cfc:	b9 2a       	or	r11, r25
     cfe:	ca 2a       	or	r12, r26
     d00:	db 2a       	or	r13, r27
     d02:	a2 16       	cp	r10, r18
     d04:	b3 06       	cpc	r11, r19
     d06:	c4 06       	cpc	r12, r20
     d08:	d5 06       	cpc	r13, r21
     d0a:	60 f5       	brcc	.+88     	; 0xd64 <__stack+0x505>
     d0c:	a1 96       	adiw	r28, 0x21	; 33
     d0e:	6c ad       	ldd	r22, Y+60	; 0x3c
     d10:	7d ad       	ldd	r23, Y+61	; 0x3d
     d12:	8e ad       	ldd	r24, Y+62	; 0x3e
     d14:	9f ad       	ldd	r25, Y+63	; 0x3f
     d16:	a1 97       	sbiw	r28, 0x21	; 33
     d18:	61 50       	subi	r22, 0x01	; 1
     d1a:	70 40       	sbci	r23, 0x00	; 0
     d1c:	80 40       	sbci	r24, 0x00	; 0
     d1e:	90 40       	sbci	r25, 0x00	; 0
     d20:	a1 96       	adiw	r28, 0x21	; 33
     d22:	6c af       	std	Y+60, r22	; 0x3c
     d24:	7d af       	std	Y+61, r23	; 0x3d
     d26:	8e af       	std	Y+62, r24	; 0x3e
     d28:	9f af       	std	Y+63, r25	; 0x3f
     d2a:	a1 97       	sbiw	r28, 0x21	; 33
     d2c:	a2 0c       	add	r10, r2
     d2e:	b3 1c       	adc	r11, r3
     d30:	c4 1c       	adc	r12, r4
     d32:	d5 1c       	adc	r13, r5
     d34:	a2 14       	cp	r10, r2
     d36:	b3 04       	cpc	r11, r3
     d38:	c4 04       	cpc	r12, r4
     d3a:	d5 04       	cpc	r13, r5
     d3c:	98 f0       	brcs	.+38     	; 0xd64 <__stack+0x505>
     d3e:	a2 16       	cp	r10, r18
     d40:	b3 06       	cpc	r11, r19
     d42:	c4 06       	cpc	r12, r20
     d44:	d5 06       	cpc	r13, r21
     d46:	70 f4       	brcc	.+28     	; 0xd64 <__stack+0x505>
     d48:	61 50       	subi	r22, 0x01	; 1
     d4a:	70 40       	sbci	r23, 0x00	; 0
     d4c:	80 40       	sbci	r24, 0x00	; 0
     d4e:	90 40       	sbci	r25, 0x00	; 0
     d50:	a1 96       	adiw	r28, 0x21	; 33
     d52:	6c af       	std	Y+60, r22	; 0x3c
     d54:	7d af       	std	Y+61, r23	; 0x3d
     d56:	8e af       	std	Y+62, r24	; 0x3e
     d58:	9f af       	std	Y+63, r25	; 0x3f
     d5a:	a1 97       	sbiw	r28, 0x21	; 33
     d5c:	a2 0c       	add	r10, r2
     d5e:	b3 1c       	adc	r11, r3
     d60:	c4 1c       	adc	r12, r4
     d62:	d5 1c       	adc	r13, r5
     d64:	a2 1a       	sub	r10, r18
     d66:	b3 0a       	sbc	r11, r19
     d68:	c4 0a       	sbc	r12, r20
     d6a:	d5 0a       	sbc	r13, r21
     d6c:	c6 01       	movw	r24, r12
     d6e:	b5 01       	movw	r22, r10
     d70:	69 96       	adiw	r28, 0x19	; 25
     d72:	2c ad       	ldd	r18, Y+60	; 0x3c
     d74:	3d ad       	ldd	r19, Y+61	; 0x3d
     d76:	4e ad       	ldd	r20, Y+62	; 0x3e
     d78:	5f ad       	ldd	r21, Y+63	; 0x3f
     d7a:	69 97       	sbiw	r28, 0x19	; 25
     d7c:	0e 94 e1 30 	call	0x61c2	; 0x61c2 <__udivmodsi4>
     d80:	7b 01       	movw	r14, r22
     d82:	8c 01       	movw	r16, r24
     d84:	c6 01       	movw	r24, r12
     d86:	b5 01       	movw	r22, r10
     d88:	69 96       	adiw	r28, 0x19	; 25
     d8a:	2c ad       	ldd	r18, Y+60	; 0x3c
     d8c:	3d ad       	ldd	r19, Y+61	; 0x3d
     d8e:	4e ad       	ldd	r20, Y+62	; 0x3e
     d90:	5f ad       	ldd	r21, Y+63	; 0x3f
     d92:	69 97       	sbiw	r28, 0x19	; 25
     d94:	0e 94 e1 30 	call	0x61c2	; 0x61c2 <__udivmodsi4>
     d98:	c9 01       	movw	r24, r18
     d9a:	da 01       	movw	r26, r20
     d9c:	5c 01       	movw	r10, r24
     d9e:	6d 01       	movw	r12, r26
     da0:	c6 01       	movw	r24, r12
     da2:	b5 01       	movw	r22, r10
     da4:	6d 96       	adiw	r28, 0x1d	; 29
     da6:	2c ad       	ldd	r18, Y+60	; 0x3c
     da8:	3d ad       	ldd	r19, Y+61	; 0x3d
     daa:	4e ad       	ldd	r20, Y+62	; 0x3e
     dac:	5f ad       	ldd	r21, Y+63	; 0x3f
     dae:	6d 97       	sbiw	r28, 0x1d	; 29
     db0:	0e 94 c2 30 	call	0x6184	; 0x6184 <__mulsi3>
     db4:	9b 01       	movw	r18, r22
     db6:	ac 01       	movw	r20, r24
     db8:	87 01       	movw	r16, r14
     dba:	ff 24       	eor	r15, r15
     dbc:	ee 24       	eor	r14, r14
     dbe:	21 96       	adiw	r28, 0x01	; 1
     dc0:	8c ad       	ldd	r24, Y+60	; 0x3c
     dc2:	9d ad       	ldd	r25, Y+61	; 0x3d
     dc4:	ae ad       	ldd	r26, Y+62	; 0x3e
     dc6:	bf ad       	ldd	r27, Y+63	; 0x3f
     dc8:	21 97       	sbiw	r28, 0x01	; 1
     dca:	a0 70       	andi	r26, 0x00	; 0
     dcc:	b0 70       	andi	r27, 0x00	; 0
     dce:	e8 2a       	or	r14, r24
     dd0:	f9 2a       	or	r15, r25
     dd2:	0a 2b       	or	r16, r26
     dd4:	1b 2b       	or	r17, r27
     dd6:	e2 16       	cp	r14, r18
     dd8:	f3 06       	cpc	r15, r19
     dda:	04 07       	cpc	r16, r20
     ddc:	15 07       	cpc	r17, r21
     dde:	c0 f4       	brcc	.+48     	; 0xe10 <__stack+0x5b1>
     de0:	08 94       	sec
     de2:	a1 08       	sbc	r10, r1
     de4:	b1 08       	sbc	r11, r1
     de6:	c1 08       	sbc	r12, r1
     de8:	d1 08       	sbc	r13, r1
     dea:	e2 0c       	add	r14, r2
     dec:	f3 1c       	adc	r15, r3
     dee:	04 1d       	adc	r16, r4
     df0:	15 1d       	adc	r17, r5
     df2:	e2 14       	cp	r14, r2
     df4:	f3 04       	cpc	r15, r3
     df6:	04 05       	cpc	r16, r4
     df8:	15 05       	cpc	r17, r5
     dfa:	50 f0       	brcs	.+20     	; 0xe10 <__stack+0x5b1>
     dfc:	e2 16       	cp	r14, r18
     dfe:	f3 06       	cpc	r15, r19
     e00:	04 07       	cpc	r16, r20
     e02:	15 07       	cpc	r17, r21
     e04:	28 f4       	brcc	.+10     	; 0xe10 <__stack+0x5b1>
     e06:	08 94       	sec
     e08:	a1 08       	sbc	r10, r1
     e0a:	b1 08       	sbc	r11, r1
     e0c:	c1 08       	sbc	r12, r1
     e0e:	d1 08       	sbc	r13, r1
     e10:	a1 96       	adiw	r28, 0x21	; 33
     e12:	ec ac       	ldd	r14, Y+60	; 0x3c
     e14:	fd ac       	ldd	r15, Y+61	; 0x3d
     e16:	0e ad       	ldd	r16, Y+62	; 0x3e
     e18:	1f ad       	ldd	r17, Y+63	; 0x3f
     e1a:	a1 97       	sbiw	r28, 0x21	; 33
     e1c:	d7 01       	movw	r26, r14
     e1e:	99 27       	eor	r25, r25
     e20:	88 27       	eor	r24, r24
     e22:	96 01       	movw	r18, r12
     e24:	85 01       	movw	r16, r10
     e26:	08 2b       	or	r16, r24
     e28:	19 2b       	or	r17, r25
     e2a:	2a 2b       	or	r18, r26
     e2c:	3b 2b       	or	r19, r27
     e2e:	25 96       	adiw	r28, 0x05	; 5
     e30:	0c af       	std	Y+60, r16	; 0x3c
     e32:	1d af       	std	Y+61, r17	; 0x3d
     e34:	2e af       	std	Y+62, r18	; 0x3e
     e36:	3f af       	std	Y+63, r19	; 0x3f
     e38:	25 97       	sbiw	r28, 0x05	; 5
     e3a:	72 c2       	rjmp	.+1252   	; 0x1320 <__stack+0xac1>
     e3c:	6e 14       	cp	r6, r14
     e3e:	7f 04       	cpc	r7, r15
     e40:	80 06       	cpc	r8, r16
     e42:	91 06       	cpc	r9, r17
     e44:	08 f4       	brcc	.+2      	; 0xe48 <__stack+0x5e9>
     e46:	5f c2       	rjmp	.+1214   	; 0x1306 <__stack+0xaa7>
     e48:	20 e0       	ldi	r18, 0x00	; 0
     e4a:	e2 16       	cp	r14, r18
     e4c:	20 e0       	ldi	r18, 0x00	; 0
     e4e:	f2 06       	cpc	r15, r18
     e50:	21 e0       	ldi	r18, 0x01	; 1
     e52:	02 07       	cpc	r16, r18
     e54:	20 e0       	ldi	r18, 0x00	; 0
     e56:	12 07       	cpc	r17, r18
     e58:	88 f4       	brcc	.+34     	; 0xe7c <__stack+0x61d>
     e5a:	3f ef       	ldi	r19, 0xFF	; 255
     e5c:	e3 16       	cp	r14, r19
     e5e:	f1 04       	cpc	r15, r1
     e60:	01 05       	cpc	r16, r1
     e62:	11 05       	cpc	r17, r1
     e64:	31 f0       	breq	.+12     	; 0xe72 <__stack+0x613>
     e66:	28 f0       	brcs	.+10     	; 0xe72 <__stack+0x613>
     e68:	48 e0       	ldi	r20, 0x08	; 8
     e6a:	50 e0       	ldi	r21, 0x00	; 0
     e6c:	60 e0       	ldi	r22, 0x00	; 0
     e6e:	70 e0       	ldi	r23, 0x00	; 0
     e70:	17 c0       	rjmp	.+46     	; 0xea0 <__stack+0x641>
     e72:	40 e0       	ldi	r20, 0x00	; 0
     e74:	50 e0       	ldi	r21, 0x00	; 0
     e76:	60 e0       	ldi	r22, 0x00	; 0
     e78:	70 e0       	ldi	r23, 0x00	; 0
     e7a:	12 c0       	rjmp	.+36     	; 0xea0 <__stack+0x641>
     e7c:	40 e0       	ldi	r20, 0x00	; 0
     e7e:	e4 16       	cp	r14, r20
     e80:	40 e0       	ldi	r20, 0x00	; 0
     e82:	f4 06       	cpc	r15, r20
     e84:	40 e0       	ldi	r20, 0x00	; 0
     e86:	04 07       	cpc	r16, r20
     e88:	41 e0       	ldi	r20, 0x01	; 1
     e8a:	14 07       	cpc	r17, r20
     e8c:	28 f0       	brcs	.+10     	; 0xe98 <__stack+0x639>
     e8e:	48 e1       	ldi	r20, 0x18	; 24
     e90:	50 e0       	ldi	r21, 0x00	; 0
     e92:	60 e0       	ldi	r22, 0x00	; 0
     e94:	70 e0       	ldi	r23, 0x00	; 0
     e96:	04 c0       	rjmp	.+8      	; 0xea0 <__stack+0x641>
     e98:	40 e1       	ldi	r20, 0x10	; 16
     e9a:	50 e0       	ldi	r21, 0x00	; 0
     e9c:	60 e0       	ldi	r22, 0x00	; 0
     e9e:	70 e0       	ldi	r23, 0x00	; 0
     ea0:	d8 01       	movw	r26, r16
     ea2:	c7 01       	movw	r24, r14
     ea4:	04 2e       	mov	r0, r20
     ea6:	04 c0       	rjmp	.+8      	; 0xeb0 <__stack+0x651>
     ea8:	b6 95       	lsr	r27
     eaa:	a7 95       	ror	r26
     eac:	97 95       	ror	r25
     eae:	87 95       	ror	r24
     eb0:	0a 94       	dec	r0
     eb2:	d2 f7       	brpl	.-12     	; 0xea8 <__stack+0x649>
     eb4:	83 57       	subi	r24, 0x73	; 115
     eb6:	9f 4f       	sbci	r25, 0xFF	; 255
     eb8:	dc 01       	movw	r26, r24
     eba:	2c 91       	ld	r18, X
     ebc:	30 e2       	ldi	r19, 0x20	; 32
     ebe:	a3 2e       	mov	r10, r19
     ec0:	b1 2c       	mov	r11, r1
     ec2:	c1 2c       	mov	r12, r1
     ec4:	d1 2c       	mov	r13, r1
     ec6:	d6 01       	movw	r26, r12
     ec8:	c5 01       	movw	r24, r10
     eca:	84 1b       	sub	r24, r20
     ecc:	95 0b       	sbc	r25, r21
     ece:	a6 0b       	sbc	r26, r22
     ed0:	b7 0b       	sbc	r27, r23
     ed2:	82 1b       	sub	r24, r18
     ed4:	91 09       	sbc	r25, r1
     ed6:	a1 09       	sbc	r26, r1
     ed8:	b1 09       	sbc	r27, r1
     eda:	00 97       	sbiw	r24, 0x00	; 0
     edc:	a1 05       	cpc	r26, r1
     ede:	b1 05       	cpc	r27, r1
     ee0:	99 f4       	brne	.+38     	; 0xf08 <__stack+0x6a9>
     ee2:	e6 14       	cp	r14, r6
     ee4:	f7 04       	cpc	r15, r7
     ee6:	08 05       	cpc	r16, r8
     ee8:	19 05       	cpc	r17, r9
     eea:	08 f4       	brcc	.+2      	; 0xeee <__stack+0x68f>
     eec:	fe c1       	rjmp	.+1020   	; 0x12ea <__stack+0xa8b>
     eee:	21 96       	adiw	r28, 0x01	; 1
     ef0:	6c ac       	ldd	r6, Y+60	; 0x3c
     ef2:	7d ac       	ldd	r7, Y+61	; 0x3d
     ef4:	8e ac       	ldd	r8, Y+62	; 0x3e
     ef6:	9f ac       	ldd	r9, Y+63	; 0x3f
     ef8:	21 97       	sbiw	r28, 0x01	; 1
     efa:	62 14       	cp	r6, r2
     efc:	73 04       	cpc	r7, r3
     efe:	84 04       	cpc	r8, r4
     f00:	95 04       	cpc	r9, r5
     f02:	08 f0       	brcs	.+2      	; 0xf06 <__stack+0x6a7>
     f04:	f2 c1       	rjmp	.+996    	; 0x12ea <__stack+0xa8b>
     f06:	ff c1       	rjmp	.+1022   	; 0x1306 <__stack+0xaa7>
     f08:	e2 96       	adiw	r28, 0x32	; 50
     f0a:	8f af       	std	Y+63, r24	; 0x3f
     f0c:	e2 97       	sbiw	r28, 0x32	; 50
     f0e:	08 2e       	mov	r0, r24
     f10:	04 c0       	rjmp	.+8      	; 0xf1a <__stack+0x6bb>
     f12:	ee 0c       	add	r14, r14
     f14:	ff 1c       	adc	r15, r15
     f16:	00 1f       	adc	r16, r16
     f18:	11 1f       	adc	r17, r17
     f1a:	0a 94       	dec	r0
     f1c:	d2 f7       	brpl	.-12     	; 0xf12 <__stack+0x6b3>
     f1e:	6a 2d       	mov	r22, r10
     f20:	68 1b       	sub	r22, r24
     f22:	d2 01       	movw	r26, r4
     f24:	c1 01       	movw	r24, r2
     f26:	06 2e       	mov	r0, r22
     f28:	04 c0       	rjmp	.+8      	; 0xf32 <__stack+0x6d3>
     f2a:	b6 95       	lsr	r27
     f2c:	a7 95       	ror	r26
     f2e:	97 95       	ror	r25
     f30:	87 95       	ror	r24
     f32:	0a 94       	dec	r0
     f34:	d2 f7       	brpl	.-12     	; 0xf2a <__stack+0x6cb>
     f36:	5c 01       	movw	r10, r24
     f38:	6d 01       	movw	r12, r26
     f3a:	ae 28       	or	r10, r14
     f3c:	bf 28       	or	r11, r15
     f3e:	c0 2a       	or	r12, r16
     f40:	d1 2a       	or	r13, r17
     f42:	ad aa       	std	Y+53, r10	; 0x35
     f44:	be aa       	std	Y+54, r11	; 0x36
     f46:	cf aa       	std	Y+55, r12	; 0x37
     f48:	d8 ae       	std	Y+56, r13	; 0x38
     f4a:	72 01       	movw	r14, r4
     f4c:	61 01       	movw	r12, r2
     f4e:	e2 96       	adiw	r28, 0x32	; 50
     f50:	0f ac       	ldd	r0, Y+63	; 0x3f
     f52:	e2 97       	sbiw	r28, 0x32	; 50
     f54:	04 c0       	rjmp	.+8      	; 0xf5e <__stack+0x6ff>
     f56:	cc 0c       	add	r12, r12
     f58:	dd 1c       	adc	r13, r13
     f5a:	ee 1c       	adc	r14, r14
     f5c:	ff 1c       	adc	r15, r15
     f5e:	0a 94       	dec	r0
     f60:	d2 f7       	brpl	.-12     	; 0xf56 <__stack+0x6f7>
     f62:	c9 aa       	std	Y+49, r12	; 0x31
     f64:	da aa       	std	Y+50, r13	; 0x32
     f66:	eb aa       	std	Y+51, r14	; 0x33
     f68:	fc aa       	std	Y+52, r15	; 0x34
     f6a:	64 01       	movw	r12, r8
     f6c:	53 01       	movw	r10, r6
     f6e:	06 2e       	mov	r0, r22
     f70:	04 c0       	rjmp	.+8      	; 0xf7a <__stack+0x71b>
     f72:	d6 94       	lsr	r13
     f74:	c7 94       	ror	r12
     f76:	b7 94       	ror	r11
     f78:	a7 94       	ror	r10
     f7a:	0a 94       	dec	r0
     f7c:	d2 f7       	brpl	.-12     	; 0xf72 <__stack+0x713>
     f7e:	d4 01       	movw	r26, r8
     f80:	c3 01       	movw	r24, r6
     f82:	e2 96       	adiw	r28, 0x32	; 50
     f84:	0f ac       	ldd	r0, Y+63	; 0x3f
     f86:	e2 97       	sbiw	r28, 0x32	; 50
     f88:	04 c0       	rjmp	.+8      	; 0xf92 <__stack+0x733>
     f8a:	88 0f       	add	r24, r24
     f8c:	99 1f       	adc	r25, r25
     f8e:	aa 1f       	adc	r26, r26
     f90:	bb 1f       	adc	r27, r27
     f92:	0a 94       	dec	r0
     f94:	d2 f7       	brpl	.-12     	; 0xf8a <__stack+0x72b>
     f96:	21 96       	adiw	r28, 0x01	; 1
     f98:	ec ac       	ldd	r14, Y+60	; 0x3c
     f9a:	fd ac       	ldd	r15, Y+61	; 0x3d
     f9c:	0e ad       	ldd	r16, Y+62	; 0x3e
     f9e:	1f ad       	ldd	r17, Y+63	; 0x3f
     fa0:	21 97       	sbiw	r28, 0x01	; 1
     fa2:	04 c0       	rjmp	.+8      	; 0xfac <__stack+0x74d>
     fa4:	16 95       	lsr	r17
     fa6:	07 95       	ror	r16
     fa8:	f7 94       	ror	r15
     faa:	e7 94       	ror	r14
     fac:	6a 95       	dec	r22
     fae:	d2 f7       	brpl	.-12     	; 0xfa4 <__stack+0x745>
     fb0:	37 01       	movw	r6, r14
     fb2:	48 01       	movw	r8, r16
     fb4:	68 2a       	or	r6, r24
     fb6:	79 2a       	or	r7, r25
     fb8:	8a 2a       	or	r8, r26
     fba:	9b 2a       	or	r9, r27
     fbc:	6d a6       	std	Y+45, r6	; 0x2d
     fbe:	7e a6       	std	Y+46, r7	; 0x2e
     fc0:	8f a6       	std	Y+47, r8	; 0x2f
     fc2:	98 aa       	std	Y+48, r9	; 0x30
     fc4:	ed a8       	ldd	r14, Y+53	; 0x35
     fc6:	fe a8       	ldd	r15, Y+54	; 0x36
     fc8:	0f a9       	ldd	r16, Y+55	; 0x37
     fca:	18 ad       	ldd	r17, Y+56	; 0x38
     fcc:	38 01       	movw	r6, r16
     fce:	88 24       	eor	r8, r8
     fd0:	99 24       	eor	r9, r9
     fd2:	98 01       	movw	r18, r16
     fd4:	87 01       	movw	r16, r14
     fd6:	20 70       	andi	r18, 0x00	; 0
     fd8:	30 70       	andi	r19, 0x00	; 0
     fda:	a5 96       	adiw	r28, 0x25	; 37
     fdc:	0c af       	std	Y+60, r16	; 0x3c
     fde:	1d af       	std	Y+61, r17	; 0x3d
     fe0:	2e af       	std	Y+62, r18	; 0x3e
     fe2:	3f af       	std	Y+63, r19	; 0x3f
     fe4:	a5 97       	sbiw	r28, 0x25	; 37
     fe6:	c6 01       	movw	r24, r12
     fe8:	b5 01       	movw	r22, r10
     fea:	a4 01       	movw	r20, r8
     fec:	93 01       	movw	r18, r6
     fee:	0e 94 e1 30 	call	0x61c2	; 0x61c2 <__udivmodsi4>
     ff2:	7b 01       	movw	r14, r22
     ff4:	8c 01       	movw	r16, r24
     ff6:	c6 01       	movw	r24, r12
     ff8:	b5 01       	movw	r22, r10
     ffa:	a4 01       	movw	r20, r8
     ffc:	93 01       	movw	r18, r6
     ffe:	0e 94 e1 30 	call	0x61c2	; 0x61c2 <__udivmodsi4>
    1002:	c9 01       	movw	r24, r18
    1004:	da 01       	movw	r26, r20
    1006:	1c 01       	movw	r2, r24
    1008:	2d 01       	movw	r4, r26
    100a:	c2 01       	movw	r24, r4
    100c:	b1 01       	movw	r22, r2
    100e:	a5 96       	adiw	r28, 0x25	; 37
    1010:	2c ad       	ldd	r18, Y+60	; 0x3c
    1012:	3d ad       	ldd	r19, Y+61	; 0x3d
    1014:	4e ad       	ldd	r20, Y+62	; 0x3e
    1016:	5f ad       	ldd	r21, Y+63	; 0x3f
    1018:	a5 97       	sbiw	r28, 0x25	; 37
    101a:	0e 94 c2 30 	call	0x6184	; 0x6184 <__mulsi3>
    101e:	9b 01       	movw	r18, r22
    1020:	ac 01       	movw	r20, r24
    1022:	87 01       	movw	r16, r14
    1024:	ff 24       	eor	r15, r15
    1026:	ee 24       	eor	r14, r14
    1028:	ad a4       	ldd	r10, Y+45	; 0x2d
    102a:	be a4       	ldd	r11, Y+46	; 0x2e
    102c:	cf a4       	ldd	r12, Y+47	; 0x2f
    102e:	d8 a8       	ldd	r13, Y+48	; 0x30
    1030:	c6 01       	movw	r24, r12
    1032:	aa 27       	eor	r26, r26
    1034:	bb 27       	eor	r27, r27
    1036:	57 01       	movw	r10, r14
    1038:	68 01       	movw	r12, r16
    103a:	a8 2a       	or	r10, r24
    103c:	b9 2a       	or	r11, r25
    103e:	ca 2a       	or	r12, r26
    1040:	db 2a       	or	r13, r27
    1042:	a2 16       	cp	r10, r18
    1044:	b3 06       	cpc	r11, r19
    1046:	c4 06       	cpc	r12, r20
    1048:	d5 06       	cpc	r13, r21
    104a:	00 f5       	brcc	.+64     	; 0x108c <__stack+0x82d>
    104c:	08 94       	sec
    104e:	21 08       	sbc	r2, r1
    1050:	31 08       	sbc	r3, r1
    1052:	41 08       	sbc	r4, r1
    1054:	51 08       	sbc	r5, r1
    1056:	ed a8       	ldd	r14, Y+53	; 0x35
    1058:	fe a8       	ldd	r15, Y+54	; 0x36
    105a:	0f a9       	ldd	r16, Y+55	; 0x37
    105c:	18 ad       	ldd	r17, Y+56	; 0x38
    105e:	ae 0c       	add	r10, r14
    1060:	bf 1c       	adc	r11, r15
    1062:	c0 1e       	adc	r12, r16
    1064:	d1 1e       	adc	r13, r17
    1066:	ae 14       	cp	r10, r14
    1068:	bf 04       	cpc	r11, r15
    106a:	c0 06       	cpc	r12, r16
    106c:	d1 06       	cpc	r13, r17
    106e:	70 f0       	brcs	.+28     	; 0x108c <__stack+0x82d>
    1070:	a2 16       	cp	r10, r18
    1072:	b3 06       	cpc	r11, r19
    1074:	c4 06       	cpc	r12, r20
    1076:	d5 06       	cpc	r13, r21
    1078:	48 f4       	brcc	.+18     	; 0x108c <__stack+0x82d>
    107a:	08 94       	sec
    107c:	21 08       	sbc	r2, r1
    107e:	31 08       	sbc	r3, r1
    1080:	41 08       	sbc	r4, r1
    1082:	51 08       	sbc	r5, r1
    1084:	ae 0c       	add	r10, r14
    1086:	bf 1c       	adc	r11, r15
    1088:	c0 1e       	adc	r12, r16
    108a:	d1 1e       	adc	r13, r17
    108c:	a2 1a       	sub	r10, r18
    108e:	b3 0a       	sbc	r11, r19
    1090:	c4 0a       	sbc	r12, r20
    1092:	d5 0a       	sbc	r13, r21
    1094:	c6 01       	movw	r24, r12
    1096:	b5 01       	movw	r22, r10
    1098:	a4 01       	movw	r20, r8
    109a:	93 01       	movw	r18, r6
    109c:	0e 94 e1 30 	call	0x61c2	; 0x61c2 <__udivmodsi4>
    10a0:	7b 01       	movw	r14, r22
    10a2:	8c 01       	movw	r16, r24
    10a4:	c6 01       	movw	r24, r12
    10a6:	b5 01       	movw	r22, r10
    10a8:	a4 01       	movw	r20, r8
    10aa:	93 01       	movw	r18, r6
    10ac:	0e 94 e1 30 	call	0x61c2	; 0x61c2 <__udivmodsi4>
    10b0:	c9 01       	movw	r24, r18
    10b2:	da 01       	movw	r26, r20
    10b4:	3c 01       	movw	r6, r24
    10b6:	4d 01       	movw	r8, r26
    10b8:	c4 01       	movw	r24, r8
    10ba:	b3 01       	movw	r22, r6
    10bc:	a5 96       	adiw	r28, 0x25	; 37
    10be:	2c ad       	ldd	r18, Y+60	; 0x3c
    10c0:	3d ad       	ldd	r19, Y+61	; 0x3d
    10c2:	4e ad       	ldd	r20, Y+62	; 0x3e
    10c4:	5f ad       	ldd	r21, Y+63	; 0x3f
    10c6:	a5 97       	sbiw	r28, 0x25	; 37
    10c8:	0e 94 c2 30 	call	0x6184	; 0x6184 <__mulsi3>
    10cc:	9b 01       	movw	r18, r22
    10ce:	ac 01       	movw	r20, r24
    10d0:	87 01       	movw	r16, r14
    10d2:	ff 24       	eor	r15, r15
    10d4:	ee 24       	eor	r14, r14
    10d6:	8d a5       	ldd	r24, Y+45	; 0x2d
    10d8:	9e a5       	ldd	r25, Y+46	; 0x2e
    10da:	af a5       	ldd	r26, Y+47	; 0x2f
    10dc:	b8 a9       	ldd	r27, Y+48	; 0x30
    10de:	a0 70       	andi	r26, 0x00	; 0
    10e0:	b0 70       	andi	r27, 0x00	; 0
    10e2:	57 01       	movw	r10, r14
    10e4:	68 01       	movw	r12, r16
    10e6:	a8 2a       	or	r10, r24
    10e8:	b9 2a       	or	r11, r25
    10ea:	ca 2a       	or	r12, r26
    10ec:	db 2a       	or	r13, r27
    10ee:	a2 16       	cp	r10, r18
    10f0:	b3 06       	cpc	r11, r19
    10f2:	c4 06       	cpc	r12, r20
    10f4:	d5 06       	cpc	r13, r21
    10f6:	00 f5       	brcc	.+64     	; 0x1138 <__stack+0x8d9>
    10f8:	08 94       	sec
    10fa:	61 08       	sbc	r6, r1
    10fc:	71 08       	sbc	r7, r1
    10fe:	81 08       	sbc	r8, r1
    1100:	91 08       	sbc	r9, r1
    1102:	6d a9       	ldd	r22, Y+53	; 0x35
    1104:	7e a9       	ldd	r23, Y+54	; 0x36
    1106:	8f a9       	ldd	r24, Y+55	; 0x37
    1108:	98 ad       	ldd	r25, Y+56	; 0x38
    110a:	a6 0e       	add	r10, r22
    110c:	b7 1e       	adc	r11, r23
    110e:	c8 1e       	adc	r12, r24
    1110:	d9 1e       	adc	r13, r25
    1112:	a6 16       	cp	r10, r22
    1114:	b7 06       	cpc	r11, r23
    1116:	c8 06       	cpc	r12, r24
    1118:	d9 06       	cpc	r13, r25
    111a:	70 f0       	brcs	.+28     	; 0x1138 <__stack+0x8d9>
    111c:	a2 16       	cp	r10, r18
    111e:	b3 06       	cpc	r11, r19
    1120:	c4 06       	cpc	r12, r20
    1122:	d5 06       	cpc	r13, r21
    1124:	48 f4       	brcc	.+18     	; 0x1138 <__stack+0x8d9>
    1126:	08 94       	sec
    1128:	61 08       	sbc	r6, r1
    112a:	71 08       	sbc	r7, r1
    112c:	81 08       	sbc	r8, r1
    112e:	91 08       	sbc	r9, r1
    1130:	a6 0e       	add	r10, r22
    1132:	b7 1e       	adc	r11, r23
    1134:	c8 1e       	adc	r12, r24
    1136:	d9 1e       	adc	r13, r25
    1138:	d6 01       	movw	r26, r12
    113a:	c5 01       	movw	r24, r10
    113c:	82 1b       	sub	r24, r18
    113e:	93 0b       	sbc	r25, r19
    1140:	a4 0b       	sbc	r26, r20
    1142:	b5 0b       	sbc	r27, r21
    1144:	89 a7       	std	Y+41, r24	; 0x29
    1146:	9a a7       	std	Y+42, r25	; 0x2a
    1148:	ab a7       	std	Y+43, r26	; 0x2b
    114a:	bc a7       	std	Y+44, r27	; 0x2c
    114c:	d1 01       	movw	r26, r2
    114e:	99 27       	eor	r25, r25
    1150:	88 27       	eor	r24, r24
    1152:	64 01       	movw	r12, r8
    1154:	53 01       	movw	r10, r6
    1156:	a8 2a       	or	r10, r24
    1158:	b9 2a       	or	r11, r25
    115a:	ca 2a       	or	r12, r26
    115c:	db 2a       	or	r13, r27
    115e:	25 96       	adiw	r28, 0x05	; 5
    1160:	ac ae       	std	Y+60, r10	; 0x3c
    1162:	bd ae       	std	Y+61, r11	; 0x3d
    1164:	ce ae       	std	Y+62, r12	; 0x3e
    1166:	df ae       	std	Y+63, r13	; 0x3f
    1168:	25 97       	sbiw	r28, 0x05	; 5
    116a:	86 01       	movw	r16, r12
    116c:	75 01       	movw	r14, r10
    116e:	2f ef       	ldi	r18, 0xFF	; 255
    1170:	3f ef       	ldi	r19, 0xFF	; 255
    1172:	40 e0       	ldi	r20, 0x00	; 0
    1174:	50 e0       	ldi	r21, 0x00	; 0
    1176:	e2 22       	and	r14, r18
    1178:	f3 22       	and	r15, r19
    117a:	04 23       	and	r16, r20
    117c:	15 23       	and	r17, r21
    117e:	a6 01       	movw	r20, r12
    1180:	66 27       	eor	r22, r22
    1182:	77 27       	eor	r23, r23
    1184:	ad 96       	adiw	r28, 0x2d	; 45
    1186:	4c af       	std	Y+60, r20	; 0x3c
    1188:	5d af       	std	Y+61, r21	; 0x3d
    118a:	6e af       	std	Y+62, r22	; 0x3e
    118c:	7f af       	std	Y+63, r23	; 0x3f
    118e:	ad 97       	sbiw	r28, 0x2d	; 45
    1190:	a9 a8       	ldd	r10, Y+49	; 0x31
    1192:	ba a8       	ldd	r11, Y+50	; 0x32
    1194:	cb a8       	ldd	r12, Y+51	; 0x33
    1196:	dc a8       	ldd	r13, Y+52	; 0x34
    1198:	6f ef       	ldi	r22, 0xFF	; 255
    119a:	7f ef       	ldi	r23, 0xFF	; 255
    119c:	80 e0       	ldi	r24, 0x00	; 0
    119e:	90 e0       	ldi	r25, 0x00	; 0
    11a0:	a6 22       	and	r10, r22
    11a2:	b7 22       	and	r11, r23
    11a4:	c8 22       	and	r12, r24
    11a6:	d9 22       	and	r13, r25
    11a8:	89 a9       	ldd	r24, Y+49	; 0x31
    11aa:	9a a9       	ldd	r25, Y+50	; 0x32
    11ac:	ab a9       	ldd	r26, Y+51	; 0x33
    11ae:	bc a9       	ldd	r27, Y+52	; 0x34
    11b0:	1d 01       	movw	r2, r26
    11b2:	44 24       	eor	r4, r4
    11b4:	55 24       	eor	r5, r5
    11b6:	c8 01       	movw	r24, r16
    11b8:	b7 01       	movw	r22, r14
    11ba:	a6 01       	movw	r20, r12
    11bc:	95 01       	movw	r18, r10
    11be:	0e 94 c2 30 	call	0x6184	; 0x6184 <__mulsi3>
    11c2:	a9 96       	adiw	r28, 0x29	; 41
    11c4:	6c af       	std	Y+60, r22	; 0x3c
    11c6:	7d af       	std	Y+61, r23	; 0x3d
    11c8:	8e af       	std	Y+62, r24	; 0x3e
    11ca:	9f af       	std	Y+63, r25	; 0x3f
    11cc:	a9 97       	sbiw	r28, 0x29	; 41
    11ce:	c8 01       	movw	r24, r16
    11d0:	b7 01       	movw	r22, r14
    11d2:	a2 01       	movw	r20, r4
    11d4:	91 01       	movw	r18, r2
    11d6:	0e 94 c2 30 	call	0x6184	; 0x6184 <__mulsi3>
    11da:	3b 01       	movw	r6, r22
    11dc:	4c 01       	movw	r8, r24
    11de:	ad 96       	adiw	r28, 0x2d	; 45
    11e0:	6c ad       	ldd	r22, Y+60	; 0x3c
    11e2:	7d ad       	ldd	r23, Y+61	; 0x3d
    11e4:	8e ad       	ldd	r24, Y+62	; 0x3e
    11e6:	9f ad       	ldd	r25, Y+63	; 0x3f
    11e8:	ad 97       	sbiw	r28, 0x2d	; 45
    11ea:	a6 01       	movw	r20, r12
    11ec:	95 01       	movw	r18, r10
    11ee:	0e 94 c2 30 	call	0x6184	; 0x6184 <__mulsi3>
    11f2:	7b 01       	movw	r14, r22
    11f4:	8c 01       	movw	r16, r24
    11f6:	ad 96       	adiw	r28, 0x2d	; 45
    11f8:	6c ad       	ldd	r22, Y+60	; 0x3c
    11fa:	7d ad       	ldd	r23, Y+61	; 0x3d
    11fc:	8e ad       	ldd	r24, Y+62	; 0x3e
    11fe:	9f ad       	ldd	r25, Y+63	; 0x3f
    1200:	ad 97       	sbiw	r28, 0x2d	; 45
    1202:	a2 01       	movw	r20, r4
    1204:	91 01       	movw	r18, r2
    1206:	0e 94 c2 30 	call	0x6184	; 0x6184 <__mulsi3>
    120a:	5b 01       	movw	r10, r22
    120c:	6c 01       	movw	r12, r24
    120e:	a8 01       	movw	r20, r16
    1210:	97 01       	movw	r18, r14
    1212:	26 0d       	add	r18, r6
    1214:	37 1d       	adc	r19, r7
    1216:	48 1d       	adc	r20, r8
    1218:	59 1d       	adc	r21, r9
    121a:	a9 96       	adiw	r28, 0x29	; 41
    121c:	6c ac       	ldd	r6, Y+60	; 0x3c
    121e:	7d ac       	ldd	r7, Y+61	; 0x3d
    1220:	8e ac       	ldd	r8, Y+62	; 0x3e
    1222:	9f ac       	ldd	r9, Y+63	; 0x3f
    1224:	a9 97       	sbiw	r28, 0x29	; 41
    1226:	c4 01       	movw	r24, r8
    1228:	aa 27       	eor	r26, r26
    122a:	bb 27       	eor	r27, r27
    122c:	28 0f       	add	r18, r24
    122e:	39 1f       	adc	r19, r25
    1230:	4a 1f       	adc	r20, r26
    1232:	5b 1f       	adc	r21, r27
    1234:	2e 15       	cp	r18, r14
    1236:	3f 05       	cpc	r19, r15
    1238:	40 07       	cpc	r20, r16
    123a:	51 07       	cpc	r21, r17
    123c:	48 f4       	brcc	.+18     	; 0x1250 <__stack+0x9f1>
    123e:	e1 2c       	mov	r14, r1
    1240:	f1 2c       	mov	r15, r1
    1242:	61 e0       	ldi	r22, 0x01	; 1
    1244:	06 2f       	mov	r16, r22
    1246:	11 2d       	mov	r17, r1
    1248:	ae 0c       	add	r10, r14
    124a:	bf 1c       	adc	r11, r15
    124c:	c0 1e       	adc	r12, r16
    124e:	d1 1e       	adc	r13, r17
    1250:	ca 01       	movw	r24, r20
    1252:	aa 27       	eor	r26, r26
    1254:	bb 27       	eor	r27, r27
    1256:	bc 01       	movw	r22, r24
    1258:	cd 01       	movw	r24, r26
    125a:	6a 0d       	add	r22, r10
    125c:	7b 1d       	adc	r23, r11
    125e:	8c 1d       	adc	r24, r12
    1260:	9d 1d       	adc	r25, r13
    1262:	69 a4       	ldd	r6, Y+41	; 0x29
    1264:	7a a4       	ldd	r7, Y+42	; 0x2a
    1266:	8b a4       	ldd	r8, Y+43	; 0x2b
    1268:	9c a4       	ldd	r9, Y+44	; 0x2c
    126a:	66 16       	cp	r6, r22
    126c:	77 06       	cpc	r7, r23
    126e:	88 06       	cpc	r8, r24
    1270:	99 06       	cpc	r9, r25
    1272:	50 f1       	brcs	.+84     	; 0x12c8 <__stack+0xa69>
    1274:	66 15       	cp	r22, r6
    1276:	77 05       	cpc	r23, r7
    1278:	88 05       	cpc	r24, r8
    127a:	99 05       	cpc	r25, r9
    127c:	09 f0       	breq	.+2      	; 0x1280 <__stack+0xa21>
    127e:	4d c0       	rjmp	.+154    	; 0x131a <__stack+0xabb>
    1280:	d9 01       	movw	r26, r18
    1282:	99 27       	eor	r25, r25
    1284:	88 27       	eor	r24, r24
    1286:	a9 96       	adiw	r28, 0x29	; 41
    1288:	2c ad       	ldd	r18, Y+60	; 0x3c
    128a:	3d ad       	ldd	r19, Y+61	; 0x3d
    128c:	4e ad       	ldd	r20, Y+62	; 0x3e
    128e:	5f ad       	ldd	r21, Y+63	; 0x3f
    1290:	a9 97       	sbiw	r28, 0x29	; 41
    1292:	40 70       	andi	r20, 0x00	; 0
    1294:	50 70       	andi	r21, 0x00	; 0
    1296:	82 0f       	add	r24, r18
    1298:	93 1f       	adc	r25, r19
    129a:	a4 1f       	adc	r26, r20
    129c:	b5 1f       	adc	r27, r21
    129e:	21 96       	adiw	r28, 0x01	; 1
    12a0:	2c ad       	ldd	r18, Y+60	; 0x3c
    12a2:	3d ad       	ldd	r19, Y+61	; 0x3d
    12a4:	4e ad       	ldd	r20, Y+62	; 0x3e
    12a6:	5f ad       	ldd	r21, Y+63	; 0x3f
    12a8:	21 97       	sbiw	r28, 0x01	; 1
    12aa:	e2 96       	adiw	r28, 0x32	; 50
    12ac:	0f ac       	ldd	r0, Y+63	; 0x3f
    12ae:	e2 97       	sbiw	r28, 0x32	; 50
    12b0:	04 c0       	rjmp	.+8      	; 0x12ba <__stack+0xa5b>
    12b2:	22 0f       	add	r18, r18
    12b4:	33 1f       	adc	r19, r19
    12b6:	44 1f       	adc	r20, r20
    12b8:	55 1f       	adc	r21, r21
    12ba:	0a 94       	dec	r0
    12bc:	d2 f7       	brpl	.-12     	; 0x12b2 <__stack+0xa53>
    12be:	28 17       	cp	r18, r24
    12c0:	39 07       	cpc	r19, r25
    12c2:	4a 07       	cpc	r20, r26
    12c4:	5b 07       	cpc	r21, r27
    12c6:	48 f5       	brcc	.+82     	; 0x131a <__stack+0xabb>
    12c8:	25 96       	adiw	r28, 0x05	; 5
    12ca:	0c ad       	ldd	r16, Y+60	; 0x3c
    12cc:	1d ad       	ldd	r17, Y+61	; 0x3d
    12ce:	2e ad       	ldd	r18, Y+62	; 0x3e
    12d0:	3f ad       	ldd	r19, Y+63	; 0x3f
    12d2:	25 97       	sbiw	r28, 0x05	; 5
    12d4:	01 50       	subi	r16, 0x01	; 1
    12d6:	10 40       	sbci	r17, 0x00	; 0
    12d8:	20 40       	sbci	r18, 0x00	; 0
    12da:	30 40       	sbci	r19, 0x00	; 0
    12dc:	25 96       	adiw	r28, 0x05	; 5
    12de:	0c af       	std	Y+60, r16	; 0x3c
    12e0:	1d af       	std	Y+61, r17	; 0x3d
    12e2:	2e af       	std	Y+62, r18	; 0x3e
    12e4:	3f af       	std	Y+63, r19	; 0x3f
    12e6:	25 97       	sbiw	r28, 0x05	; 5
    12e8:	18 c0       	rjmp	.+48     	; 0x131a <__stack+0xabb>
    12ea:	66 24       	eor	r6, r6
    12ec:	77 24       	eor	r7, r7
    12ee:	43 01       	movw	r8, r6
    12f0:	21 e0       	ldi	r18, 0x01	; 1
    12f2:	30 e0       	ldi	r19, 0x00	; 0
    12f4:	40 e0       	ldi	r20, 0x00	; 0
    12f6:	50 e0       	ldi	r21, 0x00	; 0
    12f8:	25 96       	adiw	r28, 0x05	; 5
    12fa:	2c af       	std	Y+60, r18	; 0x3c
    12fc:	3d af       	std	Y+61, r19	; 0x3d
    12fe:	4e af       	std	Y+62, r20	; 0x3e
    1300:	5f af       	std	Y+63, r21	; 0x3f
    1302:	25 97       	sbiw	r28, 0x05	; 5
    1304:	0d c0       	rjmp	.+26     	; 0x1320 <__stack+0xac1>
    1306:	66 24       	eor	r6, r6
    1308:	77 24       	eor	r7, r7
    130a:	43 01       	movw	r8, r6
    130c:	25 96       	adiw	r28, 0x05	; 5
    130e:	1c ae       	std	Y+60, r1	; 0x3c
    1310:	1d ae       	std	Y+61, r1	; 0x3d
    1312:	1e ae       	std	Y+62, r1	; 0x3e
    1314:	1f ae       	std	Y+63, r1	; 0x3f
    1316:	25 97       	sbiw	r28, 0x05	; 5
    1318:	03 c0       	rjmp	.+6      	; 0x1320 <__stack+0xac1>
    131a:	66 24       	eor	r6, r6
    131c:	77 24       	eor	r7, r7
    131e:	43 01       	movw	r8, r6
    1320:	fe 01       	movw	r30, r28
    1322:	b1 96       	adiw	r30, 0x21	; 33
    1324:	88 e0       	ldi	r24, 0x08	; 8
    1326:	df 01       	movw	r26, r30
    1328:	1d 92       	st	X+, r1
    132a:	8a 95       	dec	r24
    132c:	e9 f7       	brne	.-6      	; 0x1328 <__stack+0xac9>
    132e:	25 96       	adiw	r28, 0x05	; 5
    1330:	ac ac       	ldd	r10, Y+60	; 0x3c
    1332:	bd ac       	ldd	r11, Y+61	; 0x3d
    1334:	ce ac       	ldd	r12, Y+62	; 0x3e
    1336:	df ac       	ldd	r13, Y+63	; 0x3f
    1338:	25 97       	sbiw	r28, 0x05	; 5
    133a:	a9 a2       	std	Y+33, r10	; 0x21
    133c:	ba a2       	std	Y+34, r11	; 0x22
    133e:	cb a2       	std	Y+35, r12	; 0x23
    1340:	dc a2       	std	Y+36, r13	; 0x24
    1342:	6d a2       	std	Y+37, r6	; 0x25
    1344:	7e a2       	std	Y+38, r7	; 0x26
    1346:	8f a2       	std	Y+39, r8	; 0x27
    1348:	98 a6       	std	Y+40, r9	; 0x28
    134a:	22 96       	adiw	r28, 0x02	; 2
    134c:	2f ad       	ldd	r18, Y+63	; 0x3f
    134e:	22 97       	sbiw	r28, 0x02	; 2
    1350:	3a a1       	ldd	r19, Y+34	; 0x22
    1352:	4b a1       	ldd	r20, Y+35	; 0x23
    1354:	5c a1       	ldd	r21, Y+36	; 0x24
    1356:	66 2d       	mov	r22, r6
    1358:	7e a1       	ldd	r23, Y+38	; 0x26
    135a:	df a0       	ldd	r13, Y+39	; 0x27
    135c:	98 a5       	ldd	r25, Y+40	; 0x28
    135e:	e1 96       	adiw	r28, 0x31	; 49
    1360:	ec ac       	ldd	r14, Y+60	; 0x3c
    1362:	fd ac       	ldd	r15, Y+61	; 0x3d
    1364:	0e ad       	ldd	r16, Y+62	; 0x3e
    1366:	1f ad       	ldd	r17, Y+63	; 0x3f
    1368:	e1 97       	sbiw	r28, 0x31	; 49
    136a:	e1 14       	cp	r14, r1
    136c:	f1 04       	cpc	r15, r1
    136e:	01 05       	cpc	r16, r1
    1370:	11 05       	cpc	r17, r1
    1372:	09 f4       	brne	.+2      	; 0x1376 <__stack+0xb17>
    1374:	56 c0       	rjmp	.+172    	; 0x1422 <__stack+0xbc3>
    1376:	21 95       	neg	r18
    1378:	81 e0       	ldi	r24, 0x01	; 1
    137a:	12 16       	cp	r1, r18
    137c:	08 f0       	brcs	.+2      	; 0x1380 <__stack+0xb21>
    137e:	80 e0       	ldi	r24, 0x00	; 0
    1380:	31 95       	neg	r19
    1382:	e1 e0       	ldi	r30, 0x01	; 1
    1384:	13 16       	cp	r1, r19
    1386:	08 f0       	brcs	.+2      	; 0x138a <__stack+0xb2b>
    1388:	e0 e0       	ldi	r30, 0x00	; 0
    138a:	93 2e       	mov	r9, r19
    138c:	98 1a       	sub	r9, r24
    138e:	81 e0       	ldi	r24, 0x01	; 1
    1390:	39 15       	cp	r19, r9
    1392:	08 f0       	brcs	.+2      	; 0x1396 <__stack+0xb37>
    1394:	80 e0       	ldi	r24, 0x00	; 0
    1396:	e8 2b       	or	r30, r24
    1398:	41 95       	neg	r20
    139a:	f1 e0       	ldi	r31, 0x01	; 1
    139c:	14 16       	cp	r1, r20
    139e:	08 f0       	brcs	.+2      	; 0x13a2 <__stack+0xb43>
    13a0:	f0 e0       	ldi	r31, 0x00	; 0
    13a2:	a4 2e       	mov	r10, r20
    13a4:	ae 1a       	sub	r10, r30
    13a6:	81 e0       	ldi	r24, 0x01	; 1
    13a8:	4a 15       	cp	r20, r10
    13aa:	08 f0       	brcs	.+2      	; 0x13ae <__stack+0xb4f>
    13ac:	80 e0       	ldi	r24, 0x00	; 0
    13ae:	f8 2b       	or	r31, r24
    13b0:	51 95       	neg	r21
    13b2:	e1 e0       	ldi	r30, 0x01	; 1
    13b4:	15 16       	cp	r1, r21
    13b6:	08 f0       	brcs	.+2      	; 0x13ba <__stack+0xb5b>
    13b8:	e0 e0       	ldi	r30, 0x00	; 0
    13ba:	b5 2e       	mov	r11, r21
    13bc:	bf 1a       	sub	r11, r31
    13be:	81 e0       	ldi	r24, 0x01	; 1
    13c0:	5b 15       	cp	r21, r11
    13c2:	08 f0       	brcs	.+2      	; 0x13c6 <__stack+0xb67>
    13c4:	80 e0       	ldi	r24, 0x00	; 0
    13c6:	e8 2b       	or	r30, r24
    13c8:	61 95       	neg	r22
    13ca:	f1 e0       	ldi	r31, 0x01	; 1
    13cc:	16 16       	cp	r1, r22
    13ce:	08 f0       	brcs	.+2      	; 0x13d2 <__stack+0xb73>
    13d0:	f0 e0       	ldi	r31, 0x00	; 0
    13d2:	a6 2f       	mov	r26, r22
    13d4:	ae 1b       	sub	r26, r30
    13d6:	81 e0       	ldi	r24, 0x01	; 1
    13d8:	6a 17       	cp	r22, r26
    13da:	08 f0       	brcs	.+2      	; 0x13de <__stack+0xb7f>
    13dc:	80 e0       	ldi	r24, 0x00	; 0
    13de:	f8 2b       	or	r31, r24
    13e0:	71 95       	neg	r23
    13e2:	e1 e0       	ldi	r30, 0x01	; 1
    13e4:	17 16       	cp	r1, r23
    13e6:	08 f0       	brcs	.+2      	; 0x13ea <__stack+0xb8b>
    13e8:	e0 e0       	ldi	r30, 0x00	; 0
    13ea:	c7 2e       	mov	r12, r23
    13ec:	cf 1a       	sub	r12, r31
    13ee:	81 e0       	ldi	r24, 0x01	; 1
    13f0:	7c 15       	cp	r23, r12
    13f2:	08 f0       	brcs	.+2      	; 0x13f6 <__stack+0xb97>
    13f4:	80 e0       	ldi	r24, 0x00	; 0
    13f6:	e8 2b       	or	r30, r24
    13f8:	8d 2d       	mov	r24, r13
    13fa:	81 95       	neg	r24
    13fc:	f1 e0       	ldi	r31, 0x01	; 1
    13fe:	18 16       	cp	r1, r24
    1400:	08 f0       	brcs	.+2      	; 0x1404 <__stack+0xba5>
    1402:	f0 e0       	ldi	r31, 0x00	; 0
    1404:	d8 2e       	mov	r13, r24
    1406:	de 1a       	sub	r13, r30
    1408:	e1 e0       	ldi	r30, 0x01	; 1
    140a:	8d 15       	cp	r24, r13
    140c:	08 f0       	brcs	.+2      	; 0x1410 <__stack+0xbb1>
    140e:	e0 e0       	ldi	r30, 0x00	; 0
    1410:	fe 2b       	or	r31, r30
    1412:	89 2f       	mov	r24, r25
    1414:	81 95       	neg	r24
    1416:	39 2d       	mov	r19, r9
    1418:	a5 01       	movw	r20, r10
    141a:	6a 2f       	mov	r22, r26
    141c:	7c 2d       	mov	r23, r12
    141e:	98 2f       	mov	r25, r24
    1420:	9f 1b       	sub	r25, r31
    1422:	8d 2d       	mov	r24, r13
    1424:	ce 58       	subi	r28, 0x8E	; 142
    1426:	df 4f       	sbci	r29, 0xFF	; 255
    1428:	e2 e1       	ldi	r30, 0x12	; 18
    142a:	0c 94 3a 31 	jmp	0x6274	; 0x6274 <__epilogue_restores__>

0000142e <__moddi3>:
    142e:	a7 e7       	ldi	r26, 0x77	; 119
    1430:	b0 e0       	ldi	r27, 0x00	; 0
    1432:	ed e1       	ldi	r30, 0x1D	; 29
    1434:	fa e0       	ldi	r31, 0x0A	; 10
    1436:	0c 94 1e 31 	jmp	0x623c	; 0x623c <__prologue_saves__>
    143a:	98 2e       	mov	r9, r24
    143c:	89 2e       	mov	r8, r25
    143e:	71 2e       	mov	r7, r17
    1440:	88 e0       	ldi	r24, 0x08	; 8
    1442:	fe 01       	movw	r30, r28
    1444:	31 96       	adiw	r30, 0x01	; 1
    1446:	df 01       	movw	r26, r30
    1448:	68 2e       	mov	r6, r24
    144a:	1d 92       	st	X+, r1
    144c:	6a 94       	dec	r6
    144e:	e9 f7       	brne	.-6      	; 0x144a <__moddi3+0x1c>
    1450:	29 83       	std	Y+1, r18	; 0x01
    1452:	3a 83       	std	Y+2, r19	; 0x02
    1454:	4b 83       	std	Y+3, r20	; 0x03
    1456:	5c 83       	std	Y+4, r21	; 0x04
    1458:	6d 83       	std	Y+5, r22	; 0x05
    145a:	7e 83       	std	Y+6, r23	; 0x06
    145c:	9f 82       	std	Y+7, r9	; 0x07
    145e:	98 87       	std	Y+8, r25	; 0x08
    1460:	fe 01       	movw	r30, r28
    1462:	39 96       	adiw	r30, 0x09	; 9
    1464:	df 01       	movw	r26, r30
    1466:	1d 92       	st	X+, r1
    1468:	8a 95       	dec	r24
    146a:	e9 f7       	brne	.-6      	; 0x1466 <__moddi3+0x38>
    146c:	a9 86       	std	Y+9, r10	; 0x09
    146e:	ba 86       	std	Y+10, r11	; 0x0a
    1470:	cb 86       	std	Y+11, r12	; 0x0b
    1472:	dc 86       	std	Y+12, r13	; 0x0c
    1474:	ed 86       	std	Y+13, r14	; 0x0d
    1476:	fe 86       	std	Y+14, r15	; 0x0e
    1478:	0f 87       	std	Y+15, r16	; 0x0f
    147a:	18 8b       	std	Y+16, r17	; 0x10
    147c:	8d 81       	ldd	r24, Y+5	; 0x05
    147e:	9e 81       	ldd	r25, Y+6	; 0x06
    1480:	af 81       	ldd	r26, Y+7	; 0x07
    1482:	b8 85       	ldd	r27, Y+8	; 0x08
    1484:	b7 fd       	sbrc	r27, 7
    1486:	07 c0       	rjmp	.+14     	; 0x1496 <__moddi3+0x68>
    1488:	e1 96       	adiw	r28, 0x31	; 49
    148a:	1c ae       	std	Y+60, r1	; 0x3c
    148c:	1d ae       	std	Y+61, r1	; 0x3d
    148e:	1e ae       	std	Y+62, r1	; 0x3e
    1490:	1f ae       	std	Y+63, r1	; 0x3f
    1492:	e1 97       	sbiw	r28, 0x31	; 49
    1494:	64 c0       	rjmp	.+200    	; 0x155e <__moddi3+0x130>
    1496:	21 95       	neg	r18
    1498:	81 e0       	ldi	r24, 0x01	; 1
    149a:	12 16       	cp	r1, r18
    149c:	08 f0       	brcs	.+2      	; 0x14a0 <__moddi3+0x72>
    149e:	80 e0       	ldi	r24, 0x00	; 0
    14a0:	31 95       	neg	r19
    14a2:	91 e0       	ldi	r25, 0x01	; 1
    14a4:	13 16       	cp	r1, r19
    14a6:	08 f0       	brcs	.+2      	; 0x14aa <__moddi3+0x7c>
    14a8:	90 e0       	ldi	r25, 0x00	; 0
    14aa:	b3 2f       	mov	r27, r19
    14ac:	b8 1b       	sub	r27, r24
    14ae:	81 e0       	ldi	r24, 0x01	; 1
    14b0:	3b 17       	cp	r19, r27
    14b2:	08 f0       	brcs	.+2      	; 0x14b6 <__moddi3+0x88>
    14b4:	80 e0       	ldi	r24, 0x00	; 0
    14b6:	98 2b       	or	r25, r24
    14b8:	41 95       	neg	r20
    14ba:	31 e0       	ldi	r19, 0x01	; 1
    14bc:	14 16       	cp	r1, r20
    14be:	08 f0       	brcs	.+2      	; 0x14c2 <__moddi3+0x94>
    14c0:	30 e0       	ldi	r19, 0x00	; 0
    14c2:	a4 2f       	mov	r26, r20
    14c4:	a9 1b       	sub	r26, r25
    14c6:	81 e0       	ldi	r24, 0x01	; 1
    14c8:	4a 17       	cp	r20, r26
    14ca:	08 f0       	brcs	.+2      	; 0x14ce <__moddi3+0xa0>
    14cc:	80 e0       	ldi	r24, 0x00	; 0
    14ce:	38 2b       	or	r19, r24
    14d0:	51 95       	neg	r21
    14d2:	91 e0       	ldi	r25, 0x01	; 1
    14d4:	15 16       	cp	r1, r21
    14d6:	08 f0       	brcs	.+2      	; 0x14da <__moddi3+0xac>
    14d8:	90 e0       	ldi	r25, 0x00	; 0
    14da:	f5 2f       	mov	r31, r21
    14dc:	f3 1b       	sub	r31, r19
    14de:	81 e0       	ldi	r24, 0x01	; 1
    14e0:	5f 17       	cp	r21, r31
    14e2:	08 f0       	brcs	.+2      	; 0x14e6 <__moddi3+0xb8>
    14e4:	80 e0       	ldi	r24, 0x00	; 0
    14e6:	98 2b       	or	r25, r24
    14e8:	61 95       	neg	r22
    14ea:	31 e0       	ldi	r19, 0x01	; 1
    14ec:	16 16       	cp	r1, r22
    14ee:	08 f0       	brcs	.+2      	; 0x14f2 <__moddi3+0xc4>
    14f0:	30 e0       	ldi	r19, 0x00	; 0
    14f2:	e6 2f       	mov	r30, r22
    14f4:	e9 1b       	sub	r30, r25
    14f6:	81 e0       	ldi	r24, 0x01	; 1
    14f8:	6e 17       	cp	r22, r30
    14fa:	08 f0       	brcs	.+2      	; 0x14fe <__moddi3+0xd0>
    14fc:	80 e0       	ldi	r24, 0x00	; 0
    14fe:	38 2b       	or	r19, r24
    1500:	71 95       	neg	r23
    1502:	41 e0       	ldi	r20, 0x01	; 1
    1504:	17 16       	cp	r1, r23
    1506:	08 f0       	brcs	.+2      	; 0x150a <__moddi3+0xdc>
    1508:	40 e0       	ldi	r20, 0x00	; 0
    150a:	57 2f       	mov	r21, r23
    150c:	53 1b       	sub	r21, r19
    150e:	81 e0       	ldi	r24, 0x01	; 1
    1510:	75 17       	cp	r23, r21
    1512:	08 f0       	brcs	.+2      	; 0x1516 <__moddi3+0xe8>
    1514:	80 e0       	ldi	r24, 0x00	; 0
    1516:	48 2b       	or	r20, r24
    1518:	89 2d       	mov	r24, r9
    151a:	81 95       	neg	r24
    151c:	91 e0       	ldi	r25, 0x01	; 1
    151e:	18 16       	cp	r1, r24
    1520:	08 f0       	brcs	.+2      	; 0x1524 <__moddi3+0xf6>
    1522:	90 e0       	ldi	r25, 0x00	; 0
    1524:	68 2e       	mov	r6, r24
    1526:	64 1a       	sub	r6, r20
    1528:	46 2d       	mov	r20, r6
    152a:	31 e0       	ldi	r19, 0x01	; 1
    152c:	86 15       	cp	r24, r6
    152e:	08 f0       	brcs	.+2      	; 0x1532 <__moddi3+0x104>
    1530:	30 e0       	ldi	r19, 0x00	; 0
    1532:	93 2b       	or	r25, r19
    1534:	88 2d       	mov	r24, r8
    1536:	81 95       	neg	r24
    1538:	89 1b       	sub	r24, r25
    153a:	29 83       	std	Y+1, r18	; 0x01
    153c:	ba 83       	std	Y+2, r27	; 0x02
    153e:	ab 83       	std	Y+3, r26	; 0x03
    1540:	fc 83       	std	Y+4, r31	; 0x04
    1542:	ed 83       	std	Y+5, r30	; 0x05
    1544:	5e 83       	std	Y+6, r21	; 0x06
    1546:	4f 83       	std	Y+7, r20	; 0x07
    1548:	88 87       	std	Y+8, r24	; 0x08
    154a:	2f ef       	ldi	r18, 0xFF	; 255
    154c:	3f ef       	ldi	r19, 0xFF	; 255
    154e:	4f ef       	ldi	r20, 0xFF	; 255
    1550:	5f ef       	ldi	r21, 0xFF	; 255
    1552:	e1 96       	adiw	r28, 0x31	; 49
    1554:	2c af       	std	Y+60, r18	; 0x3c
    1556:	3d af       	std	Y+61, r19	; 0x3d
    1558:	4e af       	std	Y+62, r20	; 0x3e
    155a:	5f af       	std	Y+63, r21	; 0x3f
    155c:	e1 97       	sbiw	r28, 0x31	; 49
    155e:	8d 85       	ldd	r24, Y+13	; 0x0d
    1560:	9e 85       	ldd	r25, Y+14	; 0x0e
    1562:	af 85       	ldd	r26, Y+15	; 0x0f
    1564:	b8 89       	ldd	r27, Y+16	; 0x10
    1566:	b7 ff       	sbrs	r27, 7
    1568:	5a c0       	rjmp	.+180    	; 0x161e <__moddi3+0x1f0>
    156a:	a1 94       	neg	r10
    156c:	81 e0       	ldi	r24, 0x01	; 1
    156e:	1a 14       	cp	r1, r10
    1570:	08 f0       	brcs	.+2      	; 0x1574 <__moddi3+0x146>
    1572:	80 e0       	ldi	r24, 0x00	; 0
    1574:	b1 94       	neg	r11
    1576:	91 e0       	ldi	r25, 0x01	; 1
    1578:	1b 14       	cp	r1, r11
    157a:	08 f0       	brcs	.+2      	; 0x157e <__moddi3+0x150>
    157c:	90 e0       	ldi	r25, 0x00	; 0
    157e:	6b 2d       	mov	r22, r11
    1580:	68 1b       	sub	r22, r24
    1582:	81 e0       	ldi	r24, 0x01	; 1
    1584:	b6 16       	cp	r11, r22
    1586:	08 f0       	brcs	.+2      	; 0x158a <__moddi3+0x15c>
    1588:	80 e0       	ldi	r24, 0x00	; 0
    158a:	98 2b       	or	r25, r24
    158c:	c1 94       	neg	r12
    158e:	21 e0       	ldi	r18, 0x01	; 1
    1590:	1c 14       	cp	r1, r12
    1592:	08 f0       	brcs	.+2      	; 0x1596 <__moddi3+0x168>
    1594:	20 e0       	ldi	r18, 0x00	; 0
    1596:	5c 2d       	mov	r21, r12
    1598:	59 1b       	sub	r21, r25
    159a:	81 e0       	ldi	r24, 0x01	; 1
    159c:	c5 16       	cp	r12, r21
    159e:	08 f0       	brcs	.+2      	; 0x15a2 <__moddi3+0x174>
    15a0:	80 e0       	ldi	r24, 0x00	; 0
    15a2:	28 2b       	or	r18, r24
    15a4:	d1 94       	neg	r13
    15a6:	91 e0       	ldi	r25, 0x01	; 1
    15a8:	1d 14       	cp	r1, r13
    15aa:	08 f0       	brcs	.+2      	; 0x15ae <__moddi3+0x180>
    15ac:	90 e0       	ldi	r25, 0x00	; 0
    15ae:	4d 2d       	mov	r20, r13
    15b0:	42 1b       	sub	r20, r18
    15b2:	81 e0       	ldi	r24, 0x01	; 1
    15b4:	d4 16       	cp	r13, r20
    15b6:	08 f0       	brcs	.+2      	; 0x15ba <__moddi3+0x18c>
    15b8:	80 e0       	ldi	r24, 0x00	; 0
    15ba:	98 2b       	or	r25, r24
    15bc:	e1 94       	neg	r14
    15be:	21 e0       	ldi	r18, 0x01	; 1
    15c0:	1e 14       	cp	r1, r14
    15c2:	08 f0       	brcs	.+2      	; 0x15c6 <__moddi3+0x198>
    15c4:	20 e0       	ldi	r18, 0x00	; 0
    15c6:	3e 2d       	mov	r19, r14
    15c8:	39 1b       	sub	r19, r25
    15ca:	81 e0       	ldi	r24, 0x01	; 1
    15cc:	e3 16       	cp	r14, r19
    15ce:	08 f0       	brcs	.+2      	; 0x15d2 <__moddi3+0x1a4>
    15d0:	80 e0       	ldi	r24, 0x00	; 0
    15d2:	28 2b       	or	r18, r24
    15d4:	f1 94       	neg	r15
    15d6:	91 e0       	ldi	r25, 0x01	; 1
    15d8:	1f 14       	cp	r1, r15
    15da:	08 f0       	brcs	.+2      	; 0x15de <__moddi3+0x1b0>
    15dc:	90 e0       	ldi	r25, 0x00	; 0
    15de:	7f 2d       	mov	r23, r15
    15e0:	72 1b       	sub	r23, r18
    15e2:	27 2f       	mov	r18, r23
    15e4:	81 e0       	ldi	r24, 0x01	; 1
    15e6:	f7 16       	cp	r15, r23
    15e8:	08 f0       	brcs	.+2      	; 0x15ec <__moddi3+0x1be>
    15ea:	80 e0       	ldi	r24, 0x00	; 0
    15ec:	98 2b       	or	r25, r24
    15ee:	01 95       	neg	r16
    15f0:	11 e0       	ldi	r17, 0x01	; 1
    15f2:	10 16       	cp	r1, r16
    15f4:	08 f0       	brcs	.+2      	; 0x15f8 <__moddi3+0x1ca>
    15f6:	10 e0       	ldi	r17, 0x00	; 0
    15f8:	80 2f       	mov	r24, r16
    15fa:	89 1b       	sub	r24, r25
    15fc:	98 2f       	mov	r25, r24
    15fe:	81 e0       	ldi	r24, 0x01	; 1
    1600:	09 17       	cp	r16, r25
    1602:	08 f0       	brcs	.+2      	; 0x1606 <__moddi3+0x1d8>
    1604:	80 e0       	ldi	r24, 0x00	; 0
    1606:	18 2b       	or	r17, r24
    1608:	87 2d       	mov	r24, r7
    160a:	81 95       	neg	r24
    160c:	81 1b       	sub	r24, r17
    160e:	a9 86       	std	Y+9, r10	; 0x09
    1610:	6a 87       	std	Y+10, r22	; 0x0a
    1612:	5b 87       	std	Y+11, r21	; 0x0b
    1614:	4c 87       	std	Y+12, r20	; 0x0c
    1616:	3d 87       	std	Y+13, r19	; 0x0d
    1618:	2e 87       	std	Y+14, r18	; 0x0e
    161a:	9f 87       	std	Y+15, r25	; 0x0f
    161c:	88 8b       	std	Y+16, r24	; 0x10
    161e:	99 81       	ldd	r25, Y+1	; 0x01
    1620:	2a 81       	ldd	r18, Y+2	; 0x02
    1622:	3b 81       	ldd	r19, Y+3	; 0x03
    1624:	4c 81       	ldd	r20, Y+4	; 0x04
    1626:	5d 81       	ldd	r21, Y+5	; 0x05
    1628:	6e 81       	ldd	r22, Y+6	; 0x06
    162a:	7f 81       	ldd	r23, Y+7	; 0x07
    162c:	a8 85       	ldd	r26, Y+8	; 0x08
    162e:	b9 85       	ldd	r27, Y+9	; 0x09
    1630:	1a 85       	ldd	r17, Y+10	; 0x0a
    1632:	0b 85       	ldd	r16, Y+11	; 0x0b
    1634:	fc 84       	ldd	r15, Y+12	; 0x0c
    1636:	ed 84       	ldd	r14, Y+13	; 0x0d
    1638:	de 84       	ldd	r13, Y+14	; 0x0e
    163a:	cf 84       	ldd	r12, Y+15	; 0x0f
    163c:	b8 88       	ldd	r11, Y+16	; 0x10
    163e:	88 e0       	ldi	r24, 0x08	; 8
    1640:	e9 e1       	ldi	r30, 0x19	; 25
    1642:	8e 2e       	mov	r8, r30
    1644:	91 2c       	mov	r9, r1
    1646:	8c 0e       	add	r8, r28
    1648:	9d 1e       	adc	r9, r29
    164a:	f4 01       	movw	r30, r8
    164c:	68 2e       	mov	r6, r24
    164e:	11 92       	st	Z+, r1
    1650:	6a 94       	dec	r6
    1652:	e9 f7       	brne	.-6      	; 0x164e <__moddi3+0x220>
    1654:	99 8f       	std	Y+25, r25	; 0x19
    1656:	2a 8f       	std	Y+26, r18	; 0x1a
    1658:	3b 8f       	std	Y+27, r19	; 0x1b
    165a:	4c 8f       	std	Y+28, r20	; 0x1c
    165c:	5d 8f       	std	Y+29, r21	; 0x1d
    165e:	6e 8f       	std	Y+30, r22	; 0x1e
    1660:	7f 8f       	std	Y+31, r23	; 0x1f
    1662:	a8 a3       	std	Y+32, r26	; 0x20
    1664:	9e 01       	movw	r18, r28
    1666:	2f 5d       	subi	r18, 0xDF	; 223
    1668:	3f 4f       	sbci	r19, 0xFF	; 255
    166a:	f9 01       	movw	r30, r18
    166c:	11 92       	st	Z+, r1
    166e:	8a 95       	dec	r24
    1670:	e9 f7       	brne	.-6      	; 0x166c <__moddi3+0x23e>
    1672:	b9 a3       	std	Y+33, r27	; 0x21
    1674:	1a a3       	std	Y+34, r17	; 0x22
    1676:	0b a3       	std	Y+35, r16	; 0x23
    1678:	fc a2       	std	Y+36, r15	; 0x24
    167a:	ed a2       	std	Y+37, r14	; 0x25
    167c:	de a2       	std	Y+38, r13	; 0x26
    167e:	cf a2       	std	Y+39, r12	; 0x27
    1680:	b8 a6       	std	Y+40, r11	; 0x28
    1682:	29 a0       	ldd	r2, Y+33	; 0x21
    1684:	3a a0       	ldd	r3, Y+34	; 0x22
    1686:	4b a0       	ldd	r4, Y+35	; 0x23
    1688:	5c a0       	ldd	r5, Y+36	; 0x24
    168a:	ad a0       	ldd	r10, Y+37	; 0x25
    168c:	be a0       	ldd	r11, Y+38	; 0x26
    168e:	cf a0       	ldd	r12, Y+39	; 0x27
    1690:	d8 a4       	ldd	r13, Y+40	; 0x28
    1692:	49 8d       	ldd	r20, Y+25	; 0x19
    1694:	5a 8d       	ldd	r21, Y+26	; 0x1a
    1696:	6b 8d       	ldd	r22, Y+27	; 0x1b
    1698:	7c 8d       	ldd	r23, Y+28	; 0x1c
    169a:	e5 96       	adiw	r28, 0x35	; 53
    169c:	4f af       	std	Y+63, r20	; 0x3f
    169e:	e5 97       	sbiw	r28, 0x35	; 53
    16a0:	e6 96       	adiw	r28, 0x36	; 54
    16a2:	5f af       	std	Y+63, r21	; 0x3f
    16a4:	e6 97       	sbiw	r28, 0x36	; 54
    16a6:	e7 96       	adiw	r28, 0x37	; 55
    16a8:	6f af       	std	Y+63, r22	; 0x3f
    16aa:	e7 97       	sbiw	r28, 0x37	; 55
    16ac:	e8 96       	adiw	r28, 0x38	; 56
    16ae:	7f af       	std	Y+63, r23	; 0x3f
    16b0:	e8 97       	sbiw	r28, 0x38	; 56
    16b2:	e8 96       	adiw	r28, 0x38	; 56
    16b4:	6c ac       	ldd	r6, Y+60	; 0x3c
    16b6:	7d ac       	ldd	r7, Y+61	; 0x3d
    16b8:	8e ac       	ldd	r8, Y+62	; 0x3e
    16ba:	9f ac       	ldd	r9, Y+63	; 0x3f
    16bc:	e8 97       	sbiw	r28, 0x38	; 56
    16be:	2d 96       	adiw	r28, 0x0d	; 13
    16c0:	6c ae       	std	Y+60, r6	; 0x3c
    16c2:	7d ae       	std	Y+61, r7	; 0x3d
    16c4:	8e ae       	std	Y+62, r8	; 0x3e
    16c6:	9f ae       	std	Y+63, r9	; 0x3f
    16c8:	2d 97       	sbiw	r28, 0x0d	; 13
    16ca:	8d 8d       	ldd	r24, Y+29	; 0x1d
    16cc:	9e 8d       	ldd	r25, Y+30	; 0x1e
    16ce:	2f 8d       	ldd	r18, Y+31	; 0x1f
    16d0:	38 a1       	ldd	r19, Y+32	; 0x20
    16d2:	3c 01       	movw	r6, r24
    16d4:	49 01       	movw	r8, r18
    16d6:	61 96       	adiw	r28, 0x11	; 17
    16d8:	6c ae       	std	Y+60, r6	; 0x3c
    16da:	7d ae       	std	Y+61, r7	; 0x3d
    16dc:	8e ae       	std	Y+62, r8	; 0x3e
    16de:	9f ae       	std	Y+63, r9	; 0x3f
    16e0:	61 97       	sbiw	r28, 0x11	; 17
    16e2:	a1 14       	cp	r10, r1
    16e4:	b1 04       	cpc	r11, r1
    16e6:	c1 04       	cpc	r12, r1
    16e8:	d1 04       	cpc	r13, r1
    16ea:	09 f0       	breq	.+2      	; 0x16ee <__moddi3+0x2c0>
    16ec:	28 c3       	rjmp	.+1616   	; 0x1d3e <__moddi3+0x910>
    16ee:	62 14       	cp	r6, r2
    16f0:	73 04       	cpc	r7, r3
    16f2:	84 04       	cpc	r8, r4
    16f4:	95 04       	cpc	r9, r5
    16f6:	08 f0       	brcs	.+2      	; 0x16fa <__moddi3+0x2cc>
    16f8:	0e c1       	rjmp	.+540    	; 0x1916 <__moddi3+0x4e8>
    16fa:	00 e0       	ldi	r16, 0x00	; 0
    16fc:	20 16       	cp	r2, r16
    16fe:	00 e0       	ldi	r16, 0x00	; 0
    1700:	30 06       	cpc	r3, r16
    1702:	01 e0       	ldi	r16, 0x01	; 1
    1704:	40 06       	cpc	r4, r16
    1706:	00 e0       	ldi	r16, 0x00	; 0
    1708:	50 06       	cpc	r5, r16
    170a:	88 f4       	brcc	.+34     	; 0x172e <__moddi3+0x300>
    170c:	1f ef       	ldi	r17, 0xFF	; 255
    170e:	21 16       	cp	r2, r17
    1710:	31 04       	cpc	r3, r1
    1712:	41 04       	cpc	r4, r1
    1714:	51 04       	cpc	r5, r1
    1716:	39 f0       	breq	.+14     	; 0x1726 <__moddi3+0x2f8>
    1718:	30 f0       	brcs	.+12     	; 0x1726 <__moddi3+0x2f8>
    171a:	88 e0       	ldi	r24, 0x08	; 8
    171c:	e8 2e       	mov	r14, r24
    171e:	f1 2c       	mov	r15, r1
    1720:	01 2d       	mov	r16, r1
    1722:	11 2d       	mov	r17, r1
    1724:	18 c0       	rjmp	.+48     	; 0x1756 <__moddi3+0x328>
    1726:	ee 24       	eor	r14, r14
    1728:	ff 24       	eor	r15, r15
    172a:	87 01       	movw	r16, r14
    172c:	14 c0       	rjmp	.+40     	; 0x1756 <__moddi3+0x328>
    172e:	20 e0       	ldi	r18, 0x00	; 0
    1730:	22 16       	cp	r2, r18
    1732:	20 e0       	ldi	r18, 0x00	; 0
    1734:	32 06       	cpc	r3, r18
    1736:	20 e0       	ldi	r18, 0x00	; 0
    1738:	42 06       	cpc	r4, r18
    173a:	21 e0       	ldi	r18, 0x01	; 1
    173c:	52 06       	cpc	r5, r18
    173e:	30 f0       	brcs	.+12     	; 0x174c <__moddi3+0x31e>
    1740:	b8 e1       	ldi	r27, 0x18	; 24
    1742:	eb 2e       	mov	r14, r27
    1744:	f1 2c       	mov	r15, r1
    1746:	01 2d       	mov	r16, r1
    1748:	11 2d       	mov	r17, r1
    174a:	05 c0       	rjmp	.+10     	; 0x1756 <__moddi3+0x328>
    174c:	a0 e1       	ldi	r26, 0x10	; 16
    174e:	ea 2e       	mov	r14, r26
    1750:	f1 2c       	mov	r15, r1
    1752:	01 2d       	mov	r16, r1
    1754:	11 2d       	mov	r17, r1
    1756:	d2 01       	movw	r26, r4
    1758:	c1 01       	movw	r24, r2
    175a:	0e 2c       	mov	r0, r14
    175c:	04 c0       	rjmp	.+8      	; 0x1766 <__moddi3+0x338>
    175e:	b6 95       	lsr	r27
    1760:	a7 95       	ror	r26
    1762:	97 95       	ror	r25
    1764:	87 95       	ror	r24
    1766:	0a 94       	dec	r0
    1768:	d2 f7       	brpl	.-12     	; 0x175e <__moddi3+0x330>
    176a:	83 57       	subi	r24, 0x73	; 115
    176c:	9f 4f       	sbci	r25, 0xFF	; 255
    176e:	dc 01       	movw	r26, r24
    1770:	2c 91       	ld	r18, X
    1772:	80 e2       	ldi	r24, 0x20	; 32
    1774:	90 e0       	ldi	r25, 0x00	; 0
    1776:	a0 e0       	ldi	r26, 0x00	; 0
    1778:	b0 e0       	ldi	r27, 0x00	; 0
    177a:	8e 19       	sub	r24, r14
    177c:	9f 09       	sbc	r25, r15
    177e:	a0 0b       	sbc	r26, r16
    1780:	b1 0b       	sbc	r27, r17
    1782:	5c 01       	movw	r10, r24
    1784:	6d 01       	movw	r12, r26
    1786:	a2 1a       	sub	r10, r18
    1788:	b1 08       	sbc	r11, r1
    178a:	c1 08       	sbc	r12, r1
    178c:	d1 08       	sbc	r13, r1
    178e:	65 96       	adiw	r28, 0x15	; 21
    1790:	ac ae       	std	Y+60, r10	; 0x3c
    1792:	bd ae       	std	Y+61, r11	; 0x3d
    1794:	ce ae       	std	Y+62, r12	; 0x3e
    1796:	df ae       	std	Y+63, r13	; 0x3f
    1798:	65 97       	sbiw	r28, 0x15	; 21
    179a:	a1 14       	cp	r10, r1
    179c:	b1 04       	cpc	r11, r1
    179e:	c1 04       	cpc	r12, r1
    17a0:	d1 04       	cpc	r13, r1
    17a2:	09 f4       	brne	.+2      	; 0x17a6 <__moddi3+0x378>
    17a4:	45 c0       	rjmp	.+138    	; 0x1830 <__moddi3+0x402>
    17a6:	62 96       	adiw	r28, 0x12	; 18
    17a8:	6f ad       	ldd	r22, Y+63	; 0x3f
    17aa:	62 97       	sbiw	r28, 0x12	; 18
    17ac:	06 2e       	mov	r0, r22
    17ae:	04 c0       	rjmp	.+8      	; 0x17b8 <__moddi3+0x38a>
    17b0:	22 0c       	add	r2, r2
    17b2:	33 1c       	adc	r3, r3
    17b4:	44 1c       	adc	r4, r4
    17b6:	55 1c       	adc	r5, r5
    17b8:	0a 94       	dec	r0
    17ba:	d2 f7       	brpl	.-12     	; 0x17b0 <__moddi3+0x382>
    17bc:	a4 01       	movw	r20, r8
    17be:	93 01       	movw	r18, r6
    17c0:	06 2e       	mov	r0, r22
    17c2:	04 c0       	rjmp	.+8      	; 0x17cc <__moddi3+0x39e>
    17c4:	22 0f       	add	r18, r18
    17c6:	33 1f       	adc	r19, r19
    17c8:	44 1f       	adc	r20, r20
    17ca:	55 1f       	adc	r21, r21
    17cc:	0a 94       	dec	r0
    17ce:	d2 f7       	brpl	.-12     	; 0x17c4 <__moddi3+0x396>
    17d0:	80 e2       	ldi	r24, 0x20	; 32
    17d2:	90 e0       	ldi	r25, 0x00	; 0
    17d4:	8a 19       	sub	r24, r10
    17d6:	9b 09       	sbc	r25, r11
    17d8:	e8 96       	adiw	r28, 0x38	; 56
    17da:	cc ac       	ldd	r12, Y+60	; 0x3c
    17dc:	dd ac       	ldd	r13, Y+61	; 0x3d
    17de:	ee ac       	ldd	r14, Y+62	; 0x3e
    17e0:	ff ac       	ldd	r15, Y+63	; 0x3f
    17e2:	e8 97       	sbiw	r28, 0x38	; 56
    17e4:	04 c0       	rjmp	.+8      	; 0x17ee <__moddi3+0x3c0>
    17e6:	f6 94       	lsr	r15
    17e8:	e7 94       	ror	r14
    17ea:	d7 94       	ror	r13
    17ec:	c7 94       	ror	r12
    17ee:	8a 95       	dec	r24
    17f0:	d2 f7       	brpl	.-12     	; 0x17e6 <__moddi3+0x3b8>
    17f2:	87 01       	movw	r16, r14
    17f4:	76 01       	movw	r14, r12
    17f6:	e2 2a       	or	r14, r18
    17f8:	f3 2a       	or	r15, r19
    17fa:	04 2b       	or	r16, r20
    17fc:	15 2b       	or	r17, r21
    17fe:	61 96       	adiw	r28, 0x11	; 17
    1800:	ec ae       	std	Y+60, r14	; 0x3c
    1802:	fd ae       	std	Y+61, r15	; 0x3d
    1804:	0e af       	std	Y+62, r16	; 0x3e
    1806:	1f af       	std	Y+63, r17	; 0x3f
    1808:	61 97       	sbiw	r28, 0x11	; 17
    180a:	e8 96       	adiw	r28, 0x38	; 56
    180c:	0c ad       	ldd	r16, Y+60	; 0x3c
    180e:	1d ad       	ldd	r17, Y+61	; 0x3d
    1810:	2e ad       	ldd	r18, Y+62	; 0x3e
    1812:	3f ad       	ldd	r19, Y+63	; 0x3f
    1814:	e8 97       	sbiw	r28, 0x38	; 56
    1816:	04 c0       	rjmp	.+8      	; 0x1820 <__moddi3+0x3f2>
    1818:	00 0f       	add	r16, r16
    181a:	11 1f       	adc	r17, r17
    181c:	22 1f       	adc	r18, r18
    181e:	33 1f       	adc	r19, r19
    1820:	6a 95       	dec	r22
    1822:	d2 f7       	brpl	.-12     	; 0x1818 <__moddi3+0x3ea>
    1824:	2d 96       	adiw	r28, 0x0d	; 13
    1826:	0c af       	std	Y+60, r16	; 0x3c
    1828:	1d af       	std	Y+61, r17	; 0x3d
    182a:	2e af       	std	Y+62, r18	; 0x3e
    182c:	3f af       	std	Y+63, r19	; 0x3f
    182e:	2d 97       	sbiw	r28, 0x0d	; 13
    1830:	32 01       	movw	r6, r4
    1832:	88 24       	eor	r8, r8
    1834:	99 24       	eor	r9, r9
    1836:	a2 01       	movw	r20, r4
    1838:	91 01       	movw	r18, r2
    183a:	40 70       	andi	r20, 0x00	; 0
    183c:	50 70       	andi	r21, 0x00	; 0
    183e:	69 96       	adiw	r28, 0x19	; 25
    1840:	2c af       	std	Y+60, r18	; 0x3c
    1842:	3d af       	std	Y+61, r19	; 0x3d
    1844:	4e af       	std	Y+62, r20	; 0x3e
    1846:	5f af       	std	Y+63, r21	; 0x3f
    1848:	69 97       	sbiw	r28, 0x19	; 25
    184a:	61 96       	adiw	r28, 0x11	; 17
    184c:	6c ad       	ldd	r22, Y+60	; 0x3c
    184e:	7d ad       	ldd	r23, Y+61	; 0x3d
    1850:	8e ad       	ldd	r24, Y+62	; 0x3e
    1852:	9f ad       	ldd	r25, Y+63	; 0x3f
    1854:	61 97       	sbiw	r28, 0x11	; 17
    1856:	a4 01       	movw	r20, r8
    1858:	93 01       	movw	r18, r6
    185a:	0e 94 e1 30 	call	0x61c2	; 0x61c2 <__udivmodsi4>
    185e:	7b 01       	movw	r14, r22
    1860:	8c 01       	movw	r16, r24
    1862:	61 96       	adiw	r28, 0x11	; 17
    1864:	6c ad       	ldd	r22, Y+60	; 0x3c
    1866:	7d ad       	ldd	r23, Y+61	; 0x3d
    1868:	8e ad       	ldd	r24, Y+62	; 0x3e
    186a:	9f ad       	ldd	r25, Y+63	; 0x3f
    186c:	61 97       	sbiw	r28, 0x11	; 17
    186e:	a4 01       	movw	r20, r8
    1870:	93 01       	movw	r18, r6
    1872:	0e 94 e1 30 	call	0x61c2	; 0x61c2 <__udivmodsi4>
    1876:	ca 01       	movw	r24, r20
    1878:	b9 01       	movw	r22, r18
    187a:	69 96       	adiw	r28, 0x19	; 25
    187c:	2c ad       	ldd	r18, Y+60	; 0x3c
    187e:	3d ad       	ldd	r19, Y+61	; 0x3d
    1880:	4e ad       	ldd	r20, Y+62	; 0x3e
    1882:	5f ad       	ldd	r21, Y+63	; 0x3f
    1884:	69 97       	sbiw	r28, 0x19	; 25
    1886:	0e 94 c2 30 	call	0x6184	; 0x6184 <__mulsi3>
    188a:	9b 01       	movw	r18, r22
    188c:	ac 01       	movw	r20, r24
    188e:	87 01       	movw	r16, r14
    1890:	ff 24       	eor	r15, r15
    1892:	ee 24       	eor	r14, r14
    1894:	2d 96       	adiw	r28, 0x0d	; 13
    1896:	ac ac       	ldd	r10, Y+60	; 0x3c
    1898:	bd ac       	ldd	r11, Y+61	; 0x3d
    189a:	ce ac       	ldd	r12, Y+62	; 0x3e
    189c:	df ac       	ldd	r13, Y+63	; 0x3f
    189e:	2d 97       	sbiw	r28, 0x0d	; 13
    18a0:	c6 01       	movw	r24, r12
    18a2:	aa 27       	eor	r26, r26
    18a4:	bb 27       	eor	r27, r27
    18a6:	57 01       	movw	r10, r14
    18a8:	68 01       	movw	r12, r16
    18aa:	a8 2a       	or	r10, r24
    18ac:	b9 2a       	or	r11, r25
    18ae:	ca 2a       	or	r12, r26
    18b0:	db 2a       	or	r13, r27
    18b2:	a2 16       	cp	r10, r18
    18b4:	b3 06       	cpc	r11, r19
    18b6:	c4 06       	cpc	r12, r20
    18b8:	d5 06       	cpc	r13, r21
    18ba:	90 f4       	brcc	.+36     	; 0x18e0 <__moddi3+0x4b2>
    18bc:	a2 0c       	add	r10, r2
    18be:	b3 1c       	adc	r11, r3
    18c0:	c4 1c       	adc	r12, r4
    18c2:	d5 1c       	adc	r13, r5
    18c4:	a2 14       	cp	r10, r2
    18c6:	b3 04       	cpc	r11, r3
    18c8:	c4 04       	cpc	r12, r4
    18ca:	d5 04       	cpc	r13, r5
    18cc:	48 f0       	brcs	.+18     	; 0x18e0 <__moddi3+0x4b2>
    18ce:	a2 16       	cp	r10, r18
    18d0:	b3 06       	cpc	r11, r19
    18d2:	c4 06       	cpc	r12, r20
    18d4:	d5 06       	cpc	r13, r21
    18d6:	20 f4       	brcc	.+8      	; 0x18e0 <__moddi3+0x4b2>
    18d8:	a2 0c       	add	r10, r2
    18da:	b3 1c       	adc	r11, r3
    18dc:	c4 1c       	adc	r12, r4
    18de:	d5 1c       	adc	r13, r5
    18e0:	a2 1a       	sub	r10, r18
    18e2:	b3 0a       	sbc	r11, r19
    18e4:	c4 0a       	sbc	r12, r20
    18e6:	d5 0a       	sbc	r13, r21
    18e8:	c6 01       	movw	r24, r12
    18ea:	b5 01       	movw	r22, r10
    18ec:	a4 01       	movw	r20, r8
    18ee:	93 01       	movw	r18, r6
    18f0:	0e 94 e1 30 	call	0x61c2	; 0x61c2 <__udivmodsi4>
    18f4:	7b 01       	movw	r14, r22
    18f6:	8c 01       	movw	r16, r24
    18f8:	c6 01       	movw	r24, r12
    18fa:	b5 01       	movw	r22, r10
    18fc:	a4 01       	movw	r20, r8
    18fe:	93 01       	movw	r18, r6
    1900:	0e 94 e1 30 	call	0x61c2	; 0x61c2 <__udivmodsi4>
    1904:	ca 01       	movw	r24, r20
    1906:	b9 01       	movw	r22, r18
    1908:	69 96       	adiw	r28, 0x19	; 25
    190a:	2c ad       	ldd	r18, Y+60	; 0x3c
    190c:	3d ad       	ldd	r19, Y+61	; 0x3d
    190e:	4e ad       	ldd	r20, Y+62	; 0x3e
    1910:	5f ad       	ldd	r21, Y+63	; 0x3f
    1912:	69 97       	sbiw	r28, 0x19	; 25
    1914:	c8 c1       	rjmp	.+912    	; 0x1ca6 <__moddi3+0x878>
    1916:	21 14       	cp	r2, r1
    1918:	31 04       	cpc	r3, r1
    191a:	41 04       	cpc	r4, r1
    191c:	51 04       	cpc	r5, r1
    191e:	71 f4       	brne	.+28     	; 0x193c <__moddi3+0x50e>
    1920:	61 e0       	ldi	r22, 0x01	; 1
    1922:	70 e0       	ldi	r23, 0x00	; 0
    1924:	80 e0       	ldi	r24, 0x00	; 0
    1926:	90 e0       	ldi	r25, 0x00	; 0
    1928:	20 e0       	ldi	r18, 0x00	; 0
    192a:	30 e0       	ldi	r19, 0x00	; 0
    192c:	40 e0       	ldi	r20, 0x00	; 0
    192e:	50 e0       	ldi	r21, 0x00	; 0
    1930:	0e 94 e1 30 	call	0x61c2	; 0x61c2 <__udivmodsi4>
    1934:	c9 01       	movw	r24, r18
    1936:	da 01       	movw	r26, r20
    1938:	1c 01       	movw	r2, r24
    193a:	2d 01       	movw	r4, r26
    193c:	00 e0       	ldi	r16, 0x00	; 0
    193e:	20 16       	cp	r2, r16
    1940:	00 e0       	ldi	r16, 0x00	; 0
    1942:	30 06       	cpc	r3, r16
    1944:	01 e0       	ldi	r16, 0x01	; 1
    1946:	40 06       	cpc	r4, r16
    1948:	00 e0       	ldi	r16, 0x00	; 0
    194a:	50 06       	cpc	r5, r16
    194c:	88 f4       	brcc	.+34     	; 0x1970 <__moddi3+0x542>
    194e:	1f ef       	ldi	r17, 0xFF	; 255
    1950:	21 16       	cp	r2, r17
    1952:	31 04       	cpc	r3, r1
    1954:	41 04       	cpc	r4, r1
    1956:	51 04       	cpc	r5, r1
    1958:	39 f0       	breq	.+14     	; 0x1968 <__moddi3+0x53a>
    195a:	30 f0       	brcs	.+12     	; 0x1968 <__moddi3+0x53a>
    195c:	68 e0       	ldi	r22, 0x08	; 8
    195e:	e6 2e       	mov	r14, r22
    1960:	f1 2c       	mov	r15, r1
    1962:	01 2d       	mov	r16, r1
    1964:	11 2d       	mov	r17, r1
    1966:	18 c0       	rjmp	.+48     	; 0x1998 <__moddi3+0x56a>
    1968:	ee 24       	eor	r14, r14
    196a:	ff 24       	eor	r15, r15
    196c:	87 01       	movw	r16, r14
    196e:	14 c0       	rjmp	.+40     	; 0x1998 <__moddi3+0x56a>
    1970:	20 e0       	ldi	r18, 0x00	; 0
    1972:	22 16       	cp	r2, r18
    1974:	20 e0       	ldi	r18, 0x00	; 0
    1976:	32 06       	cpc	r3, r18
    1978:	20 e0       	ldi	r18, 0x00	; 0
    197a:	42 06       	cpc	r4, r18
    197c:	21 e0       	ldi	r18, 0x01	; 1
    197e:	52 06       	cpc	r5, r18
    1980:	30 f0       	brcs	.+12     	; 0x198e <__moddi3+0x560>
    1982:	58 e1       	ldi	r21, 0x18	; 24
    1984:	e5 2e       	mov	r14, r21
    1986:	f1 2c       	mov	r15, r1
    1988:	01 2d       	mov	r16, r1
    198a:	11 2d       	mov	r17, r1
    198c:	05 c0       	rjmp	.+10     	; 0x1998 <__moddi3+0x56a>
    198e:	40 e1       	ldi	r20, 0x10	; 16
    1990:	e4 2e       	mov	r14, r20
    1992:	f1 2c       	mov	r15, r1
    1994:	01 2d       	mov	r16, r1
    1996:	11 2d       	mov	r17, r1
    1998:	d2 01       	movw	r26, r4
    199a:	c1 01       	movw	r24, r2
    199c:	0e 2c       	mov	r0, r14
    199e:	04 c0       	rjmp	.+8      	; 0x19a8 <__moddi3+0x57a>
    19a0:	b6 95       	lsr	r27
    19a2:	a7 95       	ror	r26
    19a4:	97 95       	ror	r25
    19a6:	87 95       	ror	r24
    19a8:	0a 94       	dec	r0
    19aa:	d2 f7       	brpl	.-12     	; 0x19a0 <__moddi3+0x572>
    19ac:	83 57       	subi	r24, 0x73	; 115
    19ae:	9f 4f       	sbci	r25, 0xFF	; 255
    19b0:	dc 01       	movw	r26, r24
    19b2:	2c 91       	ld	r18, X
    19b4:	30 e2       	ldi	r19, 0x20	; 32
    19b6:	a3 2e       	mov	r10, r19
    19b8:	b1 2c       	mov	r11, r1
    19ba:	c1 2c       	mov	r12, r1
    19bc:	d1 2c       	mov	r13, r1
    19be:	d6 01       	movw	r26, r12
    19c0:	c5 01       	movw	r24, r10
    19c2:	8e 19       	sub	r24, r14
    19c4:	9f 09       	sbc	r25, r15
    19c6:	a0 0b       	sbc	r26, r16
    19c8:	b1 0b       	sbc	r27, r17
    19ca:	7c 01       	movw	r14, r24
    19cc:	8d 01       	movw	r16, r26
    19ce:	e2 1a       	sub	r14, r18
    19d0:	f1 08       	sbc	r15, r1
    19d2:	01 09       	sbc	r16, r1
    19d4:	11 09       	sbc	r17, r1
    19d6:	65 96       	adiw	r28, 0x15	; 21
    19d8:	ec ae       	std	Y+60, r14	; 0x3c
    19da:	fd ae       	std	Y+61, r15	; 0x3d
    19dc:	0e af       	std	Y+62, r16	; 0x3e
    19de:	1f af       	std	Y+63, r17	; 0x3f
    19e0:	65 97       	sbiw	r28, 0x15	; 21
    19e2:	e1 14       	cp	r14, r1
    19e4:	f1 04       	cpc	r15, r1
    19e6:	01 05       	cpc	r16, r1
    19e8:	11 05       	cpc	r17, r1
    19ea:	39 f4       	brne	.+14     	; 0x19fa <__moddi3+0x5cc>
    19ec:	64 01       	movw	r12, r8
    19ee:	53 01       	movw	r10, r6
    19f0:	a2 18       	sub	r10, r2
    19f2:	b3 08       	sbc	r11, r3
    19f4:	c4 08       	sbc	r12, r4
    19f6:	d5 08       	sbc	r13, r5
    19f8:	ec c0       	rjmp	.+472    	; 0x1bd2 <__moddi3+0x7a4>
    19fa:	62 96       	adiw	r28, 0x12	; 18
    19fc:	ff ac       	ldd	r15, Y+63	; 0x3f
    19fe:	62 97       	sbiw	r28, 0x12	; 18
    1a00:	e4 96       	adiw	r28, 0x34	; 52
    1a02:	ff ae       	std	Y+63, r15	; 0x3f
    1a04:	e4 97       	sbiw	r28, 0x34	; 52
    1a06:	0f 2c       	mov	r0, r15
    1a08:	04 c0       	rjmp	.+8      	; 0x1a12 <__moddi3+0x5e4>
    1a0a:	22 0c       	add	r2, r2
    1a0c:	33 1c       	adc	r3, r3
    1a0e:	44 1c       	adc	r4, r4
    1a10:	55 1c       	adc	r5, r5
    1a12:	0a 94       	dec	r0
    1a14:	d2 f7       	brpl	.-12     	; 0x1a0a <__moddi3+0x5dc>
    1a16:	8a 2d       	mov	r24, r10
    1a18:	8f 19       	sub	r24, r15
    1a1a:	64 01       	movw	r12, r8
    1a1c:	53 01       	movw	r10, r6
    1a1e:	08 2e       	mov	r0, r24
    1a20:	04 c0       	rjmp	.+8      	; 0x1a2a <__moddi3+0x5fc>
    1a22:	d6 94       	lsr	r13
    1a24:	c7 94       	ror	r12
    1a26:	b7 94       	ror	r11
    1a28:	a7 94       	ror	r10
    1a2a:	0a 94       	dec	r0
    1a2c:	d2 f7       	brpl	.-12     	; 0x1a22 <__moddi3+0x5f4>
    1a2e:	a4 01       	movw	r20, r8
    1a30:	93 01       	movw	r18, r6
    1a32:	04 c0       	rjmp	.+8      	; 0x1a3c <__moddi3+0x60e>
    1a34:	22 0f       	add	r18, r18
    1a36:	33 1f       	adc	r19, r19
    1a38:	44 1f       	adc	r20, r20
    1a3a:	55 1f       	adc	r21, r21
    1a3c:	fa 94       	dec	r15
    1a3e:	d2 f7       	brpl	.-12     	; 0x1a34 <__moddi3+0x606>
    1a40:	e8 96       	adiw	r28, 0x38	; 56
    1a42:	6c ac       	ldd	r6, Y+60	; 0x3c
    1a44:	7d ac       	ldd	r7, Y+61	; 0x3d
    1a46:	8e ac       	ldd	r8, Y+62	; 0x3e
    1a48:	9f ac       	ldd	r9, Y+63	; 0x3f
    1a4a:	e8 97       	sbiw	r28, 0x38	; 56
    1a4c:	04 c0       	rjmp	.+8      	; 0x1a56 <__moddi3+0x628>
    1a4e:	96 94       	lsr	r9
    1a50:	87 94       	ror	r8
    1a52:	77 94       	ror	r7
    1a54:	67 94       	ror	r6
    1a56:	8a 95       	dec	r24
    1a58:	d2 f7       	brpl	.-12     	; 0x1a4e <__moddi3+0x620>
    1a5a:	84 01       	movw	r16, r8
    1a5c:	73 01       	movw	r14, r6
    1a5e:	e2 2a       	or	r14, r18
    1a60:	f3 2a       	or	r15, r19
    1a62:	04 2b       	or	r16, r20
    1a64:	15 2b       	or	r17, r21
    1a66:	29 96       	adiw	r28, 0x09	; 9
    1a68:	ec ae       	std	Y+60, r14	; 0x3c
    1a6a:	fd ae       	std	Y+61, r15	; 0x3d
    1a6c:	0e af       	std	Y+62, r16	; 0x3e
    1a6e:	1f af       	std	Y+63, r17	; 0x3f
    1a70:	29 97       	sbiw	r28, 0x09	; 9
    1a72:	32 01       	movw	r6, r4
    1a74:	88 24       	eor	r8, r8
    1a76:	99 24       	eor	r9, r9
    1a78:	92 01       	movw	r18, r4
    1a7a:	81 01       	movw	r16, r2
    1a7c:	20 70       	andi	r18, 0x00	; 0
    1a7e:	30 70       	andi	r19, 0x00	; 0
    1a80:	6d 96       	adiw	r28, 0x1d	; 29
    1a82:	0c af       	std	Y+60, r16	; 0x3c
    1a84:	1d af       	std	Y+61, r17	; 0x3d
    1a86:	2e af       	std	Y+62, r18	; 0x3e
    1a88:	3f af       	std	Y+63, r19	; 0x3f
    1a8a:	6d 97       	sbiw	r28, 0x1d	; 29
    1a8c:	c6 01       	movw	r24, r12
    1a8e:	b5 01       	movw	r22, r10
    1a90:	a4 01       	movw	r20, r8
    1a92:	93 01       	movw	r18, r6
    1a94:	0e 94 e1 30 	call	0x61c2	; 0x61c2 <__udivmodsi4>
    1a98:	7b 01       	movw	r14, r22
    1a9a:	8c 01       	movw	r16, r24
    1a9c:	c6 01       	movw	r24, r12
    1a9e:	b5 01       	movw	r22, r10
    1aa0:	a4 01       	movw	r20, r8
    1aa2:	93 01       	movw	r18, r6
    1aa4:	0e 94 e1 30 	call	0x61c2	; 0x61c2 <__udivmodsi4>
    1aa8:	ca 01       	movw	r24, r20
    1aaa:	b9 01       	movw	r22, r18
    1aac:	6d 96       	adiw	r28, 0x1d	; 29
    1aae:	2c ad       	ldd	r18, Y+60	; 0x3c
    1ab0:	3d ad       	ldd	r19, Y+61	; 0x3d
    1ab2:	4e ad       	ldd	r20, Y+62	; 0x3e
    1ab4:	5f ad       	ldd	r21, Y+63	; 0x3f
    1ab6:	6d 97       	sbiw	r28, 0x1d	; 29
    1ab8:	0e 94 c2 30 	call	0x6184	; 0x6184 <__mulsi3>
    1abc:	9b 01       	movw	r18, r22
    1abe:	ac 01       	movw	r20, r24
    1ac0:	87 01       	movw	r16, r14
    1ac2:	ff 24       	eor	r15, r15
    1ac4:	ee 24       	eor	r14, r14
    1ac6:	29 96       	adiw	r28, 0x09	; 9
    1ac8:	ac ac       	ldd	r10, Y+60	; 0x3c
    1aca:	bd ac       	ldd	r11, Y+61	; 0x3d
    1acc:	ce ac       	ldd	r12, Y+62	; 0x3e
    1ace:	df ac       	ldd	r13, Y+63	; 0x3f
    1ad0:	29 97       	sbiw	r28, 0x09	; 9
    1ad2:	c6 01       	movw	r24, r12
    1ad4:	aa 27       	eor	r26, r26
    1ad6:	bb 27       	eor	r27, r27
    1ad8:	5c 01       	movw	r10, r24
    1ada:	6d 01       	movw	r12, r26
    1adc:	ae 28       	or	r10, r14
    1ade:	bf 28       	or	r11, r15
    1ae0:	c0 2a       	or	r12, r16
    1ae2:	d1 2a       	or	r13, r17
    1ae4:	a2 16       	cp	r10, r18
    1ae6:	b3 06       	cpc	r11, r19
    1ae8:	c4 06       	cpc	r12, r20
    1aea:	d5 06       	cpc	r13, r21
    1aec:	90 f4       	brcc	.+36     	; 0x1b12 <__moddi3+0x6e4>
    1aee:	a2 0c       	add	r10, r2
    1af0:	b3 1c       	adc	r11, r3
    1af2:	c4 1c       	adc	r12, r4
    1af4:	d5 1c       	adc	r13, r5
    1af6:	a2 14       	cp	r10, r2
    1af8:	b3 04       	cpc	r11, r3
    1afa:	c4 04       	cpc	r12, r4
    1afc:	d5 04       	cpc	r13, r5
    1afe:	48 f0       	brcs	.+18     	; 0x1b12 <__moddi3+0x6e4>
    1b00:	a2 16       	cp	r10, r18
    1b02:	b3 06       	cpc	r11, r19
    1b04:	c4 06       	cpc	r12, r20
    1b06:	d5 06       	cpc	r13, r21
    1b08:	20 f4       	brcc	.+8      	; 0x1b12 <__moddi3+0x6e4>
    1b0a:	a2 0c       	add	r10, r2
    1b0c:	b3 1c       	adc	r11, r3
    1b0e:	c4 1c       	adc	r12, r4
    1b10:	d5 1c       	adc	r13, r5
    1b12:	a2 1a       	sub	r10, r18
    1b14:	b3 0a       	sbc	r11, r19
    1b16:	c4 0a       	sbc	r12, r20
    1b18:	d5 0a       	sbc	r13, r21
    1b1a:	c6 01       	movw	r24, r12
    1b1c:	b5 01       	movw	r22, r10
    1b1e:	a4 01       	movw	r20, r8
    1b20:	93 01       	movw	r18, r6
    1b22:	0e 94 e1 30 	call	0x61c2	; 0x61c2 <__udivmodsi4>
    1b26:	7b 01       	movw	r14, r22
    1b28:	8c 01       	movw	r16, r24
    1b2a:	c6 01       	movw	r24, r12
    1b2c:	b5 01       	movw	r22, r10
    1b2e:	a4 01       	movw	r20, r8
    1b30:	93 01       	movw	r18, r6
    1b32:	0e 94 e1 30 	call	0x61c2	; 0x61c2 <__udivmodsi4>
    1b36:	ca 01       	movw	r24, r20
    1b38:	b9 01       	movw	r22, r18
    1b3a:	6d 96       	adiw	r28, 0x1d	; 29
    1b3c:	2c ad       	ldd	r18, Y+60	; 0x3c
    1b3e:	3d ad       	ldd	r19, Y+61	; 0x3d
    1b40:	4e ad       	ldd	r20, Y+62	; 0x3e
    1b42:	5f ad       	ldd	r21, Y+63	; 0x3f
    1b44:	6d 97       	sbiw	r28, 0x1d	; 29
    1b46:	0e 94 c2 30 	call	0x6184	; 0x6184 <__mulsi3>
    1b4a:	9b 01       	movw	r18, r22
    1b4c:	ac 01       	movw	r20, r24
    1b4e:	87 01       	movw	r16, r14
    1b50:	ff 24       	eor	r15, r15
    1b52:	ee 24       	eor	r14, r14
    1b54:	29 96       	adiw	r28, 0x09	; 9
    1b56:	8c ad       	ldd	r24, Y+60	; 0x3c
    1b58:	9d ad       	ldd	r25, Y+61	; 0x3d
    1b5a:	ae ad       	ldd	r26, Y+62	; 0x3e
    1b5c:	bf ad       	ldd	r27, Y+63	; 0x3f
    1b5e:	29 97       	sbiw	r28, 0x09	; 9
    1b60:	a0 70       	andi	r26, 0x00	; 0
    1b62:	b0 70       	andi	r27, 0x00	; 0
    1b64:	57 01       	movw	r10, r14
    1b66:	68 01       	movw	r12, r16
    1b68:	a8 2a       	or	r10, r24
    1b6a:	b9 2a       	or	r11, r25
    1b6c:	ca 2a       	or	r12, r26
    1b6e:	db 2a       	or	r13, r27
    1b70:	a2 16       	cp	r10, r18
    1b72:	b3 06       	cpc	r11, r19
    1b74:	c4 06       	cpc	r12, r20
    1b76:	d5 06       	cpc	r13, r21
    1b78:	90 f4       	brcc	.+36     	; 0x1b9e <__moddi3+0x770>
    1b7a:	a2 0c       	add	r10, r2
    1b7c:	b3 1c       	adc	r11, r3
    1b7e:	c4 1c       	adc	r12, r4
    1b80:	d5 1c       	adc	r13, r5
    1b82:	a2 14       	cp	r10, r2
    1b84:	b3 04       	cpc	r11, r3
    1b86:	c4 04       	cpc	r12, r4
    1b88:	d5 04       	cpc	r13, r5
    1b8a:	48 f0       	brcs	.+18     	; 0x1b9e <__moddi3+0x770>
    1b8c:	a2 16       	cp	r10, r18
    1b8e:	b3 06       	cpc	r11, r19
    1b90:	c4 06       	cpc	r12, r20
    1b92:	d5 06       	cpc	r13, r21
    1b94:	20 f4       	brcc	.+8      	; 0x1b9e <__moddi3+0x770>
    1b96:	a2 0c       	add	r10, r2
    1b98:	b3 1c       	adc	r11, r3
    1b9a:	c4 1c       	adc	r12, r4
    1b9c:	d5 1c       	adc	r13, r5
    1b9e:	e8 96       	adiw	r28, 0x38	; 56
    1ba0:	ec ac       	ldd	r14, Y+60	; 0x3c
    1ba2:	fd ac       	ldd	r15, Y+61	; 0x3d
    1ba4:	0e ad       	ldd	r16, Y+62	; 0x3e
    1ba6:	1f ad       	ldd	r17, Y+63	; 0x3f
    1ba8:	e8 97       	sbiw	r28, 0x38	; 56
    1baa:	e4 96       	adiw	r28, 0x34	; 52
    1bac:	0f ac       	ldd	r0, Y+63	; 0x3f
    1bae:	e4 97       	sbiw	r28, 0x34	; 52
    1bb0:	04 c0       	rjmp	.+8      	; 0x1bba <__moddi3+0x78c>
    1bb2:	ee 0c       	add	r14, r14
    1bb4:	ff 1c       	adc	r15, r15
    1bb6:	00 1f       	adc	r16, r16
    1bb8:	11 1f       	adc	r17, r17
    1bba:	0a 94       	dec	r0
    1bbc:	d2 f7       	brpl	.-12     	; 0x1bb2 <__moddi3+0x784>
    1bbe:	2d 96       	adiw	r28, 0x0d	; 13
    1bc0:	ec ae       	std	Y+60, r14	; 0x3c
    1bc2:	fd ae       	std	Y+61, r15	; 0x3d
    1bc4:	0e af       	std	Y+62, r16	; 0x3e
    1bc6:	1f af       	std	Y+63, r17	; 0x3f
    1bc8:	2d 97       	sbiw	r28, 0x0d	; 13
    1bca:	a2 1a       	sub	r10, r18
    1bcc:	b3 0a       	sbc	r11, r19
    1bce:	c4 0a       	sbc	r12, r20
    1bd0:	d5 0a       	sbc	r13, r21
    1bd2:	32 01       	movw	r6, r4
    1bd4:	88 24       	eor	r8, r8
    1bd6:	99 24       	eor	r9, r9
    1bd8:	92 01       	movw	r18, r4
    1bda:	81 01       	movw	r16, r2
    1bdc:	20 70       	andi	r18, 0x00	; 0
    1bde:	30 70       	andi	r19, 0x00	; 0
    1be0:	a1 96       	adiw	r28, 0x21	; 33
    1be2:	0c af       	std	Y+60, r16	; 0x3c
    1be4:	1d af       	std	Y+61, r17	; 0x3d
    1be6:	2e af       	std	Y+62, r18	; 0x3e
    1be8:	3f af       	std	Y+63, r19	; 0x3f
    1bea:	a1 97       	sbiw	r28, 0x21	; 33
    1bec:	c6 01       	movw	r24, r12
    1bee:	b5 01       	movw	r22, r10
    1bf0:	a4 01       	movw	r20, r8
    1bf2:	93 01       	movw	r18, r6
    1bf4:	0e 94 e1 30 	call	0x61c2	; 0x61c2 <__udivmodsi4>
    1bf8:	7b 01       	movw	r14, r22
    1bfa:	8c 01       	movw	r16, r24
    1bfc:	c6 01       	movw	r24, r12
    1bfe:	b5 01       	movw	r22, r10
    1c00:	a4 01       	movw	r20, r8
    1c02:	93 01       	movw	r18, r6
    1c04:	0e 94 e1 30 	call	0x61c2	; 0x61c2 <__udivmodsi4>
    1c08:	ca 01       	movw	r24, r20
    1c0a:	b9 01       	movw	r22, r18
    1c0c:	a1 96       	adiw	r28, 0x21	; 33
    1c0e:	2c ad       	ldd	r18, Y+60	; 0x3c
    1c10:	3d ad       	ldd	r19, Y+61	; 0x3d
    1c12:	4e ad       	ldd	r20, Y+62	; 0x3e
    1c14:	5f ad       	ldd	r21, Y+63	; 0x3f
    1c16:	a1 97       	sbiw	r28, 0x21	; 33
    1c18:	0e 94 c2 30 	call	0x6184	; 0x6184 <__mulsi3>
    1c1c:	9b 01       	movw	r18, r22
    1c1e:	ac 01       	movw	r20, r24
    1c20:	87 01       	movw	r16, r14
    1c22:	ff 24       	eor	r15, r15
    1c24:	ee 24       	eor	r14, r14
    1c26:	2d 96       	adiw	r28, 0x0d	; 13
    1c28:	ac ac       	ldd	r10, Y+60	; 0x3c
    1c2a:	bd ac       	ldd	r11, Y+61	; 0x3d
    1c2c:	ce ac       	ldd	r12, Y+62	; 0x3e
    1c2e:	df ac       	ldd	r13, Y+63	; 0x3f
    1c30:	2d 97       	sbiw	r28, 0x0d	; 13
    1c32:	c6 01       	movw	r24, r12
    1c34:	aa 27       	eor	r26, r26
    1c36:	bb 27       	eor	r27, r27
    1c38:	57 01       	movw	r10, r14
    1c3a:	68 01       	movw	r12, r16
    1c3c:	a8 2a       	or	r10, r24
    1c3e:	b9 2a       	or	r11, r25
    1c40:	ca 2a       	or	r12, r26
    1c42:	db 2a       	or	r13, r27
    1c44:	a2 16       	cp	r10, r18
    1c46:	b3 06       	cpc	r11, r19
    1c48:	c4 06       	cpc	r12, r20
    1c4a:	d5 06       	cpc	r13, r21
    1c4c:	90 f4       	brcc	.+36     	; 0x1c72 <__moddi3+0x844>
    1c4e:	a2 0c       	add	r10, r2
    1c50:	b3 1c       	adc	r11, r3
    1c52:	c4 1c       	adc	r12, r4
    1c54:	d5 1c       	adc	r13, r5
    1c56:	a2 14       	cp	r10, r2
    1c58:	b3 04       	cpc	r11, r3
    1c5a:	c4 04       	cpc	r12, r4
    1c5c:	d5 04       	cpc	r13, r5
    1c5e:	48 f0       	brcs	.+18     	; 0x1c72 <__moddi3+0x844>
    1c60:	a2 16       	cp	r10, r18
    1c62:	b3 06       	cpc	r11, r19
    1c64:	c4 06       	cpc	r12, r20
    1c66:	d5 06       	cpc	r13, r21
    1c68:	20 f4       	brcc	.+8      	; 0x1c72 <__moddi3+0x844>
    1c6a:	a2 0c       	add	r10, r2
    1c6c:	b3 1c       	adc	r11, r3
    1c6e:	c4 1c       	adc	r12, r4
    1c70:	d5 1c       	adc	r13, r5
    1c72:	a2 1a       	sub	r10, r18
    1c74:	b3 0a       	sbc	r11, r19
    1c76:	c4 0a       	sbc	r12, r20
    1c78:	d5 0a       	sbc	r13, r21
    1c7a:	c6 01       	movw	r24, r12
    1c7c:	b5 01       	movw	r22, r10
    1c7e:	a4 01       	movw	r20, r8
    1c80:	93 01       	movw	r18, r6
    1c82:	0e 94 e1 30 	call	0x61c2	; 0x61c2 <__udivmodsi4>
    1c86:	7b 01       	movw	r14, r22
    1c88:	8c 01       	movw	r16, r24
    1c8a:	c6 01       	movw	r24, r12
    1c8c:	b5 01       	movw	r22, r10
    1c8e:	a4 01       	movw	r20, r8
    1c90:	93 01       	movw	r18, r6
    1c92:	0e 94 e1 30 	call	0x61c2	; 0x61c2 <__udivmodsi4>
    1c96:	ca 01       	movw	r24, r20
    1c98:	b9 01       	movw	r22, r18
    1c9a:	a1 96       	adiw	r28, 0x21	; 33
    1c9c:	2c ad       	ldd	r18, Y+60	; 0x3c
    1c9e:	3d ad       	ldd	r19, Y+61	; 0x3d
    1ca0:	4e ad       	ldd	r20, Y+62	; 0x3e
    1ca2:	5f ad       	ldd	r21, Y+63	; 0x3f
    1ca4:	a1 97       	sbiw	r28, 0x21	; 33
    1ca6:	0e 94 c2 30 	call	0x6184	; 0x6184 <__mulsi3>
    1caa:	9b 01       	movw	r18, r22
    1cac:	ac 01       	movw	r20, r24
    1cae:	87 01       	movw	r16, r14
    1cb0:	ff 24       	eor	r15, r15
    1cb2:	ee 24       	eor	r14, r14
    1cb4:	2d 96       	adiw	r28, 0x0d	; 13
    1cb6:	8c ad       	ldd	r24, Y+60	; 0x3c
    1cb8:	9d ad       	ldd	r25, Y+61	; 0x3d
    1cba:	ae ad       	ldd	r26, Y+62	; 0x3e
    1cbc:	bf ad       	ldd	r27, Y+63	; 0x3f
    1cbe:	2d 97       	sbiw	r28, 0x0d	; 13
    1cc0:	a0 70       	andi	r26, 0x00	; 0
    1cc2:	b0 70       	andi	r27, 0x00	; 0
    1cc4:	e8 2a       	or	r14, r24
    1cc6:	f9 2a       	or	r15, r25
    1cc8:	0a 2b       	or	r16, r26
    1cca:	1b 2b       	or	r17, r27
    1ccc:	e2 16       	cp	r14, r18
    1cce:	f3 06       	cpc	r15, r19
    1cd0:	04 07       	cpc	r16, r20
    1cd2:	15 07       	cpc	r17, r21
    1cd4:	90 f4       	brcc	.+36     	; 0x1cfa <__moddi3+0x8cc>
    1cd6:	e2 0c       	add	r14, r2
    1cd8:	f3 1c       	adc	r15, r3
    1cda:	04 1d       	adc	r16, r4
    1cdc:	15 1d       	adc	r17, r5
    1cde:	e2 14       	cp	r14, r2
    1ce0:	f3 04       	cpc	r15, r3
    1ce2:	04 05       	cpc	r16, r4
    1ce4:	15 05       	cpc	r17, r5
    1ce6:	48 f0       	brcs	.+18     	; 0x1cfa <__moddi3+0x8cc>
    1ce8:	e2 16       	cp	r14, r18
    1cea:	f3 06       	cpc	r15, r19
    1cec:	04 07       	cpc	r16, r20
    1cee:	15 07       	cpc	r17, r21
    1cf0:	20 f4       	brcc	.+8      	; 0x1cfa <__moddi3+0x8cc>
    1cf2:	e2 0c       	add	r14, r2
    1cf4:	f3 1c       	adc	r15, r3
    1cf6:	04 1d       	adc	r16, r4
    1cf8:	15 1d       	adc	r17, r5
    1cfa:	e2 1a       	sub	r14, r18
    1cfc:	f3 0a       	sbc	r15, r19
    1cfe:	04 0b       	sbc	r16, r20
    1d00:	15 0b       	sbc	r17, r21
    1d02:	d8 01       	movw	r26, r16
    1d04:	c7 01       	movw	r24, r14
    1d06:	62 96       	adiw	r28, 0x12	; 18
    1d08:	0f ac       	ldd	r0, Y+63	; 0x3f
    1d0a:	62 97       	sbiw	r28, 0x12	; 18
    1d0c:	04 c0       	rjmp	.+8      	; 0x1d16 <__moddi3+0x8e8>
    1d0e:	b6 95       	lsr	r27
    1d10:	a7 95       	ror	r26
    1d12:	97 95       	ror	r25
    1d14:	87 95       	ror	r24
    1d16:	0a 94       	dec	r0
    1d18:	d2 f7       	brpl	.-12     	; 0x1d0e <__moddi3+0x8e0>
    1d1a:	89 a7       	std	Y+41, r24	; 0x29
    1d1c:	9a a7       	std	Y+42, r25	; 0x2a
    1d1e:	ab a7       	std	Y+43, r26	; 0x2b
    1d20:	bc a7       	std	Y+44, r27	; 0x2c
    1d22:	1d a6       	std	Y+45, r1	; 0x2d
    1d24:	1e a6       	std	Y+46, r1	; 0x2e
    1d26:	1f a6       	std	Y+47, r1	; 0x2f
    1d28:	18 aa       	std	Y+48, r1	; 0x30
    1d2a:	89 8b       	std	Y+17, r24	; 0x11
    1d2c:	8a a5       	ldd	r24, Y+42	; 0x2a
    1d2e:	8a 8b       	std	Y+18, r24	; 0x12
    1d30:	8b a5       	ldd	r24, Y+43	; 0x2b
    1d32:	8b 8b       	std	Y+19, r24	; 0x13
    1d34:	8c a5       	ldd	r24, Y+44	; 0x2c
    1d36:	8c 8b       	std	Y+20, r24	; 0x14
    1d38:	8d a5       	ldd	r24, Y+45	; 0x2d
    1d3a:	8d 8b       	std	Y+21, r24	; 0x15
    1d3c:	2f c3       	rjmp	.+1630   	; 0x239c <__moddi3+0xf6e>
    1d3e:	6a 14       	cp	r6, r10
    1d40:	7b 04       	cpc	r7, r11
    1d42:	8c 04       	cpc	r8, r12
    1d44:	9d 04       	cpc	r9, r13
    1d46:	48 f4       	brcc	.+18     	; 0x1d5a <__moddi3+0x92c>
    1d48:	49 8b       	std	Y+17, r20	; 0x11
    1d4a:	5a 8b       	std	Y+18, r21	; 0x12
    1d4c:	6b 8b       	std	Y+19, r22	; 0x13
    1d4e:	7c 8b       	std	Y+20, r23	; 0x14
    1d50:	8d 8b       	std	Y+21, r24	; 0x15
    1d52:	9e 8b       	std	Y+22, r25	; 0x16
    1d54:	2f 8b       	std	Y+23, r18	; 0x17
    1d56:	38 8f       	std	Y+24, r19	; 0x18
    1d58:	27 c3       	rjmp	.+1614   	; 0x23a8 <__moddi3+0xf7a>
    1d5a:	00 e0       	ldi	r16, 0x00	; 0
    1d5c:	a0 16       	cp	r10, r16
    1d5e:	00 e0       	ldi	r16, 0x00	; 0
    1d60:	b0 06       	cpc	r11, r16
    1d62:	01 e0       	ldi	r16, 0x01	; 1
    1d64:	c0 06       	cpc	r12, r16
    1d66:	00 e0       	ldi	r16, 0x00	; 0
    1d68:	d0 06       	cpc	r13, r16
    1d6a:	88 f4       	brcc	.+34     	; 0x1d8e <__moddi3+0x960>
    1d6c:	1f ef       	ldi	r17, 0xFF	; 255
    1d6e:	a1 16       	cp	r10, r17
    1d70:	b1 04       	cpc	r11, r1
    1d72:	c1 04       	cpc	r12, r1
    1d74:	d1 04       	cpc	r13, r1
    1d76:	39 f0       	breq	.+14     	; 0x1d86 <__moddi3+0x958>
    1d78:	30 f0       	brcs	.+12     	; 0x1d86 <__moddi3+0x958>
    1d7a:	28 e0       	ldi	r18, 0x08	; 8
    1d7c:	e2 2e       	mov	r14, r18
    1d7e:	f1 2c       	mov	r15, r1
    1d80:	01 2d       	mov	r16, r1
    1d82:	11 2d       	mov	r17, r1
    1d84:	18 c0       	rjmp	.+48     	; 0x1db6 <__moddi3+0x988>
    1d86:	ee 24       	eor	r14, r14
    1d88:	ff 24       	eor	r15, r15
    1d8a:	87 01       	movw	r16, r14
    1d8c:	14 c0       	rjmp	.+40     	; 0x1db6 <__moddi3+0x988>
    1d8e:	20 e0       	ldi	r18, 0x00	; 0
    1d90:	a2 16       	cp	r10, r18
    1d92:	20 e0       	ldi	r18, 0x00	; 0
    1d94:	b2 06       	cpc	r11, r18
    1d96:	20 e0       	ldi	r18, 0x00	; 0
    1d98:	c2 06       	cpc	r12, r18
    1d9a:	21 e0       	ldi	r18, 0x01	; 1
    1d9c:	d2 06       	cpc	r13, r18
    1d9e:	30 f0       	brcs	.+12     	; 0x1dac <__moddi3+0x97e>
    1da0:	98 e1       	ldi	r25, 0x18	; 24
    1da2:	e9 2e       	mov	r14, r25
    1da4:	f1 2c       	mov	r15, r1
    1da6:	01 2d       	mov	r16, r1
    1da8:	11 2d       	mov	r17, r1
    1daa:	05 c0       	rjmp	.+10     	; 0x1db6 <__moddi3+0x988>
    1dac:	80 e1       	ldi	r24, 0x10	; 16
    1dae:	e8 2e       	mov	r14, r24
    1db0:	f1 2c       	mov	r15, r1
    1db2:	01 2d       	mov	r16, r1
    1db4:	11 2d       	mov	r17, r1
    1db6:	d6 01       	movw	r26, r12
    1db8:	c5 01       	movw	r24, r10
    1dba:	0e 2c       	mov	r0, r14
    1dbc:	04 c0       	rjmp	.+8      	; 0x1dc6 <__moddi3+0x998>
    1dbe:	b6 95       	lsr	r27
    1dc0:	a7 95       	ror	r26
    1dc2:	97 95       	ror	r25
    1dc4:	87 95       	ror	r24
    1dc6:	0a 94       	dec	r0
    1dc8:	d2 f7       	brpl	.-12     	; 0x1dbe <__moddi3+0x990>
    1dca:	83 57       	subi	r24, 0x73	; 115
    1dcc:	9f 4f       	sbci	r25, 0xFF	; 255
    1dce:	dc 01       	movw	r26, r24
    1dd0:	2c 91       	ld	r18, X
    1dd2:	80 e2       	ldi	r24, 0x20	; 32
    1dd4:	90 e0       	ldi	r25, 0x00	; 0
    1dd6:	a0 e0       	ldi	r26, 0x00	; 0
    1dd8:	b0 e0       	ldi	r27, 0x00	; 0
    1dda:	8e 19       	sub	r24, r14
    1ddc:	9f 09       	sbc	r25, r15
    1dde:	a0 0b       	sbc	r26, r16
    1de0:	b1 0b       	sbc	r27, r17
    1de2:	82 1b       	sub	r24, r18
    1de4:	91 09       	sbc	r25, r1
    1de6:	a1 09       	sbc	r26, r1
    1de8:	b1 09       	sbc	r27, r1
    1dea:	00 97       	sbiw	r24, 0x00	; 0
    1dec:	a1 05       	cpc	r26, r1
    1dee:	b1 05       	cpc	r27, r1
    1df0:	09 f0       	breq	.+2      	; 0x1df4 <__moddi3+0x9c6>
    1df2:	59 c0       	rjmp	.+178    	; 0x1ea6 <__moddi3+0xa78>
    1df4:	a6 14       	cp	r10, r6
    1df6:	b7 04       	cpc	r11, r7
    1df8:	c8 04       	cpc	r12, r8
    1dfa:	d9 04       	cpc	r13, r9
    1dfc:	70 f0       	brcs	.+28     	; 0x1e1a <__moddi3+0x9ec>
    1dfe:	e8 96       	adiw	r28, 0x38	; 56
    1e00:	ec ac       	ldd	r14, Y+60	; 0x3c
    1e02:	fd ac       	ldd	r15, Y+61	; 0x3d
    1e04:	0e ad       	ldd	r16, Y+62	; 0x3e
    1e06:	1f ad       	ldd	r17, Y+63	; 0x3f
    1e08:	e8 97       	sbiw	r28, 0x38	; 56
    1e0a:	e2 14       	cp	r14, r2
    1e0c:	f3 04       	cpc	r15, r3
    1e0e:	04 05       	cpc	r16, r4
    1e10:	15 05       	cpc	r17, r5
    1e12:	18 f4       	brcc	.+6      	; 0x1e1a <__moddi3+0x9ec>
    1e14:	d8 01       	movw	r26, r16
    1e16:	c7 01       	movw	r24, r14
    1e18:	2f c0       	rjmp	.+94     	; 0x1e78 <__moddi3+0xa4a>
    1e1a:	e8 96       	adiw	r28, 0x38	; 56
    1e1c:	8c ad       	ldd	r24, Y+60	; 0x3c
    1e1e:	9d ad       	ldd	r25, Y+61	; 0x3d
    1e20:	ae ad       	ldd	r26, Y+62	; 0x3e
    1e22:	bf ad       	ldd	r27, Y+63	; 0x3f
    1e24:	e8 97       	sbiw	r28, 0x38	; 56
    1e26:	82 19       	sub	r24, r2
    1e28:	93 09       	sbc	r25, r3
    1e2a:	a4 09       	sbc	r26, r4
    1e2c:	b5 09       	sbc	r27, r5
    1e2e:	a4 01       	movw	r20, r8
    1e30:	93 01       	movw	r18, r6
    1e32:	2a 19       	sub	r18, r10
    1e34:	3b 09       	sbc	r19, r11
    1e36:	4c 09       	sbc	r20, r12
    1e38:	5d 09       	sbc	r21, r13
    1e3a:	aa 24       	eor	r10, r10
    1e3c:	bb 24       	eor	r11, r11
    1e3e:	65 01       	movw	r12, r10
    1e40:	e8 96       	adiw	r28, 0x38	; 56
    1e42:	6c ac       	ldd	r6, Y+60	; 0x3c
    1e44:	7d ac       	ldd	r7, Y+61	; 0x3d
    1e46:	8e ac       	ldd	r8, Y+62	; 0x3e
    1e48:	9f ac       	ldd	r9, Y+63	; 0x3f
    1e4a:	e8 97       	sbiw	r28, 0x38	; 56
    1e4c:	68 16       	cp	r6, r24
    1e4e:	79 06       	cpc	r7, r25
    1e50:	8a 06       	cpc	r8, r26
    1e52:	9b 06       	cpc	r9, r27
    1e54:	28 f4       	brcc	.+10     	; 0x1e60 <__moddi3+0xa32>
    1e56:	11 e0       	ldi	r17, 0x01	; 1
    1e58:	a1 2e       	mov	r10, r17
    1e5a:	b1 2c       	mov	r11, r1
    1e5c:	c1 2c       	mov	r12, r1
    1e5e:	d1 2c       	mov	r13, r1
    1e60:	79 01       	movw	r14, r18
    1e62:	8a 01       	movw	r16, r20
    1e64:	ea 18       	sub	r14, r10
    1e66:	fb 08       	sbc	r15, r11
    1e68:	0c 09       	sbc	r16, r12
    1e6a:	1d 09       	sbc	r17, r13
    1e6c:	61 96       	adiw	r28, 0x11	; 17
    1e6e:	ec ae       	std	Y+60, r14	; 0x3c
    1e70:	fd ae       	std	Y+61, r15	; 0x3d
    1e72:	0e af       	std	Y+62, r16	; 0x3e
    1e74:	1f af       	std	Y+63, r17	; 0x3f
    1e76:	61 97       	sbiw	r28, 0x11	; 17
    1e78:	89 a7       	std	Y+41, r24	; 0x29
    1e7a:	9a a7       	std	Y+42, r25	; 0x2a
    1e7c:	ab a7       	std	Y+43, r26	; 0x2b
    1e7e:	bc a7       	std	Y+44, r27	; 0x2c
    1e80:	61 96       	adiw	r28, 0x11	; 17
    1e82:	0c ad       	ldd	r16, Y+60	; 0x3c
    1e84:	1d ad       	ldd	r17, Y+61	; 0x3d
    1e86:	2e ad       	ldd	r18, Y+62	; 0x3e
    1e88:	3f ad       	ldd	r19, Y+63	; 0x3f
    1e8a:	61 97       	sbiw	r28, 0x11	; 17
    1e8c:	0d a7       	std	Y+45, r16	; 0x2d
    1e8e:	1e a7       	std	Y+46, r17	; 0x2e
    1e90:	2f a7       	std	Y+47, r18	; 0x2f
    1e92:	38 ab       	std	Y+48, r19	; 0x30
    1e94:	89 8b       	std	Y+17, r24	; 0x11
    1e96:	8a a5       	ldd	r24, Y+42	; 0x2a
    1e98:	8a 8b       	std	Y+18, r24	; 0x12
    1e9a:	8b a5       	ldd	r24, Y+43	; 0x2b
    1e9c:	8b 8b       	std	Y+19, r24	; 0x13
    1e9e:	8c a5       	ldd	r24, Y+44	; 0x2c
    1ea0:	8c 8b       	std	Y+20, r24	; 0x14
    1ea2:	0d 8b       	std	Y+21, r16	; 0x15
    1ea4:	7b c2       	rjmp	.+1270   	; 0x239c <__moddi3+0xf6e>
    1ea6:	e3 96       	adiw	r28, 0x33	; 51
    1ea8:	8f af       	std	Y+63, r24	; 0x3f
    1eaa:	e3 97       	sbiw	r28, 0x33	; 51
    1eac:	a6 01       	movw	r20, r12
    1eae:	95 01       	movw	r18, r10
    1eb0:	08 2e       	mov	r0, r24
    1eb2:	04 c0       	rjmp	.+8      	; 0x1ebc <__moddi3+0xa8e>
    1eb4:	22 0f       	add	r18, r18
    1eb6:	33 1f       	adc	r19, r19
    1eb8:	44 1f       	adc	r20, r20
    1eba:	55 1f       	adc	r21, r21
    1ebc:	0a 94       	dec	r0
    1ebe:	d2 f7       	brpl	.-12     	; 0x1eb4 <__moddi3+0xa86>
    1ec0:	10 e2       	ldi	r17, 0x20	; 32
    1ec2:	18 1b       	sub	r17, r24
    1ec4:	e2 96       	adiw	r28, 0x32	; 50
    1ec6:	1f af       	std	Y+63, r17	; 0x3f
    1ec8:	e2 97       	sbiw	r28, 0x32	; 50
    1eca:	d2 01       	movw	r26, r4
    1ecc:	c1 01       	movw	r24, r2
    1ece:	01 2e       	mov	r0, r17
    1ed0:	04 c0       	rjmp	.+8      	; 0x1eda <__moddi3+0xaac>
    1ed2:	b6 95       	lsr	r27
    1ed4:	a7 95       	ror	r26
    1ed6:	97 95       	ror	r25
    1ed8:	87 95       	ror	r24
    1eda:	0a 94       	dec	r0
    1edc:	d2 f7       	brpl	.-12     	; 0x1ed2 <__moddi3+0xaa4>
    1ede:	5c 01       	movw	r10, r24
    1ee0:	6d 01       	movw	r12, r26
    1ee2:	a2 2a       	or	r10, r18
    1ee4:	b3 2a       	or	r11, r19
    1ee6:	c4 2a       	or	r12, r20
    1ee8:	d5 2a       	or	r13, r21
    1eea:	25 96       	adiw	r28, 0x05	; 5
    1eec:	ac ae       	std	Y+60, r10	; 0x3c
    1eee:	bd ae       	std	Y+61, r11	; 0x3d
    1ef0:	ce ae       	std	Y+62, r12	; 0x3e
    1ef2:	df ae       	std	Y+63, r13	; 0x3f
    1ef4:	25 97       	sbiw	r28, 0x05	; 5
    1ef6:	72 01       	movw	r14, r4
    1ef8:	61 01       	movw	r12, r2
    1efa:	e3 96       	adiw	r28, 0x33	; 51
    1efc:	0f ac       	ldd	r0, Y+63	; 0x3f
    1efe:	e3 97       	sbiw	r28, 0x33	; 51
    1f00:	04 c0       	rjmp	.+8      	; 0x1f0a <__moddi3+0xadc>
    1f02:	cc 0c       	add	r12, r12
    1f04:	dd 1c       	adc	r13, r13
    1f06:	ee 1c       	adc	r14, r14
    1f08:	ff 1c       	adc	r15, r15
    1f0a:	0a 94       	dec	r0
    1f0c:	d2 f7       	brpl	.-12     	; 0x1f02 <__moddi3+0xad4>
    1f0e:	21 96       	adiw	r28, 0x01	; 1
    1f10:	cc ae       	std	Y+60, r12	; 0x3c
    1f12:	dd ae       	std	Y+61, r13	; 0x3d
    1f14:	ee ae       	std	Y+62, r14	; 0x3e
    1f16:	ff ae       	std	Y+63, r15	; 0x3f
    1f18:	21 97       	sbiw	r28, 0x01	; 1
    1f1a:	64 01       	movw	r12, r8
    1f1c:	53 01       	movw	r10, r6
    1f1e:	01 2e       	mov	r0, r17
    1f20:	04 c0       	rjmp	.+8      	; 0x1f2a <__moddi3+0xafc>
    1f22:	d6 94       	lsr	r13
    1f24:	c7 94       	ror	r12
    1f26:	b7 94       	ror	r11
    1f28:	a7 94       	ror	r10
    1f2a:	0a 94       	dec	r0
    1f2c:	d2 f7       	brpl	.-12     	; 0x1f22 <__moddi3+0xaf4>
    1f2e:	a4 01       	movw	r20, r8
    1f30:	93 01       	movw	r18, r6
    1f32:	e3 96       	adiw	r28, 0x33	; 51
    1f34:	0f ac       	ldd	r0, Y+63	; 0x3f
    1f36:	e3 97       	sbiw	r28, 0x33	; 51
    1f38:	04 c0       	rjmp	.+8      	; 0x1f42 <__moddi3+0xb14>
    1f3a:	22 0f       	add	r18, r18
    1f3c:	33 1f       	adc	r19, r19
    1f3e:	44 1f       	adc	r20, r20
    1f40:	55 1f       	adc	r21, r21
    1f42:	0a 94       	dec	r0
    1f44:	d2 f7       	brpl	.-12     	; 0x1f3a <__moddi3+0xb0c>
    1f46:	e8 96       	adiw	r28, 0x38	; 56
    1f48:	8c ad       	ldd	r24, Y+60	; 0x3c
    1f4a:	9d ad       	ldd	r25, Y+61	; 0x3d
    1f4c:	ae ad       	ldd	r26, Y+62	; 0x3e
    1f4e:	bf ad       	ldd	r27, Y+63	; 0x3f
    1f50:	e8 97       	sbiw	r28, 0x38	; 56
    1f52:	04 c0       	rjmp	.+8      	; 0x1f5c <__moddi3+0xb2e>
    1f54:	b6 95       	lsr	r27
    1f56:	a7 95       	ror	r26
    1f58:	97 95       	ror	r25
    1f5a:	87 95       	ror	r24
    1f5c:	1a 95       	dec	r17
    1f5e:	d2 f7       	brpl	.-12     	; 0x1f54 <__moddi3+0xb26>
    1f60:	7c 01       	movw	r14, r24
    1f62:	8d 01       	movw	r16, r26
    1f64:	e2 2a       	or	r14, r18
    1f66:	f3 2a       	or	r15, r19
    1f68:	04 2b       	or	r16, r20
    1f6a:	15 2b       	or	r17, r21
    1f6c:	e9 ae       	std	Y+57, r14	; 0x39
    1f6e:	fa ae       	std	Y+58, r15	; 0x3a
    1f70:	0b af       	std	Y+59, r16	; 0x3b
    1f72:	1c af       	std	Y+60, r17	; 0x3c
    1f74:	e8 96       	adiw	r28, 0x38	; 56
    1f76:	0c ad       	ldd	r16, Y+60	; 0x3c
    1f78:	1d ad       	ldd	r17, Y+61	; 0x3d
    1f7a:	2e ad       	ldd	r18, Y+62	; 0x3e
    1f7c:	3f ad       	ldd	r19, Y+63	; 0x3f
    1f7e:	e8 97       	sbiw	r28, 0x38	; 56
    1f80:	e3 96       	adiw	r28, 0x33	; 51
    1f82:	0f ac       	ldd	r0, Y+63	; 0x3f
    1f84:	e3 97       	sbiw	r28, 0x33	; 51
    1f86:	04 c0       	rjmp	.+8      	; 0x1f90 <__moddi3+0xb62>
    1f88:	00 0f       	add	r16, r16
    1f8a:	11 1f       	adc	r17, r17
    1f8c:	22 1f       	adc	r18, r18
    1f8e:	33 1f       	adc	r19, r19
    1f90:	0a 94       	dec	r0
    1f92:	d2 f7       	brpl	.-12     	; 0x1f88 <__moddi3+0xb5a>
    1f94:	0d ab       	std	Y+53, r16	; 0x35
    1f96:	1e ab       	std	Y+54, r17	; 0x36
    1f98:	2f ab       	std	Y+55, r18	; 0x37
    1f9a:	38 af       	std	Y+56, r19	; 0x38
    1f9c:	25 96       	adiw	r28, 0x05	; 5
    1f9e:	2c ad       	ldd	r18, Y+60	; 0x3c
    1fa0:	3d ad       	ldd	r19, Y+61	; 0x3d
    1fa2:	4e ad       	ldd	r20, Y+62	; 0x3e
    1fa4:	5f ad       	ldd	r21, Y+63	; 0x3f
    1fa6:	25 97       	sbiw	r28, 0x05	; 5
    1fa8:	3a 01       	movw	r6, r20
    1faa:	88 24       	eor	r8, r8
    1fac:	99 24       	eor	r9, r9
    1fae:	40 70       	andi	r20, 0x00	; 0
    1fb0:	50 70       	andi	r21, 0x00	; 0
    1fb2:	a5 96       	adiw	r28, 0x25	; 37
    1fb4:	2c af       	std	Y+60, r18	; 0x3c
    1fb6:	3d af       	std	Y+61, r19	; 0x3d
    1fb8:	4e af       	std	Y+62, r20	; 0x3e
    1fba:	5f af       	std	Y+63, r21	; 0x3f
    1fbc:	a5 97       	sbiw	r28, 0x25	; 37
    1fbe:	c6 01       	movw	r24, r12
    1fc0:	b5 01       	movw	r22, r10
    1fc2:	a4 01       	movw	r20, r8
    1fc4:	93 01       	movw	r18, r6
    1fc6:	0e 94 e1 30 	call	0x61c2	; 0x61c2 <__udivmodsi4>
    1fca:	7b 01       	movw	r14, r22
    1fcc:	8c 01       	movw	r16, r24
    1fce:	c6 01       	movw	r24, r12
    1fd0:	b5 01       	movw	r22, r10
    1fd2:	a4 01       	movw	r20, r8
    1fd4:	93 01       	movw	r18, r6
    1fd6:	0e 94 e1 30 	call	0x61c2	; 0x61c2 <__udivmodsi4>
    1fda:	c9 01       	movw	r24, r18
    1fdc:	da 01       	movw	r26, r20
    1fde:	1c 01       	movw	r2, r24
    1fe0:	2d 01       	movw	r4, r26
    1fe2:	c2 01       	movw	r24, r4
    1fe4:	b1 01       	movw	r22, r2
    1fe6:	a5 96       	adiw	r28, 0x25	; 37
    1fe8:	2c ad       	ldd	r18, Y+60	; 0x3c
    1fea:	3d ad       	ldd	r19, Y+61	; 0x3d
    1fec:	4e ad       	ldd	r20, Y+62	; 0x3e
    1fee:	5f ad       	ldd	r21, Y+63	; 0x3f
    1ff0:	a5 97       	sbiw	r28, 0x25	; 37
    1ff2:	0e 94 c2 30 	call	0x6184	; 0x6184 <__mulsi3>
    1ff6:	9b 01       	movw	r18, r22
    1ff8:	ac 01       	movw	r20, r24
    1ffa:	87 01       	movw	r16, r14
    1ffc:	ff 24       	eor	r15, r15
    1ffe:	ee 24       	eor	r14, r14
    2000:	a9 ac       	ldd	r10, Y+57	; 0x39
    2002:	ba ac       	ldd	r11, Y+58	; 0x3a
    2004:	cb ac       	ldd	r12, Y+59	; 0x3b
    2006:	dc ac       	ldd	r13, Y+60	; 0x3c
    2008:	c6 01       	movw	r24, r12
    200a:	aa 27       	eor	r26, r26
    200c:	bb 27       	eor	r27, r27
    200e:	57 01       	movw	r10, r14
    2010:	68 01       	movw	r12, r16
    2012:	a8 2a       	or	r10, r24
    2014:	b9 2a       	or	r11, r25
    2016:	ca 2a       	or	r12, r26
    2018:	db 2a       	or	r13, r27
    201a:	a2 16       	cp	r10, r18
    201c:	b3 06       	cpc	r11, r19
    201e:	c4 06       	cpc	r12, r20
    2020:	d5 06       	cpc	r13, r21
    2022:	10 f5       	brcc	.+68     	; 0x2068 <__moddi3+0xc3a>
    2024:	08 94       	sec
    2026:	21 08       	sbc	r2, r1
    2028:	31 08       	sbc	r3, r1
    202a:	41 08       	sbc	r4, r1
    202c:	51 08       	sbc	r5, r1
    202e:	25 96       	adiw	r28, 0x05	; 5
    2030:	ec ac       	ldd	r14, Y+60	; 0x3c
    2032:	fd ac       	ldd	r15, Y+61	; 0x3d
    2034:	0e ad       	ldd	r16, Y+62	; 0x3e
    2036:	1f ad       	ldd	r17, Y+63	; 0x3f
    2038:	25 97       	sbiw	r28, 0x05	; 5
    203a:	ae 0c       	add	r10, r14
    203c:	bf 1c       	adc	r11, r15
    203e:	c0 1e       	adc	r12, r16
    2040:	d1 1e       	adc	r13, r17
    2042:	ae 14       	cp	r10, r14
    2044:	bf 04       	cpc	r11, r15
    2046:	c0 06       	cpc	r12, r16
    2048:	d1 06       	cpc	r13, r17
    204a:	70 f0       	brcs	.+28     	; 0x2068 <__moddi3+0xc3a>
    204c:	a2 16       	cp	r10, r18
    204e:	b3 06       	cpc	r11, r19
    2050:	c4 06       	cpc	r12, r20
    2052:	d5 06       	cpc	r13, r21
    2054:	48 f4       	brcc	.+18     	; 0x2068 <__moddi3+0xc3a>
    2056:	08 94       	sec
    2058:	21 08       	sbc	r2, r1
    205a:	31 08       	sbc	r3, r1
    205c:	41 08       	sbc	r4, r1
    205e:	51 08       	sbc	r5, r1
    2060:	ae 0c       	add	r10, r14
    2062:	bf 1c       	adc	r11, r15
    2064:	c0 1e       	adc	r12, r16
    2066:	d1 1e       	adc	r13, r17
    2068:	a2 1a       	sub	r10, r18
    206a:	b3 0a       	sbc	r11, r19
    206c:	c4 0a       	sbc	r12, r20
    206e:	d5 0a       	sbc	r13, r21
    2070:	c6 01       	movw	r24, r12
    2072:	b5 01       	movw	r22, r10
    2074:	a4 01       	movw	r20, r8
    2076:	93 01       	movw	r18, r6
    2078:	0e 94 e1 30 	call	0x61c2	; 0x61c2 <__udivmodsi4>
    207c:	7b 01       	movw	r14, r22
    207e:	8c 01       	movw	r16, r24
    2080:	c6 01       	movw	r24, r12
    2082:	b5 01       	movw	r22, r10
    2084:	a4 01       	movw	r20, r8
    2086:	93 01       	movw	r18, r6
    2088:	0e 94 e1 30 	call	0x61c2	; 0x61c2 <__udivmodsi4>
    208c:	c9 01       	movw	r24, r18
    208e:	da 01       	movw	r26, r20
    2090:	3c 01       	movw	r6, r24
    2092:	4d 01       	movw	r8, r26
    2094:	c4 01       	movw	r24, r8
    2096:	b3 01       	movw	r22, r6
    2098:	a5 96       	adiw	r28, 0x25	; 37
    209a:	2c ad       	ldd	r18, Y+60	; 0x3c
    209c:	3d ad       	ldd	r19, Y+61	; 0x3d
    209e:	4e ad       	ldd	r20, Y+62	; 0x3e
    20a0:	5f ad       	ldd	r21, Y+63	; 0x3f
    20a2:	a5 97       	sbiw	r28, 0x25	; 37
    20a4:	0e 94 c2 30 	call	0x6184	; 0x6184 <__mulsi3>
    20a8:	9b 01       	movw	r18, r22
    20aa:	ac 01       	movw	r20, r24
    20ac:	87 01       	movw	r16, r14
    20ae:	ff 24       	eor	r15, r15
    20b0:	ee 24       	eor	r14, r14
    20b2:	89 ad       	ldd	r24, Y+57	; 0x39
    20b4:	9a ad       	ldd	r25, Y+58	; 0x3a
    20b6:	ab ad       	ldd	r26, Y+59	; 0x3b
    20b8:	bc ad       	ldd	r27, Y+60	; 0x3c
    20ba:	a0 70       	andi	r26, 0x00	; 0
    20bc:	b0 70       	andi	r27, 0x00	; 0
    20be:	57 01       	movw	r10, r14
    20c0:	68 01       	movw	r12, r16
    20c2:	a8 2a       	or	r10, r24
    20c4:	b9 2a       	or	r11, r25
    20c6:	ca 2a       	or	r12, r26
    20c8:	db 2a       	or	r13, r27
    20ca:	a2 16       	cp	r10, r18
    20cc:	b3 06       	cpc	r11, r19
    20ce:	c4 06       	cpc	r12, r20
    20d0:	d5 06       	cpc	r13, r21
    20d2:	10 f5       	brcc	.+68     	; 0x2118 <__moddi3+0xcea>
    20d4:	08 94       	sec
    20d6:	61 08       	sbc	r6, r1
    20d8:	71 08       	sbc	r7, r1
    20da:	81 08       	sbc	r8, r1
    20dc:	91 08       	sbc	r9, r1
    20de:	25 96       	adiw	r28, 0x05	; 5
    20e0:	6c ad       	ldd	r22, Y+60	; 0x3c
    20e2:	7d ad       	ldd	r23, Y+61	; 0x3d
    20e4:	8e ad       	ldd	r24, Y+62	; 0x3e
    20e6:	9f ad       	ldd	r25, Y+63	; 0x3f
    20e8:	25 97       	sbiw	r28, 0x05	; 5
    20ea:	a6 0e       	add	r10, r22
    20ec:	b7 1e       	adc	r11, r23
    20ee:	c8 1e       	adc	r12, r24
    20f0:	d9 1e       	adc	r13, r25
    20f2:	a6 16       	cp	r10, r22
    20f4:	b7 06       	cpc	r11, r23
    20f6:	c8 06       	cpc	r12, r24
    20f8:	d9 06       	cpc	r13, r25
    20fa:	70 f0       	brcs	.+28     	; 0x2118 <__moddi3+0xcea>
    20fc:	a2 16       	cp	r10, r18
    20fe:	b3 06       	cpc	r11, r19
    2100:	c4 06       	cpc	r12, r20
    2102:	d5 06       	cpc	r13, r21
    2104:	48 f4       	brcc	.+18     	; 0x2118 <__moddi3+0xcea>
    2106:	08 94       	sec
    2108:	61 08       	sbc	r6, r1
    210a:	71 08       	sbc	r7, r1
    210c:	81 08       	sbc	r8, r1
    210e:	91 08       	sbc	r9, r1
    2110:	a6 0e       	add	r10, r22
    2112:	b7 1e       	adc	r11, r23
    2114:	c8 1e       	adc	r12, r24
    2116:	d9 1e       	adc	r13, r25
    2118:	d6 01       	movw	r26, r12
    211a:	c5 01       	movw	r24, r10
    211c:	82 1b       	sub	r24, r18
    211e:	93 0b       	sbc	r25, r19
    2120:	a4 0b       	sbc	r26, r20
    2122:	b5 0b       	sbc	r27, r21
    2124:	89 ab       	std	Y+49, r24	; 0x31
    2126:	9a ab       	std	Y+50, r25	; 0x32
    2128:	ab ab       	std	Y+51, r26	; 0x33
    212a:	bc ab       	std	Y+52, r27	; 0x34
    212c:	d1 01       	movw	r26, r2
    212e:	99 27       	eor	r25, r25
    2130:	88 27       	eor	r24, r24
    2132:	84 01       	movw	r16, r8
    2134:	73 01       	movw	r14, r6
    2136:	e8 2a       	or	r14, r24
    2138:	f9 2a       	or	r15, r25
    213a:	0a 2b       	or	r16, r26
    213c:	1b 2b       	or	r17, r27
    213e:	8f ef       	ldi	r24, 0xFF	; 255
    2140:	a8 2e       	mov	r10, r24
    2142:	8f ef       	ldi	r24, 0xFF	; 255
    2144:	b8 2e       	mov	r11, r24
    2146:	c1 2c       	mov	r12, r1
    2148:	d1 2c       	mov	r13, r1
    214a:	ae 20       	and	r10, r14
    214c:	bf 20       	and	r11, r15
    214e:	c0 22       	and	r12, r16
    2150:	d1 22       	and	r13, r17
    2152:	78 01       	movw	r14, r16
    2154:	00 27       	eor	r16, r16
    2156:	11 27       	eor	r17, r17
    2158:	21 96       	adiw	r28, 0x01	; 1
    215a:	6c ac       	ldd	r6, Y+60	; 0x3c
    215c:	7d ac       	ldd	r7, Y+61	; 0x3d
    215e:	8e ac       	ldd	r8, Y+62	; 0x3e
    2160:	9f ac       	ldd	r9, Y+63	; 0x3f
    2162:	21 97       	sbiw	r28, 0x01	; 1
    2164:	2f ef       	ldi	r18, 0xFF	; 255
    2166:	3f ef       	ldi	r19, 0xFF	; 255
    2168:	40 e0       	ldi	r20, 0x00	; 0
    216a:	50 e0       	ldi	r21, 0x00	; 0
    216c:	62 22       	and	r6, r18
    216e:	73 22       	and	r7, r19
    2170:	84 22       	and	r8, r20
    2172:	95 22       	and	r9, r21
    2174:	21 96       	adiw	r28, 0x01	; 1
    2176:	6c ad       	ldd	r22, Y+60	; 0x3c
    2178:	7d ad       	ldd	r23, Y+61	; 0x3d
    217a:	8e ad       	ldd	r24, Y+62	; 0x3e
    217c:	9f ad       	ldd	r25, Y+63	; 0x3f
    217e:	21 97       	sbiw	r28, 0x01	; 1
    2180:	ac 01       	movw	r20, r24
    2182:	66 27       	eor	r22, r22
    2184:	77 27       	eor	r23, r23
    2186:	ad 96       	adiw	r28, 0x2d	; 45
    2188:	4c af       	std	Y+60, r20	; 0x3c
    218a:	5d af       	std	Y+61, r21	; 0x3d
    218c:	6e af       	std	Y+62, r22	; 0x3e
    218e:	7f af       	std	Y+63, r23	; 0x3f
    2190:	ad 97       	sbiw	r28, 0x2d	; 45
    2192:	c6 01       	movw	r24, r12
    2194:	b5 01       	movw	r22, r10
    2196:	a4 01       	movw	r20, r8
    2198:	93 01       	movw	r18, r6
    219a:	0e 94 c2 30 	call	0x6184	; 0x6184 <__mulsi3>
    219e:	a9 96       	adiw	r28, 0x29	; 41
    21a0:	6c af       	std	Y+60, r22	; 0x3c
    21a2:	7d af       	std	Y+61, r23	; 0x3d
    21a4:	8e af       	std	Y+62, r24	; 0x3e
    21a6:	9f af       	std	Y+63, r25	; 0x3f
    21a8:	a9 97       	sbiw	r28, 0x29	; 41
    21aa:	c6 01       	movw	r24, r12
    21ac:	b5 01       	movw	r22, r10
    21ae:	ad 96       	adiw	r28, 0x2d	; 45
    21b0:	2c ad       	ldd	r18, Y+60	; 0x3c
    21b2:	3d ad       	ldd	r19, Y+61	; 0x3d
    21b4:	4e ad       	ldd	r20, Y+62	; 0x3e
    21b6:	5f ad       	ldd	r21, Y+63	; 0x3f
    21b8:	ad 97       	sbiw	r28, 0x2d	; 45
    21ba:	0e 94 c2 30 	call	0x6184	; 0x6184 <__mulsi3>
    21be:	1b 01       	movw	r2, r22
    21c0:	2c 01       	movw	r4, r24
    21c2:	c8 01       	movw	r24, r16
    21c4:	b7 01       	movw	r22, r14
    21c6:	a4 01       	movw	r20, r8
    21c8:	93 01       	movw	r18, r6
    21ca:	0e 94 c2 30 	call	0x6184	; 0x6184 <__mulsi3>
    21ce:	5b 01       	movw	r10, r22
    21d0:	6c 01       	movw	r12, r24
    21d2:	c8 01       	movw	r24, r16
    21d4:	b7 01       	movw	r22, r14
    21d6:	ad 96       	adiw	r28, 0x2d	; 45
    21d8:	2c ad       	ldd	r18, Y+60	; 0x3c
    21da:	3d ad       	ldd	r19, Y+61	; 0x3d
    21dc:	4e ad       	ldd	r20, Y+62	; 0x3e
    21de:	5f ad       	ldd	r21, Y+63	; 0x3f
    21e0:	ad 97       	sbiw	r28, 0x2d	; 45
    21e2:	0e 94 c2 30 	call	0x6184	; 0x6184 <__mulsi3>
    21e6:	7b 01       	movw	r14, r22
    21e8:	8c 01       	movw	r16, r24
    21ea:	a6 01       	movw	r20, r12
    21ec:	95 01       	movw	r18, r10
    21ee:	22 0d       	add	r18, r2
    21f0:	33 1d       	adc	r19, r3
    21f2:	44 1d       	adc	r20, r4
    21f4:	55 1d       	adc	r21, r5
    21f6:	a9 96       	adiw	r28, 0x29	; 41
    21f8:	6c ac       	ldd	r6, Y+60	; 0x3c
    21fa:	7d ac       	ldd	r7, Y+61	; 0x3d
    21fc:	8e ac       	ldd	r8, Y+62	; 0x3e
    21fe:	9f ac       	ldd	r9, Y+63	; 0x3f
    2200:	a9 97       	sbiw	r28, 0x29	; 41
    2202:	c4 01       	movw	r24, r8
    2204:	aa 27       	eor	r26, r26
    2206:	bb 27       	eor	r27, r27
    2208:	28 0f       	add	r18, r24
    220a:	39 1f       	adc	r19, r25
    220c:	4a 1f       	adc	r20, r26
    220e:	5b 1f       	adc	r21, r27
    2210:	2a 15       	cp	r18, r10
    2212:	3b 05       	cpc	r19, r11
    2214:	4c 05       	cpc	r20, r12
    2216:	5d 05       	cpc	r21, r13
    2218:	48 f4       	brcc	.+18     	; 0x222c <__moddi3+0xdfe>
    221a:	81 2c       	mov	r8, r1
    221c:	91 2c       	mov	r9, r1
    221e:	e1 e0       	ldi	r30, 0x01	; 1
    2220:	ae 2e       	mov	r10, r30
    2222:	b1 2c       	mov	r11, r1
    2224:	e8 0c       	add	r14, r8
    2226:	f9 1c       	adc	r15, r9
    2228:	0a 1d       	adc	r16, r10
    222a:	1b 1d       	adc	r17, r11
    222c:	ca 01       	movw	r24, r20
    222e:	aa 27       	eor	r26, r26
    2230:	bb 27       	eor	r27, r27
    2232:	57 01       	movw	r10, r14
    2234:	68 01       	movw	r12, r16
    2236:	a8 0e       	add	r10, r24
    2238:	b9 1e       	adc	r11, r25
    223a:	ca 1e       	adc	r12, r26
    223c:	db 1e       	adc	r13, r27
    223e:	a9 01       	movw	r20, r18
    2240:	33 27       	eor	r19, r19
    2242:	22 27       	eor	r18, r18
    2244:	a9 96       	adiw	r28, 0x29	; 41
    2246:	8c ad       	ldd	r24, Y+60	; 0x3c
    2248:	9d ad       	ldd	r25, Y+61	; 0x3d
    224a:	ae ad       	ldd	r26, Y+62	; 0x3e
    224c:	bf ad       	ldd	r27, Y+63	; 0x3f
    224e:	a9 97       	sbiw	r28, 0x29	; 41
    2250:	a0 70       	andi	r26, 0x00	; 0
    2252:	b0 70       	andi	r27, 0x00	; 0
    2254:	28 0f       	add	r18, r24
    2256:	39 1f       	adc	r19, r25
    2258:	4a 1f       	adc	r20, r26
    225a:	5b 1f       	adc	r21, r27
    225c:	e9 a8       	ldd	r14, Y+49	; 0x31
    225e:	fa a8       	ldd	r15, Y+50	; 0x32
    2260:	0b a9       	ldd	r16, Y+51	; 0x33
    2262:	1c a9       	ldd	r17, Y+52	; 0x34
    2264:	ea 14       	cp	r14, r10
    2266:	fb 04       	cpc	r15, r11
    2268:	0c 05       	cpc	r16, r12
    226a:	1d 05       	cpc	r17, r13
    226c:	70 f0       	brcs	.+28     	; 0x228a <__moddi3+0xe5c>
    226e:	ae 14       	cp	r10, r14
    2270:	bf 04       	cpc	r11, r15
    2272:	c0 06       	cpc	r12, r16
    2274:	d1 06       	cpc	r13, r17
    2276:	89 f5       	brne	.+98     	; 0x22da <__moddi3+0xeac>
    2278:	6d a9       	ldd	r22, Y+53	; 0x35
    227a:	7e a9       	ldd	r23, Y+54	; 0x36
    227c:	8f a9       	ldd	r24, Y+55	; 0x37
    227e:	98 ad       	ldd	r25, Y+56	; 0x38
    2280:	62 17       	cp	r22, r18
    2282:	73 07       	cpc	r23, r19
    2284:	84 07       	cpc	r24, r20
    2286:	95 07       	cpc	r25, r21
    2288:	40 f5       	brcc	.+80     	; 0x22da <__moddi3+0xeac>
    228a:	da 01       	movw	r26, r20
    228c:	c9 01       	movw	r24, r18
    228e:	21 96       	adiw	r28, 0x01	; 1
    2290:	6c ac       	ldd	r6, Y+60	; 0x3c
    2292:	7d ac       	ldd	r7, Y+61	; 0x3d
    2294:	8e ac       	ldd	r8, Y+62	; 0x3e
    2296:	9f ac       	ldd	r9, Y+63	; 0x3f
    2298:	21 97       	sbiw	r28, 0x01	; 1
    229a:	86 19       	sub	r24, r6
    229c:	97 09       	sbc	r25, r7
    229e:	a8 09       	sbc	r26, r8
    22a0:	b9 09       	sbc	r27, r9
    22a2:	25 96       	adiw	r28, 0x05	; 5
    22a4:	ec ac       	ldd	r14, Y+60	; 0x3c
    22a6:	fd ac       	ldd	r15, Y+61	; 0x3d
    22a8:	0e ad       	ldd	r16, Y+62	; 0x3e
    22aa:	1f ad       	ldd	r17, Y+63	; 0x3f
    22ac:	25 97       	sbiw	r28, 0x05	; 5
    22ae:	ae 18       	sub	r10, r14
    22b0:	bf 08       	sbc	r11, r15
    22b2:	c0 0a       	sbc	r12, r16
    22b4:	d1 0a       	sbc	r13, r17
    22b6:	ee 24       	eor	r14, r14
    22b8:	ff 24       	eor	r15, r15
    22ba:	87 01       	movw	r16, r14
    22bc:	28 17       	cp	r18, r24
    22be:	39 07       	cpc	r19, r25
    22c0:	4a 07       	cpc	r20, r26
    22c2:	5b 07       	cpc	r21, r27
    22c4:	28 f4       	brcc	.+10     	; 0x22d0 <__moddi3+0xea2>
    22c6:	21 e0       	ldi	r18, 0x01	; 1
    22c8:	e2 2e       	mov	r14, r18
    22ca:	f1 2c       	mov	r15, r1
    22cc:	01 2d       	mov	r16, r1
    22ce:	11 2d       	mov	r17, r1
    22d0:	ae 18       	sub	r10, r14
    22d2:	bf 08       	sbc	r11, r15
    22d4:	c0 0a       	sbc	r12, r16
    22d6:	d1 0a       	sbc	r13, r17
    22d8:	02 c0       	rjmp	.+4      	; 0x22de <__moddi3+0xeb0>
    22da:	da 01       	movw	r26, r20
    22dc:	c9 01       	movw	r24, r18
    22de:	6d a8       	ldd	r6, Y+53	; 0x35
    22e0:	7e a8       	ldd	r7, Y+54	; 0x36
    22e2:	8f a8       	ldd	r8, Y+55	; 0x37
    22e4:	98 ac       	ldd	r9, Y+56	; 0x38
    22e6:	68 1a       	sub	r6, r24
    22e8:	79 0a       	sbc	r7, r25
    22ea:	8a 0a       	sbc	r8, r26
    22ec:	9b 0a       	sbc	r9, r27
    22ee:	09 a9       	ldd	r16, Y+49	; 0x31
    22f0:	1a a9       	ldd	r17, Y+50	; 0x32
    22f2:	2b a9       	ldd	r18, Y+51	; 0x33
    22f4:	3c a9       	ldd	r19, Y+52	; 0x34
    22f6:	0a 19       	sub	r16, r10
    22f8:	1b 09       	sbc	r17, r11
    22fa:	2c 09       	sbc	r18, r12
    22fc:	3d 09       	sbc	r19, r13
    22fe:	58 01       	movw	r10, r16
    2300:	69 01       	movw	r12, r18
    2302:	22 24       	eor	r2, r2
    2304:	33 24       	eor	r3, r3
    2306:	21 01       	movw	r4, r2
    2308:	2d a9       	ldd	r18, Y+53	; 0x35
    230a:	3e a9       	ldd	r19, Y+54	; 0x36
    230c:	4f a9       	ldd	r20, Y+55	; 0x37
    230e:	58 ad       	ldd	r21, Y+56	; 0x38
    2310:	26 15       	cp	r18, r6
    2312:	37 05       	cpc	r19, r7
    2314:	48 05       	cpc	r20, r8
    2316:	59 05       	cpc	r21, r9
    2318:	28 f4       	brcc	.+10     	; 0x2324 <__moddi3+0xef6>
    231a:	81 e0       	ldi	r24, 0x01	; 1
    231c:	28 2e       	mov	r2, r24
    231e:	31 2c       	mov	r3, r1
    2320:	41 2c       	mov	r4, r1
    2322:	51 2c       	mov	r5, r1
    2324:	86 01       	movw	r16, r12
    2326:	75 01       	movw	r14, r10
    2328:	e2 18       	sub	r14, r2
    232a:	f3 08       	sbc	r15, r3
    232c:	04 09       	sbc	r16, r4
    232e:	15 09       	sbc	r17, r5
    2330:	a8 01       	movw	r20, r16
    2332:	97 01       	movw	r18, r14
    2334:	e2 96       	adiw	r28, 0x32	; 50
    2336:	0f ac       	ldd	r0, Y+63	; 0x3f
    2338:	e2 97       	sbiw	r28, 0x32	; 50
    233a:	04 c0       	rjmp	.+8      	; 0x2344 <__moddi3+0xf16>
    233c:	22 0f       	add	r18, r18
    233e:	33 1f       	adc	r19, r19
    2340:	44 1f       	adc	r20, r20
    2342:	55 1f       	adc	r21, r21
    2344:	0a 94       	dec	r0
    2346:	d2 f7       	brpl	.-12     	; 0x233c <__moddi3+0xf0e>
    2348:	d4 01       	movw	r26, r8
    234a:	c3 01       	movw	r24, r6
    234c:	e3 96       	adiw	r28, 0x33	; 51
    234e:	0f ac       	ldd	r0, Y+63	; 0x3f
    2350:	e3 97       	sbiw	r28, 0x33	; 51
    2352:	04 c0       	rjmp	.+8      	; 0x235c <__moddi3+0xf2e>
    2354:	b6 95       	lsr	r27
    2356:	a7 95       	ror	r26
    2358:	97 95       	ror	r25
    235a:	87 95       	ror	r24
    235c:	0a 94       	dec	r0
    235e:	d2 f7       	brpl	.-12     	; 0x2354 <__moddi3+0xf26>
    2360:	28 2b       	or	r18, r24
    2362:	39 2b       	or	r19, r25
    2364:	4a 2b       	or	r20, r26
    2366:	5b 2b       	or	r21, r27
    2368:	29 a7       	std	Y+41, r18	; 0x29
    236a:	3a a7       	std	Y+42, r19	; 0x2a
    236c:	4b a7       	std	Y+43, r20	; 0x2b
    236e:	5c a7       	std	Y+44, r21	; 0x2c
    2370:	e3 96       	adiw	r28, 0x33	; 51
    2372:	0f ac       	ldd	r0, Y+63	; 0x3f
    2374:	e3 97       	sbiw	r28, 0x33	; 51
    2376:	04 c0       	rjmp	.+8      	; 0x2380 <__moddi3+0xf52>
    2378:	16 95       	lsr	r17
    237a:	07 95       	ror	r16
    237c:	f7 94       	ror	r15
    237e:	e7 94       	ror	r14
    2380:	0a 94       	dec	r0
    2382:	d2 f7       	brpl	.-12     	; 0x2378 <__moddi3+0xf4a>
    2384:	ed a6       	std	Y+45, r14	; 0x2d
    2386:	fe a6       	std	Y+46, r15	; 0x2e
    2388:	0f a7       	std	Y+47, r16	; 0x2f
    238a:	18 ab       	std	Y+48, r17	; 0x30
    238c:	29 8b       	std	Y+17, r18	; 0x11
    238e:	8a a5       	ldd	r24, Y+42	; 0x2a
    2390:	8a 8b       	std	Y+18, r24	; 0x12
    2392:	8b a5       	ldd	r24, Y+43	; 0x2b
    2394:	8b 8b       	std	Y+19, r24	; 0x13
    2396:	8c a5       	ldd	r24, Y+44	; 0x2c
    2398:	8c 8b       	std	Y+20, r24	; 0x14
    239a:	ed 8a       	std	Y+21, r14	; 0x15
    239c:	8e a5       	ldd	r24, Y+46	; 0x2e
    239e:	8e 8b       	std	Y+22, r24	; 0x16
    23a0:	8f a5       	ldd	r24, Y+47	; 0x2f
    23a2:	8f 8b       	std	Y+23, r24	; 0x17
    23a4:	88 a9       	ldd	r24, Y+48	; 0x30
    23a6:	88 8f       	std	Y+24, r24	; 0x18
    23a8:	e1 96       	adiw	r28, 0x31	; 49
    23aa:	4c ad       	ldd	r20, Y+60	; 0x3c
    23ac:	5d ad       	ldd	r21, Y+61	; 0x3d
    23ae:	6e ad       	ldd	r22, Y+62	; 0x3e
    23b0:	7f ad       	ldd	r23, Y+63	; 0x3f
    23b2:	e1 97       	sbiw	r28, 0x31	; 49
    23b4:	41 15       	cp	r20, r1
    23b6:	51 05       	cpc	r21, r1
    23b8:	61 05       	cpc	r22, r1
    23ba:	71 05       	cpc	r23, r1
    23bc:	09 f4       	brne	.+2      	; 0x23c0 <__moddi3+0xf92>
    23be:	67 c0       	rjmp	.+206    	; 0x248e <__moddi3+0x1060>
    23c0:	89 89       	ldd	r24, Y+17	; 0x11
    23c2:	2a 89       	ldd	r18, Y+18	; 0x12
    23c4:	3b 89       	ldd	r19, Y+19	; 0x13
    23c6:	4c 89       	ldd	r20, Y+20	; 0x14
    23c8:	5d 89       	ldd	r21, Y+21	; 0x15
    23ca:	ae 89       	ldd	r26, Y+22	; 0x16
    23cc:	bf 89       	ldd	r27, Y+23	; 0x17
    23ce:	18 8d       	ldd	r17, Y+24	; 0x18
    23d0:	f8 2f       	mov	r31, r24
    23d2:	f1 95       	neg	r31
    23d4:	91 e0       	ldi	r25, 0x01	; 1
    23d6:	1f 16       	cp	r1, r31
    23d8:	08 f0       	brcs	.+2      	; 0x23dc <__moddi3+0xfae>
    23da:	90 e0       	ldi	r25, 0x00	; 0
    23dc:	82 2f       	mov	r24, r18
    23de:	81 95       	neg	r24
    23e0:	21 e0       	ldi	r18, 0x01	; 1
    23e2:	18 16       	cp	r1, r24
    23e4:	08 f0       	brcs	.+2      	; 0x23e8 <__moddi3+0xfba>
    23e6:	20 e0       	ldi	r18, 0x00	; 0
    23e8:	e8 2f       	mov	r30, r24
    23ea:	e9 1b       	sub	r30, r25
    23ec:	91 e0       	ldi	r25, 0x01	; 1
    23ee:	8e 17       	cp	r24, r30
    23f0:	08 f0       	brcs	.+2      	; 0x23f4 <__moddi3+0xfc6>
    23f2:	90 e0       	ldi	r25, 0x00	; 0
    23f4:	29 2b       	or	r18, r25
    23f6:	83 2f       	mov	r24, r19
    23f8:	81 95       	neg	r24
    23fa:	31 e0       	ldi	r19, 0x01	; 1
    23fc:	18 16       	cp	r1, r24
    23fe:	08 f0       	brcs	.+2      	; 0x2402 <__moddi3+0xfd4>
    2400:	30 e0       	ldi	r19, 0x00	; 0
    2402:	78 2f       	mov	r23, r24
    2404:	72 1b       	sub	r23, r18
    2406:	91 e0       	ldi	r25, 0x01	; 1
    2408:	87 17       	cp	r24, r23
    240a:	08 f0       	brcs	.+2      	; 0x240e <__moddi3+0xfe0>
    240c:	90 e0       	ldi	r25, 0x00	; 0
    240e:	39 2b       	or	r19, r25
    2410:	84 2f       	mov	r24, r20
    2412:	81 95       	neg	r24
    2414:	21 e0       	ldi	r18, 0x01	; 1
    2416:	18 16       	cp	r1, r24
    2418:	08 f0       	brcs	.+2      	; 0x241c <__moddi3+0xfee>
    241a:	20 e0       	ldi	r18, 0x00	; 0
    241c:	68 2f       	mov	r22, r24
    241e:	63 1b       	sub	r22, r19
    2420:	91 e0       	ldi	r25, 0x01	; 1
    2422:	86 17       	cp	r24, r22
    2424:	08 f0       	brcs	.+2      	; 0x2428 <__moddi3+0xffa>
    2426:	90 e0       	ldi	r25, 0x00	; 0
    2428:	29 2b       	or	r18, r25
    242a:	85 2f       	mov	r24, r21
    242c:	81 95       	neg	r24
    242e:	31 e0       	ldi	r19, 0x01	; 1
    2430:	18 16       	cp	r1, r24
    2432:	08 f0       	brcs	.+2      	; 0x2436 <__moddi3+0x1008>
    2434:	30 e0       	ldi	r19, 0x00	; 0
    2436:	58 2f       	mov	r21, r24
    2438:	52 1b       	sub	r21, r18
    243a:	91 e0       	ldi	r25, 0x01	; 1
    243c:	85 17       	cp	r24, r21
    243e:	08 f0       	brcs	.+2      	; 0x2442 <__moddi3+0x1014>
    2440:	90 e0       	ldi	r25, 0x00	; 0
    2442:	39 2b       	or	r19, r25
    2444:	8a 2f       	mov	r24, r26
    2446:	81 95       	neg	r24
    2448:	21 e0       	ldi	r18, 0x01	; 1
    244a:	18 16       	cp	r1, r24
    244c:	08 f0       	brcs	.+2      	; 0x2450 <__moddi3+0x1022>
    244e:	20 e0       	ldi	r18, 0x00	; 0
    2450:	48 2f       	mov	r20, r24
    2452:	43 1b       	sub	r20, r19
    2454:	91 e0       	ldi	r25, 0x01	; 1
    2456:	84 17       	cp	r24, r20
    2458:	08 f0       	brcs	.+2      	; 0x245c <__moddi3+0x102e>
    245a:	90 e0       	ldi	r25, 0x00	; 0
    245c:	29 2b       	or	r18, r25
    245e:	8b 2f       	mov	r24, r27
    2460:	81 95       	neg	r24
    2462:	91 e0       	ldi	r25, 0x01	; 1
    2464:	18 16       	cp	r1, r24
    2466:	08 f0       	brcs	.+2      	; 0x246a <__moddi3+0x103c>
    2468:	90 e0       	ldi	r25, 0x00	; 0
    246a:	38 2f       	mov	r19, r24
    246c:	32 1b       	sub	r19, r18
    246e:	21 e0       	ldi	r18, 0x01	; 1
    2470:	83 17       	cp	r24, r19
    2472:	08 f0       	brcs	.+2      	; 0x2476 <__moddi3+0x1048>
    2474:	20 e0       	ldi	r18, 0x00	; 0
    2476:	92 2b       	or	r25, r18
    2478:	81 2f       	mov	r24, r17
    247a:	81 95       	neg	r24
    247c:	89 1b       	sub	r24, r25
    247e:	f9 8b       	std	Y+17, r31	; 0x11
    2480:	ea 8b       	std	Y+18, r30	; 0x12
    2482:	7b 8b       	std	Y+19, r23	; 0x13
    2484:	6c 8b       	std	Y+20, r22	; 0x14
    2486:	5d 8b       	std	Y+21, r21	; 0x15
    2488:	4e 8b       	std	Y+22, r20	; 0x16
    248a:	3f 8b       	std	Y+23, r19	; 0x17
    248c:	88 8f       	std	Y+24, r24	; 0x18
    248e:	29 89       	ldd	r18, Y+17	; 0x11
    2490:	3a 89       	ldd	r19, Y+18	; 0x12
    2492:	4b 89       	ldd	r20, Y+19	; 0x13
    2494:	5c 89       	ldd	r21, Y+20	; 0x14
    2496:	6d 89       	ldd	r22, Y+21	; 0x15
    2498:	7e 89       	ldd	r23, Y+22	; 0x16
    249a:	8f 89       	ldd	r24, Y+23	; 0x17
    249c:	98 8d       	ldd	r25, Y+24	; 0x18
    249e:	c9 58       	subi	r28, 0x89	; 137
    24a0:	df 4f       	sbci	r29, 0xFF	; 255
    24a2:	e2 e1       	ldi	r30, 0x12	; 18
    24a4:	0c 94 3a 31 	jmp	0x6274	; 0x6274 <__epilogue_restores__>

000024a8 <_fpadd_parts>:
    24a8:	a0 e0       	ldi	r26, 0x00	; 0
    24aa:	b0 e0       	ldi	r27, 0x00	; 0
    24ac:	ea e5       	ldi	r30, 0x5A	; 90
    24ae:	f2 e1       	ldi	r31, 0x12	; 18
    24b0:	0c 94 1e 31 	jmp	0x623c	; 0x623c <__prologue_saves__>
    24b4:	dc 01       	movw	r26, r24
    24b6:	2b 01       	movw	r4, r22
    24b8:	fa 01       	movw	r30, r20
    24ba:	9c 91       	ld	r25, X
    24bc:	92 30       	cpi	r25, 0x02	; 2
    24be:	08 f4       	brcc	.+2      	; 0x24c2 <_fpadd_parts+0x1a>
    24c0:	39 c1       	rjmp	.+626    	; 0x2734 <_fpadd_parts+0x28c>
    24c2:	eb 01       	movw	r28, r22
    24c4:	88 81       	ld	r24, Y
    24c6:	82 30       	cpi	r24, 0x02	; 2
    24c8:	08 f4       	brcc	.+2      	; 0x24cc <_fpadd_parts+0x24>
    24ca:	33 c1       	rjmp	.+614    	; 0x2732 <_fpadd_parts+0x28a>
    24cc:	94 30       	cpi	r25, 0x04	; 4
    24ce:	69 f4       	brne	.+26     	; 0x24ea <_fpadd_parts+0x42>
    24d0:	84 30       	cpi	r24, 0x04	; 4
    24d2:	09 f0       	breq	.+2      	; 0x24d6 <_fpadd_parts+0x2e>
    24d4:	2f c1       	rjmp	.+606    	; 0x2734 <_fpadd_parts+0x28c>
    24d6:	11 96       	adiw	r26, 0x01	; 1
    24d8:	9c 91       	ld	r25, X
    24da:	11 97       	sbiw	r26, 0x01	; 1
    24dc:	89 81       	ldd	r24, Y+1	; 0x01
    24de:	98 17       	cp	r25, r24
    24e0:	09 f4       	brne	.+2      	; 0x24e4 <_fpadd_parts+0x3c>
    24e2:	28 c1       	rjmp	.+592    	; 0x2734 <_fpadd_parts+0x28c>
    24e4:	a5 e8       	ldi	r26, 0x85	; 133
    24e6:	b0 e0       	ldi	r27, 0x00	; 0
    24e8:	25 c1       	rjmp	.+586    	; 0x2734 <_fpadd_parts+0x28c>
    24ea:	84 30       	cpi	r24, 0x04	; 4
    24ec:	09 f4       	brne	.+2      	; 0x24f0 <_fpadd_parts+0x48>
    24ee:	21 c1       	rjmp	.+578    	; 0x2732 <_fpadd_parts+0x28a>
    24f0:	82 30       	cpi	r24, 0x02	; 2
    24f2:	a9 f4       	brne	.+42     	; 0x251e <_fpadd_parts+0x76>
    24f4:	92 30       	cpi	r25, 0x02	; 2
    24f6:	09 f0       	breq	.+2      	; 0x24fa <_fpadd_parts+0x52>
    24f8:	1d c1       	rjmp	.+570    	; 0x2734 <_fpadd_parts+0x28c>
    24fa:	9a 01       	movw	r18, r20
    24fc:	ad 01       	movw	r20, r26
    24fe:	88 e0       	ldi	r24, 0x08	; 8
    2500:	ea 01       	movw	r28, r20
    2502:	09 90       	ld	r0, Y+
    2504:	ae 01       	movw	r20, r28
    2506:	e9 01       	movw	r28, r18
    2508:	09 92       	st	Y+, r0
    250a:	9e 01       	movw	r18, r28
    250c:	81 50       	subi	r24, 0x01	; 1
    250e:	c1 f7       	brne	.-16     	; 0x2500 <_fpadd_parts+0x58>
    2510:	e2 01       	movw	r28, r4
    2512:	89 81       	ldd	r24, Y+1	; 0x01
    2514:	11 96       	adiw	r26, 0x01	; 1
    2516:	9c 91       	ld	r25, X
    2518:	89 23       	and	r24, r25
    251a:	81 83       	std	Z+1, r24	; 0x01
    251c:	08 c1       	rjmp	.+528    	; 0x272e <_fpadd_parts+0x286>
    251e:	92 30       	cpi	r25, 0x02	; 2
    2520:	09 f4       	brne	.+2      	; 0x2524 <_fpadd_parts+0x7c>
    2522:	07 c1       	rjmp	.+526    	; 0x2732 <_fpadd_parts+0x28a>
    2524:	12 96       	adiw	r26, 0x02	; 2
    2526:	2d 90       	ld	r2, X+
    2528:	3c 90       	ld	r3, X
    252a:	13 97       	sbiw	r26, 0x03	; 3
    252c:	eb 01       	movw	r28, r22
    252e:	8a 81       	ldd	r24, Y+2	; 0x02
    2530:	9b 81       	ldd	r25, Y+3	; 0x03
    2532:	14 96       	adiw	r26, 0x04	; 4
    2534:	ad 90       	ld	r10, X+
    2536:	bd 90       	ld	r11, X+
    2538:	cd 90       	ld	r12, X+
    253a:	dc 90       	ld	r13, X
    253c:	17 97       	sbiw	r26, 0x07	; 7
    253e:	ec 80       	ldd	r14, Y+4	; 0x04
    2540:	fd 80       	ldd	r15, Y+5	; 0x05
    2542:	0e 81       	ldd	r16, Y+6	; 0x06
    2544:	1f 81       	ldd	r17, Y+7	; 0x07
    2546:	91 01       	movw	r18, r2
    2548:	28 1b       	sub	r18, r24
    254a:	39 0b       	sbc	r19, r25
    254c:	b9 01       	movw	r22, r18
    254e:	37 ff       	sbrs	r19, 7
    2550:	04 c0       	rjmp	.+8      	; 0x255a <_fpadd_parts+0xb2>
    2552:	66 27       	eor	r22, r22
    2554:	77 27       	eor	r23, r23
    2556:	62 1b       	sub	r22, r18
    2558:	73 0b       	sbc	r23, r19
    255a:	60 32       	cpi	r22, 0x20	; 32
    255c:	71 05       	cpc	r23, r1
    255e:	0c f0       	brlt	.+2      	; 0x2562 <_fpadd_parts+0xba>
    2560:	61 c0       	rjmp	.+194    	; 0x2624 <_fpadd_parts+0x17c>
    2562:	12 16       	cp	r1, r18
    2564:	13 06       	cpc	r1, r19
    2566:	6c f5       	brge	.+90     	; 0x25c2 <_fpadd_parts+0x11a>
    2568:	37 01       	movw	r6, r14
    256a:	48 01       	movw	r8, r16
    256c:	06 2e       	mov	r0, r22
    256e:	04 c0       	rjmp	.+8      	; 0x2578 <_fpadd_parts+0xd0>
    2570:	96 94       	lsr	r9
    2572:	87 94       	ror	r8
    2574:	77 94       	ror	r7
    2576:	67 94       	ror	r6
    2578:	0a 94       	dec	r0
    257a:	d2 f7       	brpl	.-12     	; 0x2570 <_fpadd_parts+0xc8>
    257c:	21 e0       	ldi	r18, 0x01	; 1
    257e:	30 e0       	ldi	r19, 0x00	; 0
    2580:	40 e0       	ldi	r20, 0x00	; 0
    2582:	50 e0       	ldi	r21, 0x00	; 0
    2584:	04 c0       	rjmp	.+8      	; 0x258e <_fpadd_parts+0xe6>
    2586:	22 0f       	add	r18, r18
    2588:	33 1f       	adc	r19, r19
    258a:	44 1f       	adc	r20, r20
    258c:	55 1f       	adc	r21, r21
    258e:	6a 95       	dec	r22
    2590:	d2 f7       	brpl	.-12     	; 0x2586 <_fpadd_parts+0xde>
    2592:	21 50       	subi	r18, 0x01	; 1
    2594:	30 40       	sbci	r19, 0x00	; 0
    2596:	40 40       	sbci	r20, 0x00	; 0
    2598:	50 40       	sbci	r21, 0x00	; 0
    259a:	2e 21       	and	r18, r14
    259c:	3f 21       	and	r19, r15
    259e:	40 23       	and	r20, r16
    25a0:	51 23       	and	r21, r17
    25a2:	21 15       	cp	r18, r1
    25a4:	31 05       	cpc	r19, r1
    25a6:	41 05       	cpc	r20, r1
    25a8:	51 05       	cpc	r21, r1
    25aa:	21 f0       	breq	.+8      	; 0x25b4 <_fpadd_parts+0x10c>
    25ac:	21 e0       	ldi	r18, 0x01	; 1
    25ae:	30 e0       	ldi	r19, 0x00	; 0
    25b0:	40 e0       	ldi	r20, 0x00	; 0
    25b2:	50 e0       	ldi	r21, 0x00	; 0
    25b4:	79 01       	movw	r14, r18
    25b6:	8a 01       	movw	r16, r20
    25b8:	e6 28       	or	r14, r6
    25ba:	f7 28       	or	r15, r7
    25bc:	08 29       	or	r16, r8
    25be:	19 29       	or	r17, r9
    25c0:	3c c0       	rjmp	.+120    	; 0x263a <_fpadd_parts+0x192>
    25c2:	23 2b       	or	r18, r19
    25c4:	d1 f1       	breq	.+116    	; 0x263a <_fpadd_parts+0x192>
    25c6:	26 0e       	add	r2, r22
    25c8:	37 1e       	adc	r3, r23
    25ca:	35 01       	movw	r6, r10
    25cc:	46 01       	movw	r8, r12
    25ce:	06 2e       	mov	r0, r22
    25d0:	04 c0       	rjmp	.+8      	; 0x25da <_fpadd_parts+0x132>
    25d2:	96 94       	lsr	r9
    25d4:	87 94       	ror	r8
    25d6:	77 94       	ror	r7
    25d8:	67 94       	ror	r6
    25da:	0a 94       	dec	r0
    25dc:	d2 f7       	brpl	.-12     	; 0x25d2 <_fpadd_parts+0x12a>
    25de:	21 e0       	ldi	r18, 0x01	; 1
    25e0:	30 e0       	ldi	r19, 0x00	; 0
    25e2:	40 e0       	ldi	r20, 0x00	; 0
    25e4:	50 e0       	ldi	r21, 0x00	; 0
    25e6:	04 c0       	rjmp	.+8      	; 0x25f0 <_fpadd_parts+0x148>
    25e8:	22 0f       	add	r18, r18
    25ea:	33 1f       	adc	r19, r19
    25ec:	44 1f       	adc	r20, r20
    25ee:	55 1f       	adc	r21, r21
    25f0:	6a 95       	dec	r22
    25f2:	d2 f7       	brpl	.-12     	; 0x25e8 <_fpadd_parts+0x140>
    25f4:	21 50       	subi	r18, 0x01	; 1
    25f6:	30 40       	sbci	r19, 0x00	; 0
    25f8:	40 40       	sbci	r20, 0x00	; 0
    25fa:	50 40       	sbci	r21, 0x00	; 0
    25fc:	2a 21       	and	r18, r10
    25fe:	3b 21       	and	r19, r11
    2600:	4c 21       	and	r20, r12
    2602:	5d 21       	and	r21, r13
    2604:	21 15       	cp	r18, r1
    2606:	31 05       	cpc	r19, r1
    2608:	41 05       	cpc	r20, r1
    260a:	51 05       	cpc	r21, r1
    260c:	21 f0       	breq	.+8      	; 0x2616 <_fpadd_parts+0x16e>
    260e:	21 e0       	ldi	r18, 0x01	; 1
    2610:	30 e0       	ldi	r19, 0x00	; 0
    2612:	40 e0       	ldi	r20, 0x00	; 0
    2614:	50 e0       	ldi	r21, 0x00	; 0
    2616:	59 01       	movw	r10, r18
    2618:	6a 01       	movw	r12, r20
    261a:	a6 28       	or	r10, r6
    261c:	b7 28       	or	r11, r7
    261e:	c8 28       	or	r12, r8
    2620:	d9 28       	or	r13, r9
    2622:	0b c0       	rjmp	.+22     	; 0x263a <_fpadd_parts+0x192>
    2624:	82 15       	cp	r24, r2
    2626:	93 05       	cpc	r25, r3
    2628:	2c f0       	brlt	.+10     	; 0x2634 <_fpadd_parts+0x18c>
    262a:	1c 01       	movw	r2, r24
    262c:	aa 24       	eor	r10, r10
    262e:	bb 24       	eor	r11, r11
    2630:	65 01       	movw	r12, r10
    2632:	03 c0       	rjmp	.+6      	; 0x263a <_fpadd_parts+0x192>
    2634:	ee 24       	eor	r14, r14
    2636:	ff 24       	eor	r15, r15
    2638:	87 01       	movw	r16, r14
    263a:	11 96       	adiw	r26, 0x01	; 1
    263c:	9c 91       	ld	r25, X
    263e:	d2 01       	movw	r26, r4
    2640:	11 96       	adiw	r26, 0x01	; 1
    2642:	8c 91       	ld	r24, X
    2644:	98 17       	cp	r25, r24
    2646:	09 f4       	brne	.+2      	; 0x264a <_fpadd_parts+0x1a2>
    2648:	45 c0       	rjmp	.+138    	; 0x26d4 <_fpadd_parts+0x22c>
    264a:	99 23       	and	r25, r25
    264c:	39 f0       	breq	.+14     	; 0x265c <_fpadd_parts+0x1b4>
    264e:	a8 01       	movw	r20, r16
    2650:	97 01       	movw	r18, r14
    2652:	2a 19       	sub	r18, r10
    2654:	3b 09       	sbc	r19, r11
    2656:	4c 09       	sbc	r20, r12
    2658:	5d 09       	sbc	r21, r13
    265a:	06 c0       	rjmp	.+12     	; 0x2668 <_fpadd_parts+0x1c0>
    265c:	a6 01       	movw	r20, r12
    265e:	95 01       	movw	r18, r10
    2660:	2e 19       	sub	r18, r14
    2662:	3f 09       	sbc	r19, r15
    2664:	40 0b       	sbc	r20, r16
    2666:	51 0b       	sbc	r21, r17
    2668:	57 fd       	sbrc	r21, 7
    266a:	08 c0       	rjmp	.+16     	; 0x267c <_fpadd_parts+0x1d4>
    266c:	11 82       	std	Z+1, r1	; 0x01
    266e:	33 82       	std	Z+3, r3	; 0x03
    2670:	22 82       	std	Z+2, r2	; 0x02
    2672:	24 83       	std	Z+4, r18	; 0x04
    2674:	35 83       	std	Z+5, r19	; 0x05
    2676:	46 83       	std	Z+6, r20	; 0x06
    2678:	57 83       	std	Z+7, r21	; 0x07
    267a:	1d c0       	rjmp	.+58     	; 0x26b6 <_fpadd_parts+0x20e>
    267c:	81 e0       	ldi	r24, 0x01	; 1
    267e:	81 83       	std	Z+1, r24	; 0x01
    2680:	33 82       	std	Z+3, r3	; 0x03
    2682:	22 82       	std	Z+2, r2	; 0x02
    2684:	88 27       	eor	r24, r24
    2686:	99 27       	eor	r25, r25
    2688:	dc 01       	movw	r26, r24
    268a:	82 1b       	sub	r24, r18
    268c:	93 0b       	sbc	r25, r19
    268e:	a4 0b       	sbc	r26, r20
    2690:	b5 0b       	sbc	r27, r21
    2692:	84 83       	std	Z+4, r24	; 0x04
    2694:	95 83       	std	Z+5, r25	; 0x05
    2696:	a6 83       	std	Z+6, r26	; 0x06
    2698:	b7 83       	std	Z+7, r27	; 0x07
    269a:	0d c0       	rjmp	.+26     	; 0x26b6 <_fpadd_parts+0x20e>
    269c:	22 0f       	add	r18, r18
    269e:	33 1f       	adc	r19, r19
    26a0:	44 1f       	adc	r20, r20
    26a2:	55 1f       	adc	r21, r21
    26a4:	24 83       	std	Z+4, r18	; 0x04
    26a6:	35 83       	std	Z+5, r19	; 0x05
    26a8:	46 83       	std	Z+6, r20	; 0x06
    26aa:	57 83       	std	Z+7, r21	; 0x07
    26ac:	82 81       	ldd	r24, Z+2	; 0x02
    26ae:	93 81       	ldd	r25, Z+3	; 0x03
    26b0:	01 97       	sbiw	r24, 0x01	; 1
    26b2:	93 83       	std	Z+3, r25	; 0x03
    26b4:	82 83       	std	Z+2, r24	; 0x02
    26b6:	24 81       	ldd	r18, Z+4	; 0x04
    26b8:	35 81       	ldd	r19, Z+5	; 0x05
    26ba:	46 81       	ldd	r20, Z+6	; 0x06
    26bc:	57 81       	ldd	r21, Z+7	; 0x07
    26be:	da 01       	movw	r26, r20
    26c0:	c9 01       	movw	r24, r18
    26c2:	01 97       	sbiw	r24, 0x01	; 1
    26c4:	a1 09       	sbc	r26, r1
    26c6:	b1 09       	sbc	r27, r1
    26c8:	8f 5f       	subi	r24, 0xFF	; 255
    26ca:	9f 4f       	sbci	r25, 0xFF	; 255
    26cc:	af 4f       	sbci	r26, 0xFF	; 255
    26ce:	bf 43       	sbci	r27, 0x3F	; 63
    26d0:	28 f3       	brcs	.-54     	; 0x269c <_fpadd_parts+0x1f4>
    26d2:	0b c0       	rjmp	.+22     	; 0x26ea <_fpadd_parts+0x242>
    26d4:	91 83       	std	Z+1, r25	; 0x01
    26d6:	33 82       	std	Z+3, r3	; 0x03
    26d8:	22 82       	std	Z+2, r2	; 0x02
    26da:	ea 0c       	add	r14, r10
    26dc:	fb 1c       	adc	r15, r11
    26de:	0c 1d       	adc	r16, r12
    26e0:	1d 1d       	adc	r17, r13
    26e2:	e4 82       	std	Z+4, r14	; 0x04
    26e4:	f5 82       	std	Z+5, r15	; 0x05
    26e6:	06 83       	std	Z+6, r16	; 0x06
    26e8:	17 83       	std	Z+7, r17	; 0x07
    26ea:	83 e0       	ldi	r24, 0x03	; 3
    26ec:	80 83       	st	Z, r24
    26ee:	24 81       	ldd	r18, Z+4	; 0x04
    26f0:	35 81       	ldd	r19, Z+5	; 0x05
    26f2:	46 81       	ldd	r20, Z+6	; 0x06
    26f4:	57 81       	ldd	r21, Z+7	; 0x07
    26f6:	57 ff       	sbrs	r21, 7
    26f8:	1a c0       	rjmp	.+52     	; 0x272e <_fpadd_parts+0x286>
    26fa:	c9 01       	movw	r24, r18
    26fc:	aa 27       	eor	r26, r26
    26fe:	97 fd       	sbrc	r25, 7
    2700:	a0 95       	com	r26
    2702:	ba 2f       	mov	r27, r26
    2704:	81 70       	andi	r24, 0x01	; 1
    2706:	90 70       	andi	r25, 0x00	; 0
    2708:	a0 70       	andi	r26, 0x00	; 0
    270a:	b0 70       	andi	r27, 0x00	; 0
    270c:	56 95       	lsr	r21
    270e:	47 95       	ror	r20
    2710:	37 95       	ror	r19
    2712:	27 95       	ror	r18
    2714:	82 2b       	or	r24, r18
    2716:	93 2b       	or	r25, r19
    2718:	a4 2b       	or	r26, r20
    271a:	b5 2b       	or	r27, r21
    271c:	84 83       	std	Z+4, r24	; 0x04
    271e:	95 83       	std	Z+5, r25	; 0x05
    2720:	a6 83       	std	Z+6, r26	; 0x06
    2722:	b7 83       	std	Z+7, r27	; 0x07
    2724:	82 81       	ldd	r24, Z+2	; 0x02
    2726:	93 81       	ldd	r25, Z+3	; 0x03
    2728:	01 96       	adiw	r24, 0x01	; 1
    272a:	93 83       	std	Z+3, r25	; 0x03
    272c:	82 83       	std	Z+2, r24	; 0x02
    272e:	df 01       	movw	r26, r30
    2730:	01 c0       	rjmp	.+2      	; 0x2734 <_fpadd_parts+0x28c>
    2732:	d2 01       	movw	r26, r4
    2734:	cd 01       	movw	r24, r26
    2736:	cd b7       	in	r28, 0x3d	; 61
    2738:	de b7       	in	r29, 0x3e	; 62
    273a:	e2 e1       	ldi	r30, 0x12	; 18
    273c:	0c 94 3a 31 	jmp	0x6274	; 0x6274 <__epilogue_restores__>

00002740 <__subsf3>:
    2740:	a0 e2       	ldi	r26, 0x20	; 32
    2742:	b0 e0       	ldi	r27, 0x00	; 0
    2744:	e6 ea       	ldi	r30, 0xA6	; 166
    2746:	f3 e1       	ldi	r31, 0x13	; 19
    2748:	0c 94 2a 31 	jmp	0x6254	; 0x6254 <__prologue_saves__+0x18>
    274c:	69 83       	std	Y+1, r22	; 0x01
    274e:	7a 83       	std	Y+2, r23	; 0x02
    2750:	8b 83       	std	Y+3, r24	; 0x03
    2752:	9c 83       	std	Y+4, r25	; 0x04
    2754:	2d 83       	std	Y+5, r18	; 0x05
    2756:	3e 83       	std	Y+6, r19	; 0x06
    2758:	4f 83       	std	Y+7, r20	; 0x07
    275a:	58 87       	std	Y+8, r21	; 0x08
    275c:	e9 e0       	ldi	r30, 0x09	; 9
    275e:	ee 2e       	mov	r14, r30
    2760:	f1 2c       	mov	r15, r1
    2762:	ec 0e       	add	r14, r28
    2764:	fd 1e       	adc	r15, r29
    2766:	ce 01       	movw	r24, r28
    2768:	01 96       	adiw	r24, 0x01	; 1
    276a:	b7 01       	movw	r22, r14
    276c:	0e 94 b1 16 	call	0x2d62	; 0x2d62 <__unpack_f>
    2770:	8e 01       	movw	r16, r28
    2772:	0f 5e       	subi	r16, 0xEF	; 239
    2774:	1f 4f       	sbci	r17, 0xFF	; 255
    2776:	ce 01       	movw	r24, r28
    2778:	05 96       	adiw	r24, 0x05	; 5
    277a:	b8 01       	movw	r22, r16
    277c:	0e 94 b1 16 	call	0x2d62	; 0x2d62 <__unpack_f>
    2780:	8a 89       	ldd	r24, Y+18	; 0x12
    2782:	91 e0       	ldi	r25, 0x01	; 1
    2784:	89 27       	eor	r24, r25
    2786:	8a 8b       	std	Y+18, r24	; 0x12
    2788:	c7 01       	movw	r24, r14
    278a:	b8 01       	movw	r22, r16
    278c:	ae 01       	movw	r20, r28
    278e:	47 5e       	subi	r20, 0xE7	; 231
    2790:	5f 4f       	sbci	r21, 0xFF	; 255
    2792:	0e 94 54 12 	call	0x24a8	; 0x24a8 <_fpadd_parts>
    2796:	0e 94 dc 15 	call	0x2bb8	; 0x2bb8 <__pack_f>
    279a:	a0 96       	adiw	r28, 0x20	; 32
    279c:	e6 e0       	ldi	r30, 0x06	; 6
    279e:	0c 94 46 31 	jmp	0x628c	; 0x628c <__epilogue_restores__+0x18>

000027a2 <__addsf3>:
    27a2:	a0 e2       	ldi	r26, 0x20	; 32
    27a4:	b0 e0       	ldi	r27, 0x00	; 0
    27a6:	e7 ed       	ldi	r30, 0xD7	; 215
    27a8:	f3 e1       	ldi	r31, 0x13	; 19
    27aa:	0c 94 2a 31 	jmp	0x6254	; 0x6254 <__prologue_saves__+0x18>
    27ae:	69 83       	std	Y+1, r22	; 0x01
    27b0:	7a 83       	std	Y+2, r23	; 0x02
    27b2:	8b 83       	std	Y+3, r24	; 0x03
    27b4:	9c 83       	std	Y+4, r25	; 0x04
    27b6:	2d 83       	std	Y+5, r18	; 0x05
    27b8:	3e 83       	std	Y+6, r19	; 0x06
    27ba:	4f 83       	std	Y+7, r20	; 0x07
    27bc:	58 87       	std	Y+8, r21	; 0x08
    27be:	f9 e0       	ldi	r31, 0x09	; 9
    27c0:	ef 2e       	mov	r14, r31
    27c2:	f1 2c       	mov	r15, r1
    27c4:	ec 0e       	add	r14, r28
    27c6:	fd 1e       	adc	r15, r29
    27c8:	ce 01       	movw	r24, r28
    27ca:	01 96       	adiw	r24, 0x01	; 1
    27cc:	b7 01       	movw	r22, r14
    27ce:	0e 94 b1 16 	call	0x2d62	; 0x2d62 <__unpack_f>
    27d2:	8e 01       	movw	r16, r28
    27d4:	0f 5e       	subi	r16, 0xEF	; 239
    27d6:	1f 4f       	sbci	r17, 0xFF	; 255
    27d8:	ce 01       	movw	r24, r28
    27da:	05 96       	adiw	r24, 0x05	; 5
    27dc:	b8 01       	movw	r22, r16
    27de:	0e 94 b1 16 	call	0x2d62	; 0x2d62 <__unpack_f>
    27e2:	c7 01       	movw	r24, r14
    27e4:	b8 01       	movw	r22, r16
    27e6:	ae 01       	movw	r20, r28
    27e8:	47 5e       	subi	r20, 0xE7	; 231
    27ea:	5f 4f       	sbci	r21, 0xFF	; 255
    27ec:	0e 94 54 12 	call	0x24a8	; 0x24a8 <_fpadd_parts>
    27f0:	0e 94 dc 15 	call	0x2bb8	; 0x2bb8 <__pack_f>
    27f4:	a0 96       	adiw	r28, 0x20	; 32
    27f6:	e6 e0       	ldi	r30, 0x06	; 6
    27f8:	0c 94 46 31 	jmp	0x628c	; 0x628c <__epilogue_restores__+0x18>

000027fc <__mulsf3>:
    27fc:	a0 e2       	ldi	r26, 0x20	; 32
    27fe:	b0 e0       	ldi	r27, 0x00	; 0
    2800:	e4 e0       	ldi	r30, 0x04	; 4
    2802:	f4 e1       	ldi	r31, 0x14	; 20
    2804:	0c 94 1e 31 	jmp	0x623c	; 0x623c <__prologue_saves__>
    2808:	69 83       	std	Y+1, r22	; 0x01
    280a:	7a 83       	std	Y+2, r23	; 0x02
    280c:	8b 83       	std	Y+3, r24	; 0x03
    280e:	9c 83       	std	Y+4, r25	; 0x04
    2810:	2d 83       	std	Y+5, r18	; 0x05
    2812:	3e 83       	std	Y+6, r19	; 0x06
    2814:	4f 83       	std	Y+7, r20	; 0x07
    2816:	58 87       	std	Y+8, r21	; 0x08
    2818:	ce 01       	movw	r24, r28
    281a:	01 96       	adiw	r24, 0x01	; 1
    281c:	be 01       	movw	r22, r28
    281e:	67 5f       	subi	r22, 0xF7	; 247
    2820:	7f 4f       	sbci	r23, 0xFF	; 255
    2822:	0e 94 b1 16 	call	0x2d62	; 0x2d62 <__unpack_f>
    2826:	ce 01       	movw	r24, r28
    2828:	05 96       	adiw	r24, 0x05	; 5
    282a:	be 01       	movw	r22, r28
    282c:	6f 5e       	subi	r22, 0xEF	; 239
    282e:	7f 4f       	sbci	r23, 0xFF	; 255
    2830:	0e 94 b1 16 	call	0x2d62	; 0x2d62 <__unpack_f>
    2834:	99 85       	ldd	r25, Y+9	; 0x09
    2836:	92 30       	cpi	r25, 0x02	; 2
    2838:	88 f0       	brcs	.+34     	; 0x285c <__mulsf3+0x60>
    283a:	89 89       	ldd	r24, Y+17	; 0x11
    283c:	82 30       	cpi	r24, 0x02	; 2
    283e:	c8 f0       	brcs	.+50     	; 0x2872 <__mulsf3+0x76>
    2840:	94 30       	cpi	r25, 0x04	; 4
    2842:	19 f4       	brne	.+6      	; 0x284a <__mulsf3+0x4e>
    2844:	82 30       	cpi	r24, 0x02	; 2
    2846:	51 f4       	brne	.+20     	; 0x285c <__mulsf3+0x60>
    2848:	04 c0       	rjmp	.+8      	; 0x2852 <__mulsf3+0x56>
    284a:	84 30       	cpi	r24, 0x04	; 4
    284c:	29 f4       	brne	.+10     	; 0x2858 <__mulsf3+0x5c>
    284e:	92 30       	cpi	r25, 0x02	; 2
    2850:	81 f4       	brne	.+32     	; 0x2872 <__mulsf3+0x76>
    2852:	85 e8       	ldi	r24, 0x85	; 133
    2854:	90 e0       	ldi	r25, 0x00	; 0
    2856:	c6 c0       	rjmp	.+396    	; 0x29e4 <__mulsf3+0x1e8>
    2858:	92 30       	cpi	r25, 0x02	; 2
    285a:	49 f4       	brne	.+18     	; 0x286e <__mulsf3+0x72>
    285c:	20 e0       	ldi	r18, 0x00	; 0
    285e:	9a 85       	ldd	r25, Y+10	; 0x0a
    2860:	8a 89       	ldd	r24, Y+18	; 0x12
    2862:	98 13       	cpse	r25, r24
    2864:	21 e0       	ldi	r18, 0x01	; 1
    2866:	2a 87       	std	Y+10, r18	; 0x0a
    2868:	ce 01       	movw	r24, r28
    286a:	09 96       	adiw	r24, 0x09	; 9
    286c:	bb c0       	rjmp	.+374    	; 0x29e4 <__mulsf3+0x1e8>
    286e:	82 30       	cpi	r24, 0x02	; 2
    2870:	49 f4       	brne	.+18     	; 0x2884 <__mulsf3+0x88>
    2872:	20 e0       	ldi	r18, 0x00	; 0
    2874:	9a 85       	ldd	r25, Y+10	; 0x0a
    2876:	8a 89       	ldd	r24, Y+18	; 0x12
    2878:	98 13       	cpse	r25, r24
    287a:	21 e0       	ldi	r18, 0x01	; 1
    287c:	2a 8b       	std	Y+18, r18	; 0x12
    287e:	ce 01       	movw	r24, r28
    2880:	41 96       	adiw	r24, 0x11	; 17
    2882:	b0 c0       	rjmp	.+352    	; 0x29e4 <__mulsf3+0x1e8>
    2884:	2d 84       	ldd	r2, Y+13	; 0x0d
    2886:	3e 84       	ldd	r3, Y+14	; 0x0e
    2888:	4f 84       	ldd	r4, Y+15	; 0x0f
    288a:	58 88       	ldd	r5, Y+16	; 0x10
    288c:	6d 88       	ldd	r6, Y+21	; 0x15
    288e:	7e 88       	ldd	r7, Y+22	; 0x16
    2890:	8f 88       	ldd	r8, Y+23	; 0x17
    2892:	98 8c       	ldd	r9, Y+24	; 0x18
    2894:	ee 24       	eor	r14, r14
    2896:	ff 24       	eor	r15, r15
    2898:	87 01       	movw	r16, r14
    289a:	aa 24       	eor	r10, r10
    289c:	bb 24       	eor	r11, r11
    289e:	65 01       	movw	r12, r10
    28a0:	40 e0       	ldi	r20, 0x00	; 0
    28a2:	50 e0       	ldi	r21, 0x00	; 0
    28a4:	60 e0       	ldi	r22, 0x00	; 0
    28a6:	70 e0       	ldi	r23, 0x00	; 0
    28a8:	e0 e0       	ldi	r30, 0x00	; 0
    28aa:	f0 e0       	ldi	r31, 0x00	; 0
    28ac:	c1 01       	movw	r24, r2
    28ae:	81 70       	andi	r24, 0x01	; 1
    28b0:	90 70       	andi	r25, 0x00	; 0
    28b2:	89 2b       	or	r24, r25
    28b4:	e9 f0       	breq	.+58     	; 0x28f0 <__mulsf3+0xf4>
    28b6:	e6 0c       	add	r14, r6
    28b8:	f7 1c       	adc	r15, r7
    28ba:	08 1d       	adc	r16, r8
    28bc:	19 1d       	adc	r17, r9
    28be:	9a 01       	movw	r18, r20
    28c0:	ab 01       	movw	r20, r22
    28c2:	2a 0d       	add	r18, r10
    28c4:	3b 1d       	adc	r19, r11
    28c6:	4c 1d       	adc	r20, r12
    28c8:	5d 1d       	adc	r21, r13
    28ca:	80 e0       	ldi	r24, 0x00	; 0
    28cc:	90 e0       	ldi	r25, 0x00	; 0
    28ce:	a0 e0       	ldi	r26, 0x00	; 0
    28d0:	b0 e0       	ldi	r27, 0x00	; 0
    28d2:	e6 14       	cp	r14, r6
    28d4:	f7 04       	cpc	r15, r7
    28d6:	08 05       	cpc	r16, r8
    28d8:	19 05       	cpc	r17, r9
    28da:	20 f4       	brcc	.+8      	; 0x28e4 <__mulsf3+0xe8>
    28dc:	81 e0       	ldi	r24, 0x01	; 1
    28de:	90 e0       	ldi	r25, 0x00	; 0
    28e0:	a0 e0       	ldi	r26, 0x00	; 0
    28e2:	b0 e0       	ldi	r27, 0x00	; 0
    28e4:	ba 01       	movw	r22, r20
    28e6:	a9 01       	movw	r20, r18
    28e8:	48 0f       	add	r20, r24
    28ea:	59 1f       	adc	r21, r25
    28ec:	6a 1f       	adc	r22, r26
    28ee:	7b 1f       	adc	r23, r27
    28f0:	aa 0c       	add	r10, r10
    28f2:	bb 1c       	adc	r11, r11
    28f4:	cc 1c       	adc	r12, r12
    28f6:	dd 1c       	adc	r13, r13
    28f8:	97 fe       	sbrs	r9, 7
    28fa:	08 c0       	rjmp	.+16     	; 0x290c <__mulsf3+0x110>
    28fc:	81 e0       	ldi	r24, 0x01	; 1
    28fe:	90 e0       	ldi	r25, 0x00	; 0
    2900:	a0 e0       	ldi	r26, 0x00	; 0
    2902:	b0 e0       	ldi	r27, 0x00	; 0
    2904:	a8 2a       	or	r10, r24
    2906:	b9 2a       	or	r11, r25
    2908:	ca 2a       	or	r12, r26
    290a:	db 2a       	or	r13, r27
    290c:	31 96       	adiw	r30, 0x01	; 1
    290e:	e0 32       	cpi	r30, 0x20	; 32
    2910:	f1 05       	cpc	r31, r1
    2912:	49 f0       	breq	.+18     	; 0x2926 <__mulsf3+0x12a>
    2914:	66 0c       	add	r6, r6
    2916:	77 1c       	adc	r7, r7
    2918:	88 1c       	adc	r8, r8
    291a:	99 1c       	adc	r9, r9
    291c:	56 94       	lsr	r5
    291e:	47 94       	ror	r4
    2920:	37 94       	ror	r3
    2922:	27 94       	ror	r2
    2924:	c3 cf       	rjmp	.-122    	; 0x28ac <__mulsf3+0xb0>
    2926:	fa 85       	ldd	r31, Y+10	; 0x0a
    2928:	ea 89       	ldd	r30, Y+18	; 0x12
    292a:	2b 89       	ldd	r18, Y+19	; 0x13
    292c:	3c 89       	ldd	r19, Y+20	; 0x14
    292e:	8b 85       	ldd	r24, Y+11	; 0x0b
    2930:	9c 85       	ldd	r25, Y+12	; 0x0c
    2932:	28 0f       	add	r18, r24
    2934:	39 1f       	adc	r19, r25
    2936:	2e 5f       	subi	r18, 0xFE	; 254
    2938:	3f 4f       	sbci	r19, 0xFF	; 255
    293a:	17 c0       	rjmp	.+46     	; 0x296a <__mulsf3+0x16e>
    293c:	ca 01       	movw	r24, r20
    293e:	81 70       	andi	r24, 0x01	; 1
    2940:	90 70       	andi	r25, 0x00	; 0
    2942:	89 2b       	or	r24, r25
    2944:	61 f0       	breq	.+24     	; 0x295e <__mulsf3+0x162>
    2946:	16 95       	lsr	r17
    2948:	07 95       	ror	r16
    294a:	f7 94       	ror	r15
    294c:	e7 94       	ror	r14
    294e:	80 e0       	ldi	r24, 0x00	; 0
    2950:	90 e0       	ldi	r25, 0x00	; 0
    2952:	a0 e0       	ldi	r26, 0x00	; 0
    2954:	b0 e8       	ldi	r27, 0x80	; 128
    2956:	e8 2a       	or	r14, r24
    2958:	f9 2a       	or	r15, r25
    295a:	0a 2b       	or	r16, r26
    295c:	1b 2b       	or	r17, r27
    295e:	76 95       	lsr	r23
    2960:	67 95       	ror	r22
    2962:	57 95       	ror	r21
    2964:	47 95       	ror	r20
    2966:	2f 5f       	subi	r18, 0xFF	; 255
    2968:	3f 4f       	sbci	r19, 0xFF	; 255
    296a:	77 fd       	sbrc	r23, 7
    296c:	e7 cf       	rjmp	.-50     	; 0x293c <__mulsf3+0x140>
    296e:	0c c0       	rjmp	.+24     	; 0x2988 <__mulsf3+0x18c>
    2970:	44 0f       	add	r20, r20
    2972:	55 1f       	adc	r21, r21
    2974:	66 1f       	adc	r22, r22
    2976:	77 1f       	adc	r23, r23
    2978:	17 fd       	sbrc	r17, 7
    297a:	41 60       	ori	r20, 0x01	; 1
    297c:	ee 0c       	add	r14, r14
    297e:	ff 1c       	adc	r15, r15
    2980:	00 1f       	adc	r16, r16
    2982:	11 1f       	adc	r17, r17
    2984:	21 50       	subi	r18, 0x01	; 1
    2986:	30 40       	sbci	r19, 0x00	; 0
    2988:	40 30       	cpi	r20, 0x00	; 0
    298a:	90 e0       	ldi	r25, 0x00	; 0
    298c:	59 07       	cpc	r21, r25
    298e:	90 e0       	ldi	r25, 0x00	; 0
    2990:	69 07       	cpc	r22, r25
    2992:	90 e4       	ldi	r25, 0x40	; 64
    2994:	79 07       	cpc	r23, r25
    2996:	60 f3       	brcs	.-40     	; 0x2970 <__mulsf3+0x174>
    2998:	2b 8f       	std	Y+27, r18	; 0x1b
    299a:	3c 8f       	std	Y+28, r19	; 0x1c
    299c:	db 01       	movw	r26, r22
    299e:	ca 01       	movw	r24, r20
    29a0:	8f 77       	andi	r24, 0x7F	; 127
    29a2:	90 70       	andi	r25, 0x00	; 0
    29a4:	a0 70       	andi	r26, 0x00	; 0
    29a6:	b0 70       	andi	r27, 0x00	; 0
    29a8:	80 34       	cpi	r24, 0x40	; 64
    29aa:	91 05       	cpc	r25, r1
    29ac:	a1 05       	cpc	r26, r1
    29ae:	b1 05       	cpc	r27, r1
    29b0:	61 f4       	brne	.+24     	; 0x29ca <__mulsf3+0x1ce>
    29b2:	47 fd       	sbrc	r20, 7
    29b4:	0a c0       	rjmp	.+20     	; 0x29ca <__mulsf3+0x1ce>
    29b6:	e1 14       	cp	r14, r1
    29b8:	f1 04       	cpc	r15, r1
    29ba:	01 05       	cpc	r16, r1
    29bc:	11 05       	cpc	r17, r1
    29be:	29 f0       	breq	.+10     	; 0x29ca <__mulsf3+0x1ce>
    29c0:	40 5c       	subi	r20, 0xC0	; 192
    29c2:	5f 4f       	sbci	r21, 0xFF	; 255
    29c4:	6f 4f       	sbci	r22, 0xFF	; 255
    29c6:	7f 4f       	sbci	r23, 0xFF	; 255
    29c8:	40 78       	andi	r20, 0x80	; 128
    29ca:	1a 8e       	std	Y+26, r1	; 0x1a
    29cc:	fe 17       	cp	r31, r30
    29ce:	11 f0       	breq	.+4      	; 0x29d4 <__mulsf3+0x1d8>
    29d0:	81 e0       	ldi	r24, 0x01	; 1
    29d2:	8a 8f       	std	Y+26, r24	; 0x1a
    29d4:	4d 8f       	std	Y+29, r20	; 0x1d
    29d6:	5e 8f       	std	Y+30, r21	; 0x1e
    29d8:	6f 8f       	std	Y+31, r22	; 0x1f
    29da:	78 a3       	std	Y+32, r23	; 0x20
    29dc:	83 e0       	ldi	r24, 0x03	; 3
    29de:	89 8f       	std	Y+25, r24	; 0x19
    29e0:	ce 01       	movw	r24, r28
    29e2:	49 96       	adiw	r24, 0x19	; 25
    29e4:	0e 94 dc 15 	call	0x2bb8	; 0x2bb8 <__pack_f>
    29e8:	a0 96       	adiw	r28, 0x20	; 32
    29ea:	e2 e1       	ldi	r30, 0x12	; 18
    29ec:	0c 94 3a 31 	jmp	0x6274	; 0x6274 <__epilogue_restores__>

000029f0 <__gtsf2>:
    29f0:	a8 e1       	ldi	r26, 0x18	; 24
    29f2:	b0 e0       	ldi	r27, 0x00	; 0
    29f4:	ee ef       	ldi	r30, 0xFE	; 254
    29f6:	f4 e1       	ldi	r31, 0x14	; 20
    29f8:	0c 94 2a 31 	jmp	0x6254	; 0x6254 <__prologue_saves__+0x18>
    29fc:	69 83       	std	Y+1, r22	; 0x01
    29fe:	7a 83       	std	Y+2, r23	; 0x02
    2a00:	8b 83       	std	Y+3, r24	; 0x03
    2a02:	9c 83       	std	Y+4, r25	; 0x04
    2a04:	2d 83       	std	Y+5, r18	; 0x05
    2a06:	3e 83       	std	Y+6, r19	; 0x06
    2a08:	4f 83       	std	Y+7, r20	; 0x07
    2a0a:	58 87       	std	Y+8, r21	; 0x08
    2a0c:	89 e0       	ldi	r24, 0x09	; 9
    2a0e:	e8 2e       	mov	r14, r24
    2a10:	f1 2c       	mov	r15, r1
    2a12:	ec 0e       	add	r14, r28
    2a14:	fd 1e       	adc	r15, r29
    2a16:	ce 01       	movw	r24, r28
    2a18:	01 96       	adiw	r24, 0x01	; 1
    2a1a:	b7 01       	movw	r22, r14
    2a1c:	0e 94 b1 16 	call	0x2d62	; 0x2d62 <__unpack_f>
    2a20:	8e 01       	movw	r16, r28
    2a22:	0f 5e       	subi	r16, 0xEF	; 239
    2a24:	1f 4f       	sbci	r17, 0xFF	; 255
    2a26:	ce 01       	movw	r24, r28
    2a28:	05 96       	adiw	r24, 0x05	; 5
    2a2a:	b8 01       	movw	r22, r16
    2a2c:	0e 94 b1 16 	call	0x2d62	; 0x2d62 <__unpack_f>
    2a30:	89 85       	ldd	r24, Y+9	; 0x09
    2a32:	82 30       	cpi	r24, 0x02	; 2
    2a34:	40 f0       	brcs	.+16     	; 0x2a46 <__gtsf2+0x56>
    2a36:	89 89       	ldd	r24, Y+17	; 0x11
    2a38:	82 30       	cpi	r24, 0x02	; 2
    2a3a:	28 f0       	brcs	.+10     	; 0x2a46 <__gtsf2+0x56>
    2a3c:	c7 01       	movw	r24, r14
    2a3e:	b8 01       	movw	r22, r16
    2a40:	0e 94 29 17 	call	0x2e52	; 0x2e52 <__fpcmp_parts_f>
    2a44:	01 c0       	rjmp	.+2      	; 0x2a48 <__gtsf2+0x58>
    2a46:	8f ef       	ldi	r24, 0xFF	; 255
    2a48:	68 96       	adiw	r28, 0x18	; 24
    2a4a:	e6 e0       	ldi	r30, 0x06	; 6
    2a4c:	0c 94 46 31 	jmp	0x628c	; 0x628c <__epilogue_restores__+0x18>

00002a50 <__gesf2>:
    2a50:	a8 e1       	ldi	r26, 0x18	; 24
    2a52:	b0 e0       	ldi	r27, 0x00	; 0
    2a54:	ee e2       	ldi	r30, 0x2E	; 46
    2a56:	f5 e1       	ldi	r31, 0x15	; 21
    2a58:	0c 94 2a 31 	jmp	0x6254	; 0x6254 <__prologue_saves__+0x18>
    2a5c:	69 83       	std	Y+1, r22	; 0x01
    2a5e:	7a 83       	std	Y+2, r23	; 0x02
    2a60:	8b 83       	std	Y+3, r24	; 0x03
    2a62:	9c 83       	std	Y+4, r25	; 0x04
    2a64:	2d 83       	std	Y+5, r18	; 0x05
    2a66:	3e 83       	std	Y+6, r19	; 0x06
    2a68:	4f 83       	std	Y+7, r20	; 0x07
    2a6a:	58 87       	std	Y+8, r21	; 0x08
    2a6c:	89 e0       	ldi	r24, 0x09	; 9
    2a6e:	e8 2e       	mov	r14, r24
    2a70:	f1 2c       	mov	r15, r1
    2a72:	ec 0e       	add	r14, r28
    2a74:	fd 1e       	adc	r15, r29
    2a76:	ce 01       	movw	r24, r28
    2a78:	01 96       	adiw	r24, 0x01	; 1
    2a7a:	b7 01       	movw	r22, r14
    2a7c:	0e 94 b1 16 	call	0x2d62	; 0x2d62 <__unpack_f>
    2a80:	8e 01       	movw	r16, r28
    2a82:	0f 5e       	subi	r16, 0xEF	; 239
    2a84:	1f 4f       	sbci	r17, 0xFF	; 255
    2a86:	ce 01       	movw	r24, r28
    2a88:	05 96       	adiw	r24, 0x05	; 5
    2a8a:	b8 01       	movw	r22, r16
    2a8c:	0e 94 b1 16 	call	0x2d62	; 0x2d62 <__unpack_f>
    2a90:	89 85       	ldd	r24, Y+9	; 0x09
    2a92:	82 30       	cpi	r24, 0x02	; 2
    2a94:	40 f0       	brcs	.+16     	; 0x2aa6 <__gesf2+0x56>
    2a96:	89 89       	ldd	r24, Y+17	; 0x11
    2a98:	82 30       	cpi	r24, 0x02	; 2
    2a9a:	28 f0       	brcs	.+10     	; 0x2aa6 <__gesf2+0x56>
    2a9c:	c7 01       	movw	r24, r14
    2a9e:	b8 01       	movw	r22, r16
    2aa0:	0e 94 29 17 	call	0x2e52	; 0x2e52 <__fpcmp_parts_f>
    2aa4:	01 c0       	rjmp	.+2      	; 0x2aa8 <__gesf2+0x58>
    2aa6:	8f ef       	ldi	r24, 0xFF	; 255
    2aa8:	68 96       	adiw	r28, 0x18	; 24
    2aaa:	e6 e0       	ldi	r30, 0x06	; 6
    2aac:	0c 94 46 31 	jmp	0x628c	; 0x628c <__epilogue_restores__+0x18>

00002ab0 <__ltsf2>:
    2ab0:	a8 e1       	ldi	r26, 0x18	; 24
    2ab2:	b0 e0       	ldi	r27, 0x00	; 0
    2ab4:	ee e5       	ldi	r30, 0x5E	; 94
    2ab6:	f5 e1       	ldi	r31, 0x15	; 21
    2ab8:	0c 94 2a 31 	jmp	0x6254	; 0x6254 <__prologue_saves__+0x18>
    2abc:	69 83       	std	Y+1, r22	; 0x01
    2abe:	7a 83       	std	Y+2, r23	; 0x02
    2ac0:	8b 83       	std	Y+3, r24	; 0x03
    2ac2:	9c 83       	std	Y+4, r25	; 0x04
    2ac4:	2d 83       	std	Y+5, r18	; 0x05
    2ac6:	3e 83       	std	Y+6, r19	; 0x06
    2ac8:	4f 83       	std	Y+7, r20	; 0x07
    2aca:	58 87       	std	Y+8, r21	; 0x08
    2acc:	89 e0       	ldi	r24, 0x09	; 9
    2ace:	e8 2e       	mov	r14, r24
    2ad0:	f1 2c       	mov	r15, r1
    2ad2:	ec 0e       	add	r14, r28
    2ad4:	fd 1e       	adc	r15, r29
    2ad6:	ce 01       	movw	r24, r28
    2ad8:	01 96       	adiw	r24, 0x01	; 1
    2ada:	b7 01       	movw	r22, r14
    2adc:	0e 94 b1 16 	call	0x2d62	; 0x2d62 <__unpack_f>
    2ae0:	8e 01       	movw	r16, r28
    2ae2:	0f 5e       	subi	r16, 0xEF	; 239
    2ae4:	1f 4f       	sbci	r17, 0xFF	; 255
    2ae6:	ce 01       	movw	r24, r28
    2ae8:	05 96       	adiw	r24, 0x05	; 5
    2aea:	b8 01       	movw	r22, r16
    2aec:	0e 94 b1 16 	call	0x2d62	; 0x2d62 <__unpack_f>
    2af0:	89 85       	ldd	r24, Y+9	; 0x09
    2af2:	82 30       	cpi	r24, 0x02	; 2
    2af4:	40 f0       	brcs	.+16     	; 0x2b06 <__ltsf2+0x56>
    2af6:	89 89       	ldd	r24, Y+17	; 0x11
    2af8:	82 30       	cpi	r24, 0x02	; 2
    2afa:	28 f0       	brcs	.+10     	; 0x2b06 <__ltsf2+0x56>
    2afc:	c7 01       	movw	r24, r14
    2afe:	b8 01       	movw	r22, r16
    2b00:	0e 94 29 17 	call	0x2e52	; 0x2e52 <__fpcmp_parts_f>
    2b04:	01 c0       	rjmp	.+2      	; 0x2b08 <__ltsf2+0x58>
    2b06:	81 e0       	ldi	r24, 0x01	; 1
    2b08:	68 96       	adiw	r28, 0x18	; 24
    2b0a:	e6 e0       	ldi	r30, 0x06	; 6
    2b0c:	0c 94 46 31 	jmp	0x628c	; 0x628c <__epilogue_restores__+0x18>

00002b10 <__fixsfsi>:
    2b10:	ac e0       	ldi	r26, 0x0C	; 12
    2b12:	b0 e0       	ldi	r27, 0x00	; 0
    2b14:	ee e8       	ldi	r30, 0x8E	; 142
    2b16:	f5 e1       	ldi	r31, 0x15	; 21
    2b18:	0c 94 2e 31 	jmp	0x625c	; 0x625c <__prologue_saves__+0x20>
    2b1c:	69 83       	std	Y+1, r22	; 0x01
    2b1e:	7a 83       	std	Y+2, r23	; 0x02
    2b20:	8b 83       	std	Y+3, r24	; 0x03
    2b22:	9c 83       	std	Y+4, r25	; 0x04
    2b24:	ce 01       	movw	r24, r28
    2b26:	01 96       	adiw	r24, 0x01	; 1
    2b28:	be 01       	movw	r22, r28
    2b2a:	6b 5f       	subi	r22, 0xFB	; 251
    2b2c:	7f 4f       	sbci	r23, 0xFF	; 255
    2b2e:	0e 94 b1 16 	call	0x2d62	; 0x2d62 <__unpack_f>
    2b32:	8d 81       	ldd	r24, Y+5	; 0x05
    2b34:	82 30       	cpi	r24, 0x02	; 2
    2b36:	61 f1       	breq	.+88     	; 0x2b90 <__fixsfsi+0x80>
    2b38:	82 30       	cpi	r24, 0x02	; 2
    2b3a:	50 f1       	brcs	.+84     	; 0x2b90 <__fixsfsi+0x80>
    2b3c:	84 30       	cpi	r24, 0x04	; 4
    2b3e:	21 f4       	brne	.+8      	; 0x2b48 <__fixsfsi+0x38>
    2b40:	8e 81       	ldd	r24, Y+6	; 0x06
    2b42:	88 23       	and	r24, r24
    2b44:	51 f1       	breq	.+84     	; 0x2b9a <__fixsfsi+0x8a>
    2b46:	2e c0       	rjmp	.+92     	; 0x2ba4 <__fixsfsi+0x94>
    2b48:	2f 81       	ldd	r18, Y+7	; 0x07
    2b4a:	38 85       	ldd	r19, Y+8	; 0x08
    2b4c:	37 fd       	sbrc	r19, 7
    2b4e:	20 c0       	rjmp	.+64     	; 0x2b90 <__fixsfsi+0x80>
    2b50:	6e 81       	ldd	r22, Y+6	; 0x06
    2b52:	2f 31       	cpi	r18, 0x1F	; 31
    2b54:	31 05       	cpc	r19, r1
    2b56:	1c f0       	brlt	.+6      	; 0x2b5e <__fixsfsi+0x4e>
    2b58:	66 23       	and	r22, r22
    2b5a:	f9 f0       	breq	.+62     	; 0x2b9a <__fixsfsi+0x8a>
    2b5c:	23 c0       	rjmp	.+70     	; 0x2ba4 <__fixsfsi+0x94>
    2b5e:	8e e1       	ldi	r24, 0x1E	; 30
    2b60:	90 e0       	ldi	r25, 0x00	; 0
    2b62:	82 1b       	sub	r24, r18
    2b64:	93 0b       	sbc	r25, r19
    2b66:	29 85       	ldd	r18, Y+9	; 0x09
    2b68:	3a 85       	ldd	r19, Y+10	; 0x0a
    2b6a:	4b 85       	ldd	r20, Y+11	; 0x0b
    2b6c:	5c 85       	ldd	r21, Y+12	; 0x0c
    2b6e:	04 c0       	rjmp	.+8      	; 0x2b78 <__fixsfsi+0x68>
    2b70:	56 95       	lsr	r21
    2b72:	47 95       	ror	r20
    2b74:	37 95       	ror	r19
    2b76:	27 95       	ror	r18
    2b78:	8a 95       	dec	r24
    2b7a:	d2 f7       	brpl	.-12     	; 0x2b70 <__fixsfsi+0x60>
    2b7c:	66 23       	and	r22, r22
    2b7e:	b1 f0       	breq	.+44     	; 0x2bac <__fixsfsi+0x9c>
    2b80:	50 95       	com	r21
    2b82:	40 95       	com	r20
    2b84:	30 95       	com	r19
    2b86:	21 95       	neg	r18
    2b88:	3f 4f       	sbci	r19, 0xFF	; 255
    2b8a:	4f 4f       	sbci	r20, 0xFF	; 255
    2b8c:	5f 4f       	sbci	r21, 0xFF	; 255
    2b8e:	0e c0       	rjmp	.+28     	; 0x2bac <__fixsfsi+0x9c>
    2b90:	20 e0       	ldi	r18, 0x00	; 0
    2b92:	30 e0       	ldi	r19, 0x00	; 0
    2b94:	40 e0       	ldi	r20, 0x00	; 0
    2b96:	50 e0       	ldi	r21, 0x00	; 0
    2b98:	09 c0       	rjmp	.+18     	; 0x2bac <__fixsfsi+0x9c>
    2b9a:	2f ef       	ldi	r18, 0xFF	; 255
    2b9c:	3f ef       	ldi	r19, 0xFF	; 255
    2b9e:	4f ef       	ldi	r20, 0xFF	; 255
    2ba0:	5f e7       	ldi	r21, 0x7F	; 127
    2ba2:	04 c0       	rjmp	.+8      	; 0x2bac <__fixsfsi+0x9c>
    2ba4:	20 e0       	ldi	r18, 0x00	; 0
    2ba6:	30 e0       	ldi	r19, 0x00	; 0
    2ba8:	40 e0       	ldi	r20, 0x00	; 0
    2baa:	50 e8       	ldi	r21, 0x80	; 128
    2bac:	b9 01       	movw	r22, r18
    2bae:	ca 01       	movw	r24, r20
    2bb0:	2c 96       	adiw	r28, 0x0c	; 12
    2bb2:	e2 e0       	ldi	r30, 0x02	; 2
    2bb4:	0c 94 4a 31 	jmp	0x6294	; 0x6294 <__epilogue_restores__+0x20>

00002bb8 <__pack_f>:
    2bb8:	df 92       	push	r13
    2bba:	ef 92       	push	r14
    2bbc:	ff 92       	push	r15
    2bbe:	0f 93       	push	r16
    2bc0:	1f 93       	push	r17
    2bc2:	fc 01       	movw	r30, r24
    2bc4:	e4 80       	ldd	r14, Z+4	; 0x04
    2bc6:	f5 80       	ldd	r15, Z+5	; 0x05
    2bc8:	06 81       	ldd	r16, Z+6	; 0x06
    2bca:	17 81       	ldd	r17, Z+7	; 0x07
    2bcc:	d1 80       	ldd	r13, Z+1	; 0x01
    2bce:	80 81       	ld	r24, Z
    2bd0:	82 30       	cpi	r24, 0x02	; 2
    2bd2:	48 f4       	brcc	.+18     	; 0x2be6 <__pack_f+0x2e>
    2bd4:	80 e0       	ldi	r24, 0x00	; 0
    2bd6:	90 e0       	ldi	r25, 0x00	; 0
    2bd8:	a0 e1       	ldi	r26, 0x10	; 16
    2bda:	b0 e0       	ldi	r27, 0x00	; 0
    2bdc:	e8 2a       	or	r14, r24
    2bde:	f9 2a       	or	r15, r25
    2be0:	0a 2b       	or	r16, r26
    2be2:	1b 2b       	or	r17, r27
    2be4:	a5 c0       	rjmp	.+330    	; 0x2d30 <__pack_f+0x178>
    2be6:	84 30       	cpi	r24, 0x04	; 4
    2be8:	09 f4       	brne	.+2      	; 0x2bec <__pack_f+0x34>
    2bea:	9f c0       	rjmp	.+318    	; 0x2d2a <__pack_f+0x172>
    2bec:	82 30       	cpi	r24, 0x02	; 2
    2bee:	21 f4       	brne	.+8      	; 0x2bf8 <__pack_f+0x40>
    2bf0:	ee 24       	eor	r14, r14
    2bf2:	ff 24       	eor	r15, r15
    2bf4:	87 01       	movw	r16, r14
    2bf6:	05 c0       	rjmp	.+10     	; 0x2c02 <__pack_f+0x4a>
    2bf8:	e1 14       	cp	r14, r1
    2bfa:	f1 04       	cpc	r15, r1
    2bfc:	01 05       	cpc	r16, r1
    2bfe:	11 05       	cpc	r17, r1
    2c00:	19 f4       	brne	.+6      	; 0x2c08 <__pack_f+0x50>
    2c02:	e0 e0       	ldi	r30, 0x00	; 0
    2c04:	f0 e0       	ldi	r31, 0x00	; 0
    2c06:	96 c0       	rjmp	.+300    	; 0x2d34 <__pack_f+0x17c>
    2c08:	62 81       	ldd	r22, Z+2	; 0x02
    2c0a:	73 81       	ldd	r23, Z+3	; 0x03
    2c0c:	9f ef       	ldi	r25, 0xFF	; 255
    2c0e:	62 38       	cpi	r22, 0x82	; 130
    2c10:	79 07       	cpc	r23, r25
    2c12:	0c f0       	brlt	.+2      	; 0x2c16 <__pack_f+0x5e>
    2c14:	5b c0       	rjmp	.+182    	; 0x2ccc <__pack_f+0x114>
    2c16:	22 e8       	ldi	r18, 0x82	; 130
    2c18:	3f ef       	ldi	r19, 0xFF	; 255
    2c1a:	26 1b       	sub	r18, r22
    2c1c:	37 0b       	sbc	r19, r23
    2c1e:	2a 31       	cpi	r18, 0x1A	; 26
    2c20:	31 05       	cpc	r19, r1
    2c22:	2c f0       	brlt	.+10     	; 0x2c2e <__pack_f+0x76>
    2c24:	20 e0       	ldi	r18, 0x00	; 0
    2c26:	30 e0       	ldi	r19, 0x00	; 0
    2c28:	40 e0       	ldi	r20, 0x00	; 0
    2c2a:	50 e0       	ldi	r21, 0x00	; 0
    2c2c:	2a c0       	rjmp	.+84     	; 0x2c82 <__pack_f+0xca>
    2c2e:	b8 01       	movw	r22, r16
    2c30:	a7 01       	movw	r20, r14
    2c32:	02 2e       	mov	r0, r18
    2c34:	04 c0       	rjmp	.+8      	; 0x2c3e <__pack_f+0x86>
    2c36:	76 95       	lsr	r23
    2c38:	67 95       	ror	r22
    2c3a:	57 95       	ror	r21
    2c3c:	47 95       	ror	r20
    2c3e:	0a 94       	dec	r0
    2c40:	d2 f7       	brpl	.-12     	; 0x2c36 <__pack_f+0x7e>
    2c42:	81 e0       	ldi	r24, 0x01	; 1
    2c44:	90 e0       	ldi	r25, 0x00	; 0
    2c46:	a0 e0       	ldi	r26, 0x00	; 0
    2c48:	b0 e0       	ldi	r27, 0x00	; 0
    2c4a:	04 c0       	rjmp	.+8      	; 0x2c54 <__pack_f+0x9c>
    2c4c:	88 0f       	add	r24, r24
    2c4e:	99 1f       	adc	r25, r25
    2c50:	aa 1f       	adc	r26, r26
    2c52:	bb 1f       	adc	r27, r27
    2c54:	2a 95       	dec	r18
    2c56:	d2 f7       	brpl	.-12     	; 0x2c4c <__pack_f+0x94>
    2c58:	01 97       	sbiw	r24, 0x01	; 1
    2c5a:	a1 09       	sbc	r26, r1
    2c5c:	b1 09       	sbc	r27, r1
    2c5e:	8e 21       	and	r24, r14
    2c60:	9f 21       	and	r25, r15
    2c62:	a0 23       	and	r26, r16
    2c64:	b1 23       	and	r27, r17
    2c66:	00 97       	sbiw	r24, 0x00	; 0
    2c68:	a1 05       	cpc	r26, r1
    2c6a:	b1 05       	cpc	r27, r1
    2c6c:	21 f0       	breq	.+8      	; 0x2c76 <__pack_f+0xbe>
    2c6e:	81 e0       	ldi	r24, 0x01	; 1
    2c70:	90 e0       	ldi	r25, 0x00	; 0
    2c72:	a0 e0       	ldi	r26, 0x00	; 0
    2c74:	b0 e0       	ldi	r27, 0x00	; 0
    2c76:	9a 01       	movw	r18, r20
    2c78:	ab 01       	movw	r20, r22
    2c7a:	28 2b       	or	r18, r24
    2c7c:	39 2b       	or	r19, r25
    2c7e:	4a 2b       	or	r20, r26
    2c80:	5b 2b       	or	r21, r27
    2c82:	da 01       	movw	r26, r20
    2c84:	c9 01       	movw	r24, r18
    2c86:	8f 77       	andi	r24, 0x7F	; 127
    2c88:	90 70       	andi	r25, 0x00	; 0
    2c8a:	a0 70       	andi	r26, 0x00	; 0
    2c8c:	b0 70       	andi	r27, 0x00	; 0
    2c8e:	80 34       	cpi	r24, 0x40	; 64
    2c90:	91 05       	cpc	r25, r1
    2c92:	a1 05       	cpc	r26, r1
    2c94:	b1 05       	cpc	r27, r1
    2c96:	39 f4       	brne	.+14     	; 0x2ca6 <__pack_f+0xee>
    2c98:	27 ff       	sbrs	r18, 7
    2c9a:	09 c0       	rjmp	.+18     	; 0x2cae <__pack_f+0xf6>
    2c9c:	20 5c       	subi	r18, 0xC0	; 192
    2c9e:	3f 4f       	sbci	r19, 0xFF	; 255
    2ca0:	4f 4f       	sbci	r20, 0xFF	; 255
    2ca2:	5f 4f       	sbci	r21, 0xFF	; 255
    2ca4:	04 c0       	rjmp	.+8      	; 0x2cae <__pack_f+0xf6>
    2ca6:	21 5c       	subi	r18, 0xC1	; 193
    2ca8:	3f 4f       	sbci	r19, 0xFF	; 255
    2caa:	4f 4f       	sbci	r20, 0xFF	; 255
    2cac:	5f 4f       	sbci	r21, 0xFF	; 255
    2cae:	e0 e0       	ldi	r30, 0x00	; 0
    2cb0:	f0 e0       	ldi	r31, 0x00	; 0
    2cb2:	20 30       	cpi	r18, 0x00	; 0
    2cb4:	a0 e0       	ldi	r26, 0x00	; 0
    2cb6:	3a 07       	cpc	r19, r26
    2cb8:	a0 e0       	ldi	r26, 0x00	; 0
    2cba:	4a 07       	cpc	r20, r26
    2cbc:	a0 e4       	ldi	r26, 0x40	; 64
    2cbe:	5a 07       	cpc	r21, r26
    2cc0:	10 f0       	brcs	.+4      	; 0x2cc6 <__pack_f+0x10e>
    2cc2:	e1 e0       	ldi	r30, 0x01	; 1
    2cc4:	f0 e0       	ldi	r31, 0x00	; 0
    2cc6:	79 01       	movw	r14, r18
    2cc8:	8a 01       	movw	r16, r20
    2cca:	27 c0       	rjmp	.+78     	; 0x2d1a <__pack_f+0x162>
    2ccc:	60 38       	cpi	r22, 0x80	; 128
    2cce:	71 05       	cpc	r23, r1
    2cd0:	64 f5       	brge	.+88     	; 0x2d2a <__pack_f+0x172>
    2cd2:	fb 01       	movw	r30, r22
    2cd4:	e1 58       	subi	r30, 0x81	; 129
    2cd6:	ff 4f       	sbci	r31, 0xFF	; 255
    2cd8:	d8 01       	movw	r26, r16
    2cda:	c7 01       	movw	r24, r14
    2cdc:	8f 77       	andi	r24, 0x7F	; 127
    2cde:	90 70       	andi	r25, 0x00	; 0
    2ce0:	a0 70       	andi	r26, 0x00	; 0
    2ce2:	b0 70       	andi	r27, 0x00	; 0
    2ce4:	80 34       	cpi	r24, 0x40	; 64
    2ce6:	91 05       	cpc	r25, r1
    2ce8:	a1 05       	cpc	r26, r1
    2cea:	b1 05       	cpc	r27, r1
    2cec:	39 f4       	brne	.+14     	; 0x2cfc <__pack_f+0x144>
    2cee:	e7 fe       	sbrs	r14, 7
    2cf0:	0d c0       	rjmp	.+26     	; 0x2d0c <__pack_f+0x154>
    2cf2:	80 e4       	ldi	r24, 0x40	; 64
    2cf4:	90 e0       	ldi	r25, 0x00	; 0
    2cf6:	a0 e0       	ldi	r26, 0x00	; 0
    2cf8:	b0 e0       	ldi	r27, 0x00	; 0
    2cfa:	04 c0       	rjmp	.+8      	; 0x2d04 <__pack_f+0x14c>
    2cfc:	8f e3       	ldi	r24, 0x3F	; 63
    2cfe:	90 e0       	ldi	r25, 0x00	; 0
    2d00:	a0 e0       	ldi	r26, 0x00	; 0
    2d02:	b0 e0       	ldi	r27, 0x00	; 0
    2d04:	e8 0e       	add	r14, r24
    2d06:	f9 1e       	adc	r15, r25
    2d08:	0a 1f       	adc	r16, r26
    2d0a:	1b 1f       	adc	r17, r27
    2d0c:	17 ff       	sbrs	r17, 7
    2d0e:	05 c0       	rjmp	.+10     	; 0x2d1a <__pack_f+0x162>
    2d10:	16 95       	lsr	r17
    2d12:	07 95       	ror	r16
    2d14:	f7 94       	ror	r15
    2d16:	e7 94       	ror	r14
    2d18:	31 96       	adiw	r30, 0x01	; 1
    2d1a:	87 e0       	ldi	r24, 0x07	; 7
    2d1c:	16 95       	lsr	r17
    2d1e:	07 95       	ror	r16
    2d20:	f7 94       	ror	r15
    2d22:	e7 94       	ror	r14
    2d24:	8a 95       	dec	r24
    2d26:	d1 f7       	brne	.-12     	; 0x2d1c <__pack_f+0x164>
    2d28:	05 c0       	rjmp	.+10     	; 0x2d34 <__pack_f+0x17c>
    2d2a:	ee 24       	eor	r14, r14
    2d2c:	ff 24       	eor	r15, r15
    2d2e:	87 01       	movw	r16, r14
    2d30:	ef ef       	ldi	r30, 0xFF	; 255
    2d32:	f0 e0       	ldi	r31, 0x00	; 0
    2d34:	6e 2f       	mov	r22, r30
    2d36:	67 95       	ror	r22
    2d38:	66 27       	eor	r22, r22
    2d3a:	67 95       	ror	r22
    2d3c:	90 2f       	mov	r25, r16
    2d3e:	9f 77       	andi	r25, 0x7F	; 127
    2d40:	d7 94       	ror	r13
    2d42:	dd 24       	eor	r13, r13
    2d44:	d7 94       	ror	r13
    2d46:	8e 2f       	mov	r24, r30
    2d48:	86 95       	lsr	r24
    2d4a:	49 2f       	mov	r20, r25
    2d4c:	46 2b       	or	r20, r22
    2d4e:	58 2f       	mov	r21, r24
    2d50:	5d 29       	or	r21, r13
    2d52:	b7 01       	movw	r22, r14
    2d54:	ca 01       	movw	r24, r20
    2d56:	1f 91       	pop	r17
    2d58:	0f 91       	pop	r16
    2d5a:	ff 90       	pop	r15
    2d5c:	ef 90       	pop	r14
    2d5e:	df 90       	pop	r13
    2d60:	08 95       	ret

00002d62 <__unpack_f>:
    2d62:	fc 01       	movw	r30, r24
    2d64:	db 01       	movw	r26, r22
    2d66:	40 81       	ld	r20, Z
    2d68:	51 81       	ldd	r21, Z+1	; 0x01
    2d6a:	22 81       	ldd	r18, Z+2	; 0x02
    2d6c:	62 2f       	mov	r22, r18
    2d6e:	6f 77       	andi	r22, 0x7F	; 127
    2d70:	70 e0       	ldi	r23, 0x00	; 0
    2d72:	22 1f       	adc	r18, r18
    2d74:	22 27       	eor	r18, r18
    2d76:	22 1f       	adc	r18, r18
    2d78:	93 81       	ldd	r25, Z+3	; 0x03
    2d7a:	89 2f       	mov	r24, r25
    2d7c:	88 0f       	add	r24, r24
    2d7e:	82 2b       	or	r24, r18
    2d80:	28 2f       	mov	r18, r24
    2d82:	30 e0       	ldi	r19, 0x00	; 0
    2d84:	99 1f       	adc	r25, r25
    2d86:	99 27       	eor	r25, r25
    2d88:	99 1f       	adc	r25, r25
    2d8a:	11 96       	adiw	r26, 0x01	; 1
    2d8c:	9c 93       	st	X, r25
    2d8e:	11 97       	sbiw	r26, 0x01	; 1
    2d90:	21 15       	cp	r18, r1
    2d92:	31 05       	cpc	r19, r1
    2d94:	a9 f5       	brne	.+106    	; 0x2e00 <__unpack_f+0x9e>
    2d96:	41 15       	cp	r20, r1
    2d98:	51 05       	cpc	r21, r1
    2d9a:	61 05       	cpc	r22, r1
    2d9c:	71 05       	cpc	r23, r1
    2d9e:	11 f4       	brne	.+4      	; 0x2da4 <__unpack_f+0x42>
    2da0:	82 e0       	ldi	r24, 0x02	; 2
    2da2:	37 c0       	rjmp	.+110    	; 0x2e12 <__unpack_f+0xb0>
    2da4:	82 e8       	ldi	r24, 0x82	; 130
    2da6:	9f ef       	ldi	r25, 0xFF	; 255
    2da8:	13 96       	adiw	r26, 0x03	; 3
    2daa:	9c 93       	st	X, r25
    2dac:	8e 93       	st	-X, r24
    2dae:	12 97       	sbiw	r26, 0x02	; 2
    2db0:	9a 01       	movw	r18, r20
    2db2:	ab 01       	movw	r20, r22
    2db4:	67 e0       	ldi	r22, 0x07	; 7
    2db6:	22 0f       	add	r18, r18
    2db8:	33 1f       	adc	r19, r19
    2dba:	44 1f       	adc	r20, r20
    2dbc:	55 1f       	adc	r21, r21
    2dbe:	6a 95       	dec	r22
    2dc0:	d1 f7       	brne	.-12     	; 0x2db6 <__unpack_f+0x54>
    2dc2:	83 e0       	ldi	r24, 0x03	; 3
    2dc4:	8c 93       	st	X, r24
    2dc6:	0d c0       	rjmp	.+26     	; 0x2de2 <__unpack_f+0x80>
    2dc8:	22 0f       	add	r18, r18
    2dca:	33 1f       	adc	r19, r19
    2dcc:	44 1f       	adc	r20, r20
    2dce:	55 1f       	adc	r21, r21
    2dd0:	12 96       	adiw	r26, 0x02	; 2
    2dd2:	8d 91       	ld	r24, X+
    2dd4:	9c 91       	ld	r25, X
    2dd6:	13 97       	sbiw	r26, 0x03	; 3
    2dd8:	01 97       	sbiw	r24, 0x01	; 1
    2dda:	13 96       	adiw	r26, 0x03	; 3
    2ddc:	9c 93       	st	X, r25
    2dde:	8e 93       	st	-X, r24
    2de0:	12 97       	sbiw	r26, 0x02	; 2
    2de2:	20 30       	cpi	r18, 0x00	; 0
    2de4:	80 e0       	ldi	r24, 0x00	; 0
    2de6:	38 07       	cpc	r19, r24
    2de8:	80 e0       	ldi	r24, 0x00	; 0
    2dea:	48 07       	cpc	r20, r24
    2dec:	80 e4       	ldi	r24, 0x40	; 64
    2dee:	58 07       	cpc	r21, r24
    2df0:	58 f3       	brcs	.-42     	; 0x2dc8 <__unpack_f+0x66>
    2df2:	14 96       	adiw	r26, 0x04	; 4
    2df4:	2d 93       	st	X+, r18
    2df6:	3d 93       	st	X+, r19
    2df8:	4d 93       	st	X+, r20
    2dfa:	5c 93       	st	X, r21
    2dfc:	17 97       	sbiw	r26, 0x07	; 7
    2dfe:	08 95       	ret
    2e00:	2f 3f       	cpi	r18, 0xFF	; 255
    2e02:	31 05       	cpc	r19, r1
    2e04:	79 f4       	brne	.+30     	; 0x2e24 <__unpack_f+0xc2>
    2e06:	41 15       	cp	r20, r1
    2e08:	51 05       	cpc	r21, r1
    2e0a:	61 05       	cpc	r22, r1
    2e0c:	71 05       	cpc	r23, r1
    2e0e:	19 f4       	brne	.+6      	; 0x2e16 <__unpack_f+0xb4>
    2e10:	84 e0       	ldi	r24, 0x04	; 4
    2e12:	8c 93       	st	X, r24
    2e14:	08 95       	ret
    2e16:	64 ff       	sbrs	r22, 4
    2e18:	03 c0       	rjmp	.+6      	; 0x2e20 <__unpack_f+0xbe>
    2e1a:	81 e0       	ldi	r24, 0x01	; 1
    2e1c:	8c 93       	st	X, r24
    2e1e:	12 c0       	rjmp	.+36     	; 0x2e44 <__unpack_f+0xe2>
    2e20:	1c 92       	st	X, r1
    2e22:	10 c0       	rjmp	.+32     	; 0x2e44 <__unpack_f+0xe2>
    2e24:	2f 57       	subi	r18, 0x7F	; 127
    2e26:	30 40       	sbci	r19, 0x00	; 0
    2e28:	13 96       	adiw	r26, 0x03	; 3
    2e2a:	3c 93       	st	X, r19
    2e2c:	2e 93       	st	-X, r18
    2e2e:	12 97       	sbiw	r26, 0x02	; 2
    2e30:	83 e0       	ldi	r24, 0x03	; 3
    2e32:	8c 93       	st	X, r24
    2e34:	87 e0       	ldi	r24, 0x07	; 7
    2e36:	44 0f       	add	r20, r20
    2e38:	55 1f       	adc	r21, r21
    2e3a:	66 1f       	adc	r22, r22
    2e3c:	77 1f       	adc	r23, r23
    2e3e:	8a 95       	dec	r24
    2e40:	d1 f7       	brne	.-12     	; 0x2e36 <__unpack_f+0xd4>
    2e42:	70 64       	ori	r23, 0x40	; 64
    2e44:	14 96       	adiw	r26, 0x04	; 4
    2e46:	4d 93       	st	X+, r20
    2e48:	5d 93       	st	X+, r21
    2e4a:	6d 93       	st	X+, r22
    2e4c:	7c 93       	st	X, r23
    2e4e:	17 97       	sbiw	r26, 0x07	; 7
    2e50:	08 95       	ret

00002e52 <__fpcmp_parts_f>:
    2e52:	1f 93       	push	r17
    2e54:	dc 01       	movw	r26, r24
    2e56:	fb 01       	movw	r30, r22
    2e58:	9c 91       	ld	r25, X
    2e5a:	92 30       	cpi	r25, 0x02	; 2
    2e5c:	08 f4       	brcc	.+2      	; 0x2e60 <__fpcmp_parts_f+0xe>
    2e5e:	47 c0       	rjmp	.+142    	; 0x2eee <__fpcmp_parts_f+0x9c>
    2e60:	80 81       	ld	r24, Z
    2e62:	82 30       	cpi	r24, 0x02	; 2
    2e64:	08 f4       	brcc	.+2      	; 0x2e68 <__fpcmp_parts_f+0x16>
    2e66:	43 c0       	rjmp	.+134    	; 0x2eee <__fpcmp_parts_f+0x9c>
    2e68:	94 30       	cpi	r25, 0x04	; 4
    2e6a:	51 f4       	brne	.+20     	; 0x2e80 <__fpcmp_parts_f+0x2e>
    2e6c:	11 96       	adiw	r26, 0x01	; 1
    2e6e:	1c 91       	ld	r17, X
    2e70:	84 30       	cpi	r24, 0x04	; 4
    2e72:	99 f5       	brne	.+102    	; 0x2eda <__fpcmp_parts_f+0x88>
    2e74:	81 81       	ldd	r24, Z+1	; 0x01
    2e76:	68 2f       	mov	r22, r24
    2e78:	70 e0       	ldi	r23, 0x00	; 0
    2e7a:	61 1b       	sub	r22, r17
    2e7c:	71 09       	sbc	r23, r1
    2e7e:	3f c0       	rjmp	.+126    	; 0x2efe <__fpcmp_parts_f+0xac>
    2e80:	84 30       	cpi	r24, 0x04	; 4
    2e82:	21 f0       	breq	.+8      	; 0x2e8c <__fpcmp_parts_f+0x3a>
    2e84:	92 30       	cpi	r25, 0x02	; 2
    2e86:	31 f4       	brne	.+12     	; 0x2e94 <__fpcmp_parts_f+0x42>
    2e88:	82 30       	cpi	r24, 0x02	; 2
    2e8a:	b9 f1       	breq	.+110    	; 0x2efa <__fpcmp_parts_f+0xa8>
    2e8c:	81 81       	ldd	r24, Z+1	; 0x01
    2e8e:	88 23       	and	r24, r24
    2e90:	89 f1       	breq	.+98     	; 0x2ef4 <__fpcmp_parts_f+0xa2>
    2e92:	2d c0       	rjmp	.+90     	; 0x2eee <__fpcmp_parts_f+0x9c>
    2e94:	11 96       	adiw	r26, 0x01	; 1
    2e96:	1c 91       	ld	r17, X
    2e98:	11 97       	sbiw	r26, 0x01	; 1
    2e9a:	82 30       	cpi	r24, 0x02	; 2
    2e9c:	f1 f0       	breq	.+60     	; 0x2eda <__fpcmp_parts_f+0x88>
    2e9e:	81 81       	ldd	r24, Z+1	; 0x01
    2ea0:	18 17       	cp	r17, r24
    2ea2:	d9 f4       	brne	.+54     	; 0x2eda <__fpcmp_parts_f+0x88>
    2ea4:	12 96       	adiw	r26, 0x02	; 2
    2ea6:	2d 91       	ld	r18, X+
    2ea8:	3c 91       	ld	r19, X
    2eaa:	13 97       	sbiw	r26, 0x03	; 3
    2eac:	82 81       	ldd	r24, Z+2	; 0x02
    2eae:	93 81       	ldd	r25, Z+3	; 0x03
    2eb0:	82 17       	cp	r24, r18
    2eb2:	93 07       	cpc	r25, r19
    2eb4:	94 f0       	brlt	.+36     	; 0x2eda <__fpcmp_parts_f+0x88>
    2eb6:	28 17       	cp	r18, r24
    2eb8:	39 07       	cpc	r19, r25
    2eba:	bc f0       	brlt	.+46     	; 0x2eea <__fpcmp_parts_f+0x98>
    2ebc:	14 96       	adiw	r26, 0x04	; 4
    2ebe:	8d 91       	ld	r24, X+
    2ec0:	9d 91       	ld	r25, X+
    2ec2:	0d 90       	ld	r0, X+
    2ec4:	bc 91       	ld	r27, X
    2ec6:	a0 2d       	mov	r26, r0
    2ec8:	24 81       	ldd	r18, Z+4	; 0x04
    2eca:	35 81       	ldd	r19, Z+5	; 0x05
    2ecc:	46 81       	ldd	r20, Z+6	; 0x06
    2ece:	57 81       	ldd	r21, Z+7	; 0x07
    2ed0:	28 17       	cp	r18, r24
    2ed2:	39 07       	cpc	r19, r25
    2ed4:	4a 07       	cpc	r20, r26
    2ed6:	5b 07       	cpc	r21, r27
    2ed8:	18 f4       	brcc	.+6      	; 0x2ee0 <__fpcmp_parts_f+0x8e>
    2eda:	11 23       	and	r17, r17
    2edc:	41 f0       	breq	.+16     	; 0x2eee <__fpcmp_parts_f+0x9c>
    2ede:	0a c0       	rjmp	.+20     	; 0x2ef4 <__fpcmp_parts_f+0xa2>
    2ee0:	82 17       	cp	r24, r18
    2ee2:	93 07       	cpc	r25, r19
    2ee4:	a4 07       	cpc	r26, r20
    2ee6:	b5 07       	cpc	r27, r21
    2ee8:	40 f4       	brcc	.+16     	; 0x2efa <__fpcmp_parts_f+0xa8>
    2eea:	11 23       	and	r17, r17
    2eec:	19 f0       	breq	.+6      	; 0x2ef4 <__fpcmp_parts_f+0xa2>
    2eee:	61 e0       	ldi	r22, 0x01	; 1
    2ef0:	70 e0       	ldi	r23, 0x00	; 0
    2ef2:	05 c0       	rjmp	.+10     	; 0x2efe <__fpcmp_parts_f+0xac>
    2ef4:	6f ef       	ldi	r22, 0xFF	; 255
    2ef6:	7f ef       	ldi	r23, 0xFF	; 255
    2ef8:	02 c0       	rjmp	.+4      	; 0x2efe <__fpcmp_parts_f+0xac>
    2efa:	60 e0       	ldi	r22, 0x00	; 0
    2efc:	70 e0       	ldi	r23, 0x00	; 0
    2efe:	cb 01       	movw	r24, r22
    2f00:	1f 91       	pop	r17
    2f02:	08 95       	ret

00002f04 <MDIO_voidInit>:
#include "../INCLUDE/MCAL/DIO/DIO_INTERFACE.h"
#include "../INCLUDE/MCAL/DIO/DIO_PRIVATE.h"
#include "../INCLUDE/MCAL/DIO/DIO_CFG.h"

void MDIO_voidInit()
{
    2f04:	df 93       	push	r29
    2f06:	cf 93       	push	r28
    2f08:	cd b7       	in	r28, 0x3d	; 61
    2f0a:	de b7       	in	r29, 0x3e	; 62
	DDRA_REG= CONC_BIT(PORTA_PIN7_DIRECTION,
    2f0c:	ea e3       	ldi	r30, 0x3A	; 58
    2f0e:	f0 e0       	ldi	r31, 0x00	; 0
    2f10:	8f ef       	ldi	r24, 0xFF	; 255
    2f12:	80 83       	st	Z, r24
			PORTA_PIN3_DIRECTION,
			PORTA_PIN2_DIRECTION,
			PORTA_PIN1_DIRECTION,
			PORTA_PIN0_DIRECTION);

	DDRB_REG= CONC_BIT(PORTB_PIN7_DIRECTION,
    2f14:	e7 e3       	ldi	r30, 0x37	; 55
    2f16:	f0 e0       	ldi	r31, 0x00	; 0
    2f18:	8f ef       	ldi	r24, 0xFF	; 255
    2f1a:	80 83       	st	Z, r24
				PORTB_PIN3_DIRECTION,
				PORTB_PIN2_DIRECTION,
				PORTB_PIN1_DIRECTION,
				PORTB_PIN0_DIRECTION);

	DDRC_REG= CONC_BIT(PORTC_PIN7_DIRECTION,
    2f1c:	e4 e3       	ldi	r30, 0x34	; 52
    2f1e:	f0 e0       	ldi	r31, 0x00	; 0
    2f20:	8f ef       	ldi	r24, 0xFF	; 255
    2f22:	80 83       	st	Z, r24
				PORTC_PIN3_DIRECTION,
				PORTC_PIN2_DIRECTION,
				PORTC_PIN1_DIRECTION,
				PORTC_PIN0_DIRECTION);

	DDRD_REG= CONC_BIT(PORTD_PIN7_DIRECTION,
    2f24:	e1 e3       	ldi	r30, 0x31	; 49
    2f26:	f0 e0       	ldi	r31, 0x00	; 0
    2f28:	8f ef       	ldi	r24, 0xFF	; 255
    2f2a:	80 83       	st	Z, r24
				PORTD_PIN3_DIRECTION,
				PORTD_PIN2_DIRECTION,
				PORTD_PIN1_DIRECTION,
				PORTD_PIN0_DIRECTION);

	PORTA_REG= CONC_BIT(PORTA_PIN7_VALUE,
    2f2c:	eb e3       	ldi	r30, 0x3B	; 59
    2f2e:	f0 e0       	ldi	r31, 0x00	; 0
    2f30:	10 82       	st	Z, r1
				PORTA_PIN3_VALUE,
				PORTA_PIN2_VALUE,
				PORTA_PIN1_VALUE,
				PORTA_PIN0_VALUE);

	PORTB_REG= CONC_BIT(PORTB_PIN7_VALUE,
    2f32:	e8 e3       	ldi	r30, 0x38	; 56
    2f34:	f0 e0       	ldi	r31, 0x00	; 0
    2f36:	10 82       	st	Z, r1
					PORTB_PIN3_VALUE,
					PORTB_PIN2_VALUE,
					PORTB_PIN1_VALUE,
					PORTB_PIN0_VALUE);

	PORTC_REG= CONC_BIT(PORTC_PIN7_VALUE,
    2f38:	e5 e3       	ldi	r30, 0x35	; 53
    2f3a:	f0 e0       	ldi	r31, 0x00	; 0
    2f3c:	10 82       	st	Z, r1
					PORTC_PIN3_VALUE,
					PORTC_PIN2_VALUE,
					PORTC_PIN1_VALUE,
					PORTC_PIN0_VALUE);

	PORTD_REG= CONC_BIT(PORTD_PIN7_VALUE,
    2f3e:	e2 e3       	ldi	r30, 0x32	; 50
    2f40:	f0 e0       	ldi	r31, 0x00	; 0
    2f42:	10 82       	st	Z, r1
					PORTD_PIN4_VALUE,
					PORTD_PIN3_VALUE,
					PORTD_PIN2_VALUE,
					PORTD_PIN1_VALUE,
					PORTD_PIN0_VALUE);
}
    2f44:	cf 91       	pop	r28
    2f46:	df 91       	pop	r29
    2f48:	08 95       	ret

00002f4a <MDIO_voidSetPinDirection>:

void MDIO_voidSetPinDirection(DIO_PORTS A_DIOPORT,DIO_PINS A_DIOPIN,PIN_DIRECTION A_PINDIRECTION)
{
    2f4a:	df 93       	push	r29
    2f4c:	cf 93       	push	r28
    2f4e:	cd b7       	in	r28, 0x3d	; 61
    2f50:	de b7       	in	r29, 0x3e	; 62
    2f52:	2d 97       	sbiw	r28, 0x0d	; 13
    2f54:	0f b6       	in	r0, 0x3f	; 63
    2f56:	f8 94       	cli
    2f58:	de bf       	out	0x3e, r29	; 62
    2f5a:	0f be       	out	0x3f, r0	; 63
    2f5c:	cd bf       	out	0x3d, r28	; 61
    2f5e:	89 83       	std	Y+1, r24	; 0x01
    2f60:	6a 83       	std	Y+2, r22	; 0x02
    2f62:	4b 83       	std	Y+3, r20	; 0x03
	if((A_DIOPORT<= PORTD) && (A_DIOPIN<=PIN7 )&& (A_PINDIRECTION <= DIO_OUTPUT ))
    2f64:	89 81       	ldd	r24, Y+1	; 0x01
    2f66:	84 30       	cpi	r24, 0x04	; 4
    2f68:	08 f0       	brcs	.+2      	; 0x2f6c <MDIO_voidSetPinDirection+0x22>
    2f6a:	08 c1       	rjmp	.+528    	; 0x317c <MDIO_voidSetPinDirection+0x232>
    2f6c:	8a 81       	ldd	r24, Y+2	; 0x02
    2f6e:	88 30       	cpi	r24, 0x08	; 8
    2f70:	08 f0       	brcs	.+2      	; 0x2f74 <MDIO_voidSetPinDirection+0x2a>
    2f72:	04 c1       	rjmp	.+520    	; 0x317c <MDIO_voidSetPinDirection+0x232>
    2f74:	8b 81       	ldd	r24, Y+3	; 0x03
    2f76:	82 30       	cpi	r24, 0x02	; 2
    2f78:	08 f0       	brcs	.+2      	; 0x2f7c <MDIO_voidSetPinDirection+0x32>
    2f7a:	00 c1       	rjmp	.+512    	; 0x317c <MDIO_voidSetPinDirection+0x232>
	{
		switch(A_DIOPORT)
    2f7c:	89 81       	ldd	r24, Y+1	; 0x01
    2f7e:	28 2f       	mov	r18, r24
    2f80:	30 e0       	ldi	r19, 0x00	; 0
    2f82:	3d 87       	std	Y+13, r19	; 0x0d
    2f84:	2c 87       	std	Y+12, r18	; 0x0c
    2f86:	8c 85       	ldd	r24, Y+12	; 0x0c
    2f88:	9d 85       	ldd	r25, Y+13	; 0x0d
    2f8a:	81 30       	cpi	r24, 0x01	; 1
    2f8c:	91 05       	cpc	r25, r1
    2f8e:	09 f4       	brne	.+2      	; 0x2f92 <MDIO_voidSetPinDirection+0x48>
    2f90:	4f c0       	rjmp	.+158    	; 0x3030 <MDIO_voidSetPinDirection+0xe6>
    2f92:	2c 85       	ldd	r18, Y+12	; 0x0c
    2f94:	3d 85       	ldd	r19, Y+13	; 0x0d
    2f96:	22 30       	cpi	r18, 0x02	; 2
    2f98:	31 05       	cpc	r19, r1
    2f9a:	2c f4       	brge	.+10     	; 0x2fa6 <MDIO_voidSetPinDirection+0x5c>
    2f9c:	8c 85       	ldd	r24, Y+12	; 0x0c
    2f9e:	9d 85       	ldd	r25, Y+13	; 0x0d
    2fa0:	00 97       	sbiw	r24, 0x00	; 0
    2fa2:	71 f0       	breq	.+28     	; 0x2fc0 <MDIO_voidSetPinDirection+0x76>
    2fa4:	eb c0       	rjmp	.+470    	; 0x317c <MDIO_voidSetPinDirection+0x232>
    2fa6:	2c 85       	ldd	r18, Y+12	; 0x0c
    2fa8:	3d 85       	ldd	r19, Y+13	; 0x0d
    2faa:	22 30       	cpi	r18, 0x02	; 2
    2fac:	31 05       	cpc	r19, r1
    2fae:	09 f4       	brne	.+2      	; 0x2fb2 <MDIO_voidSetPinDirection+0x68>
    2fb0:	77 c0       	rjmp	.+238    	; 0x30a0 <MDIO_voidSetPinDirection+0x156>
    2fb2:	8c 85       	ldd	r24, Y+12	; 0x0c
    2fb4:	9d 85       	ldd	r25, Y+13	; 0x0d
    2fb6:	83 30       	cpi	r24, 0x03	; 3
    2fb8:	91 05       	cpc	r25, r1
    2fba:	09 f4       	brne	.+2      	; 0x2fbe <MDIO_voidSetPinDirection+0x74>
    2fbc:	a9 c0       	rjmp	.+338    	; 0x3110 <MDIO_voidSetPinDirection+0x1c6>
    2fbe:	de c0       	rjmp	.+444    	; 0x317c <MDIO_voidSetPinDirection+0x232>
		{
		case PORTA:
			switch(A_PINDIRECTION)
    2fc0:	8b 81       	ldd	r24, Y+3	; 0x03
    2fc2:	28 2f       	mov	r18, r24
    2fc4:	30 e0       	ldi	r19, 0x00	; 0
    2fc6:	3b 87       	std	Y+11, r19	; 0x0b
    2fc8:	2a 87       	std	Y+10, r18	; 0x0a
    2fca:	8a 85       	ldd	r24, Y+10	; 0x0a
    2fcc:	9b 85       	ldd	r25, Y+11	; 0x0b
    2fce:	00 97       	sbiw	r24, 0x00	; 0
    2fd0:	d1 f0       	breq	.+52     	; 0x3006 <MDIO_voidSetPinDirection+0xbc>
    2fd2:	2a 85       	ldd	r18, Y+10	; 0x0a
    2fd4:	3b 85       	ldd	r19, Y+11	; 0x0b
    2fd6:	21 30       	cpi	r18, 0x01	; 1
    2fd8:	31 05       	cpc	r19, r1
    2fda:	09 f0       	breq	.+2      	; 0x2fde <MDIO_voidSetPinDirection+0x94>
    2fdc:	cf c0       	rjmp	.+414    	; 0x317c <MDIO_voidSetPinDirection+0x232>
			{
			case DIO_OUTPUT: SET_BIT(DDRA_REG,A_DIOPIN);break;
    2fde:	aa e3       	ldi	r26, 0x3A	; 58
    2fe0:	b0 e0       	ldi	r27, 0x00	; 0
    2fe2:	ea e3       	ldi	r30, 0x3A	; 58
    2fe4:	f0 e0       	ldi	r31, 0x00	; 0
    2fe6:	80 81       	ld	r24, Z
    2fe8:	48 2f       	mov	r20, r24
    2fea:	8a 81       	ldd	r24, Y+2	; 0x02
    2fec:	28 2f       	mov	r18, r24
    2fee:	30 e0       	ldi	r19, 0x00	; 0
    2ff0:	81 e0       	ldi	r24, 0x01	; 1
    2ff2:	90 e0       	ldi	r25, 0x00	; 0
    2ff4:	02 2e       	mov	r0, r18
    2ff6:	02 c0       	rjmp	.+4      	; 0x2ffc <MDIO_voidSetPinDirection+0xb2>
    2ff8:	88 0f       	add	r24, r24
    2ffa:	99 1f       	adc	r25, r25
    2ffc:	0a 94       	dec	r0
    2ffe:	e2 f7       	brpl	.-8      	; 0x2ff8 <MDIO_voidSetPinDirection+0xae>
    3000:	84 2b       	or	r24, r20
    3002:	8c 93       	st	X, r24
    3004:	bb c0       	rjmp	.+374    	; 0x317c <MDIO_voidSetPinDirection+0x232>
			case DIO_INPUT: CLEAR_BIT(DDRA_REG,A_DIOPIN);break;
    3006:	aa e3       	ldi	r26, 0x3A	; 58
    3008:	b0 e0       	ldi	r27, 0x00	; 0
    300a:	ea e3       	ldi	r30, 0x3A	; 58
    300c:	f0 e0       	ldi	r31, 0x00	; 0
    300e:	80 81       	ld	r24, Z
    3010:	48 2f       	mov	r20, r24
    3012:	8a 81       	ldd	r24, Y+2	; 0x02
    3014:	28 2f       	mov	r18, r24
    3016:	30 e0       	ldi	r19, 0x00	; 0
    3018:	81 e0       	ldi	r24, 0x01	; 1
    301a:	90 e0       	ldi	r25, 0x00	; 0
    301c:	02 2e       	mov	r0, r18
    301e:	02 c0       	rjmp	.+4      	; 0x3024 <MDIO_voidSetPinDirection+0xda>
    3020:	88 0f       	add	r24, r24
    3022:	99 1f       	adc	r25, r25
    3024:	0a 94       	dec	r0
    3026:	e2 f7       	brpl	.-8      	; 0x3020 <MDIO_voidSetPinDirection+0xd6>
    3028:	80 95       	com	r24
    302a:	84 23       	and	r24, r20
    302c:	8c 93       	st	X, r24
    302e:	a6 c0       	rjmp	.+332    	; 0x317c <MDIO_voidSetPinDirection+0x232>

			}
			break;
		case PORTB:
			switch(A_PINDIRECTION)
    3030:	8b 81       	ldd	r24, Y+3	; 0x03
    3032:	28 2f       	mov	r18, r24
    3034:	30 e0       	ldi	r19, 0x00	; 0
    3036:	39 87       	std	Y+9, r19	; 0x09
    3038:	28 87       	std	Y+8, r18	; 0x08
    303a:	88 85       	ldd	r24, Y+8	; 0x08
    303c:	99 85       	ldd	r25, Y+9	; 0x09
    303e:	00 97       	sbiw	r24, 0x00	; 0
    3040:	d1 f0       	breq	.+52     	; 0x3076 <MDIO_voidSetPinDirection+0x12c>
    3042:	28 85       	ldd	r18, Y+8	; 0x08
    3044:	39 85       	ldd	r19, Y+9	; 0x09
    3046:	21 30       	cpi	r18, 0x01	; 1
    3048:	31 05       	cpc	r19, r1
    304a:	09 f0       	breq	.+2      	; 0x304e <MDIO_voidSetPinDirection+0x104>
    304c:	97 c0       	rjmp	.+302    	; 0x317c <MDIO_voidSetPinDirection+0x232>
						{
						case DIO_OUTPUT: SET_BIT(DDRB_REG,A_DIOPIN);break;
    304e:	a7 e3       	ldi	r26, 0x37	; 55
    3050:	b0 e0       	ldi	r27, 0x00	; 0
    3052:	e7 e3       	ldi	r30, 0x37	; 55
    3054:	f0 e0       	ldi	r31, 0x00	; 0
    3056:	80 81       	ld	r24, Z
    3058:	48 2f       	mov	r20, r24
    305a:	8a 81       	ldd	r24, Y+2	; 0x02
    305c:	28 2f       	mov	r18, r24
    305e:	30 e0       	ldi	r19, 0x00	; 0
    3060:	81 e0       	ldi	r24, 0x01	; 1
    3062:	90 e0       	ldi	r25, 0x00	; 0
    3064:	02 2e       	mov	r0, r18
    3066:	02 c0       	rjmp	.+4      	; 0x306c <MDIO_voidSetPinDirection+0x122>
    3068:	88 0f       	add	r24, r24
    306a:	99 1f       	adc	r25, r25
    306c:	0a 94       	dec	r0
    306e:	e2 f7       	brpl	.-8      	; 0x3068 <MDIO_voidSetPinDirection+0x11e>
    3070:	84 2b       	or	r24, r20
    3072:	8c 93       	st	X, r24
    3074:	83 c0       	rjmp	.+262    	; 0x317c <MDIO_voidSetPinDirection+0x232>
						case DIO_INPUT: CLEAR_BIT(DDRB_REG,A_DIOPIN);break;
    3076:	a7 e3       	ldi	r26, 0x37	; 55
    3078:	b0 e0       	ldi	r27, 0x00	; 0
    307a:	e7 e3       	ldi	r30, 0x37	; 55
    307c:	f0 e0       	ldi	r31, 0x00	; 0
    307e:	80 81       	ld	r24, Z
    3080:	48 2f       	mov	r20, r24
    3082:	8a 81       	ldd	r24, Y+2	; 0x02
    3084:	28 2f       	mov	r18, r24
    3086:	30 e0       	ldi	r19, 0x00	; 0
    3088:	81 e0       	ldi	r24, 0x01	; 1
    308a:	90 e0       	ldi	r25, 0x00	; 0
    308c:	02 2e       	mov	r0, r18
    308e:	02 c0       	rjmp	.+4      	; 0x3094 <MDIO_voidSetPinDirection+0x14a>
    3090:	88 0f       	add	r24, r24
    3092:	99 1f       	adc	r25, r25
    3094:	0a 94       	dec	r0
    3096:	e2 f7       	brpl	.-8      	; 0x3090 <MDIO_voidSetPinDirection+0x146>
    3098:	80 95       	com	r24
    309a:	84 23       	and	r24, r20
    309c:	8c 93       	st	X, r24
    309e:	6e c0       	rjmp	.+220    	; 0x317c <MDIO_voidSetPinDirection+0x232>

						}
			break;
		case PORTC:
			switch(A_PINDIRECTION)
    30a0:	8b 81       	ldd	r24, Y+3	; 0x03
    30a2:	28 2f       	mov	r18, r24
    30a4:	30 e0       	ldi	r19, 0x00	; 0
    30a6:	3f 83       	std	Y+7, r19	; 0x07
    30a8:	2e 83       	std	Y+6, r18	; 0x06
    30aa:	8e 81       	ldd	r24, Y+6	; 0x06
    30ac:	9f 81       	ldd	r25, Y+7	; 0x07
    30ae:	00 97       	sbiw	r24, 0x00	; 0
    30b0:	d1 f0       	breq	.+52     	; 0x30e6 <MDIO_voidSetPinDirection+0x19c>
    30b2:	2e 81       	ldd	r18, Y+6	; 0x06
    30b4:	3f 81       	ldd	r19, Y+7	; 0x07
    30b6:	21 30       	cpi	r18, 0x01	; 1
    30b8:	31 05       	cpc	r19, r1
    30ba:	09 f0       	breq	.+2      	; 0x30be <MDIO_voidSetPinDirection+0x174>
    30bc:	5f c0       	rjmp	.+190    	; 0x317c <MDIO_voidSetPinDirection+0x232>
						{
						case DIO_OUTPUT: SET_BIT(DDRC_REG,A_DIOPIN);break;
    30be:	a4 e3       	ldi	r26, 0x34	; 52
    30c0:	b0 e0       	ldi	r27, 0x00	; 0
    30c2:	e4 e3       	ldi	r30, 0x34	; 52
    30c4:	f0 e0       	ldi	r31, 0x00	; 0
    30c6:	80 81       	ld	r24, Z
    30c8:	48 2f       	mov	r20, r24
    30ca:	8a 81       	ldd	r24, Y+2	; 0x02
    30cc:	28 2f       	mov	r18, r24
    30ce:	30 e0       	ldi	r19, 0x00	; 0
    30d0:	81 e0       	ldi	r24, 0x01	; 1
    30d2:	90 e0       	ldi	r25, 0x00	; 0
    30d4:	02 2e       	mov	r0, r18
    30d6:	02 c0       	rjmp	.+4      	; 0x30dc <MDIO_voidSetPinDirection+0x192>
    30d8:	88 0f       	add	r24, r24
    30da:	99 1f       	adc	r25, r25
    30dc:	0a 94       	dec	r0
    30de:	e2 f7       	brpl	.-8      	; 0x30d8 <MDIO_voidSetPinDirection+0x18e>
    30e0:	84 2b       	or	r24, r20
    30e2:	8c 93       	st	X, r24
    30e4:	4b c0       	rjmp	.+150    	; 0x317c <MDIO_voidSetPinDirection+0x232>
						case DIO_INPUT: CLEAR_BIT(DDRC_REG,A_DIOPIN);break;
    30e6:	a4 e3       	ldi	r26, 0x34	; 52
    30e8:	b0 e0       	ldi	r27, 0x00	; 0
    30ea:	e4 e3       	ldi	r30, 0x34	; 52
    30ec:	f0 e0       	ldi	r31, 0x00	; 0
    30ee:	80 81       	ld	r24, Z
    30f0:	48 2f       	mov	r20, r24
    30f2:	8a 81       	ldd	r24, Y+2	; 0x02
    30f4:	28 2f       	mov	r18, r24
    30f6:	30 e0       	ldi	r19, 0x00	; 0
    30f8:	81 e0       	ldi	r24, 0x01	; 1
    30fa:	90 e0       	ldi	r25, 0x00	; 0
    30fc:	02 2e       	mov	r0, r18
    30fe:	02 c0       	rjmp	.+4      	; 0x3104 <MDIO_voidSetPinDirection+0x1ba>
    3100:	88 0f       	add	r24, r24
    3102:	99 1f       	adc	r25, r25
    3104:	0a 94       	dec	r0
    3106:	e2 f7       	brpl	.-8      	; 0x3100 <MDIO_voidSetPinDirection+0x1b6>
    3108:	80 95       	com	r24
    310a:	84 23       	and	r24, r20
    310c:	8c 93       	st	X, r24
    310e:	36 c0       	rjmp	.+108    	; 0x317c <MDIO_voidSetPinDirection+0x232>

						}
			break;
		case PORTD:
			switch(A_PINDIRECTION)
    3110:	8b 81       	ldd	r24, Y+3	; 0x03
    3112:	28 2f       	mov	r18, r24
    3114:	30 e0       	ldi	r19, 0x00	; 0
    3116:	3d 83       	std	Y+5, r19	; 0x05
    3118:	2c 83       	std	Y+4, r18	; 0x04
    311a:	8c 81       	ldd	r24, Y+4	; 0x04
    311c:	9d 81       	ldd	r25, Y+5	; 0x05
    311e:	00 97       	sbiw	r24, 0x00	; 0
    3120:	c9 f0       	breq	.+50     	; 0x3154 <MDIO_voidSetPinDirection+0x20a>
    3122:	2c 81       	ldd	r18, Y+4	; 0x04
    3124:	3d 81       	ldd	r19, Y+5	; 0x05
    3126:	21 30       	cpi	r18, 0x01	; 1
    3128:	31 05       	cpc	r19, r1
    312a:	41 f5       	brne	.+80     	; 0x317c <MDIO_voidSetPinDirection+0x232>
						{
						case DIO_OUTPUT: SET_BIT(DDRD_REG,A_DIOPIN);break;
    312c:	a1 e3       	ldi	r26, 0x31	; 49
    312e:	b0 e0       	ldi	r27, 0x00	; 0
    3130:	e1 e3       	ldi	r30, 0x31	; 49
    3132:	f0 e0       	ldi	r31, 0x00	; 0
    3134:	80 81       	ld	r24, Z
    3136:	48 2f       	mov	r20, r24
    3138:	8a 81       	ldd	r24, Y+2	; 0x02
    313a:	28 2f       	mov	r18, r24
    313c:	30 e0       	ldi	r19, 0x00	; 0
    313e:	81 e0       	ldi	r24, 0x01	; 1
    3140:	90 e0       	ldi	r25, 0x00	; 0
    3142:	02 2e       	mov	r0, r18
    3144:	02 c0       	rjmp	.+4      	; 0x314a <MDIO_voidSetPinDirection+0x200>
    3146:	88 0f       	add	r24, r24
    3148:	99 1f       	adc	r25, r25
    314a:	0a 94       	dec	r0
    314c:	e2 f7       	brpl	.-8      	; 0x3146 <MDIO_voidSetPinDirection+0x1fc>
    314e:	84 2b       	or	r24, r20
    3150:	8c 93       	st	X, r24
    3152:	14 c0       	rjmp	.+40     	; 0x317c <MDIO_voidSetPinDirection+0x232>
						case DIO_INPUT: CLEAR_BIT(DDRD_REG,A_DIOPIN);break;
    3154:	a1 e3       	ldi	r26, 0x31	; 49
    3156:	b0 e0       	ldi	r27, 0x00	; 0
    3158:	e1 e3       	ldi	r30, 0x31	; 49
    315a:	f0 e0       	ldi	r31, 0x00	; 0
    315c:	80 81       	ld	r24, Z
    315e:	48 2f       	mov	r20, r24
    3160:	8a 81       	ldd	r24, Y+2	; 0x02
    3162:	28 2f       	mov	r18, r24
    3164:	30 e0       	ldi	r19, 0x00	; 0
    3166:	81 e0       	ldi	r24, 0x01	; 1
    3168:	90 e0       	ldi	r25, 0x00	; 0
    316a:	02 2e       	mov	r0, r18
    316c:	02 c0       	rjmp	.+4      	; 0x3172 <MDIO_voidSetPinDirection+0x228>
    316e:	88 0f       	add	r24, r24
    3170:	99 1f       	adc	r25, r25
    3172:	0a 94       	dec	r0
    3174:	e2 f7       	brpl	.-8      	; 0x316e <MDIO_voidSetPinDirection+0x224>
    3176:	80 95       	com	r24
    3178:	84 23       	and	r24, r20
    317a:	8c 93       	st	X, r24
			break;
			default:break;

		}
	}
}
    317c:	2d 96       	adiw	r28, 0x0d	; 13
    317e:	0f b6       	in	r0, 0x3f	; 63
    3180:	f8 94       	cli
    3182:	de bf       	out	0x3e, r29	; 62
    3184:	0f be       	out	0x3f, r0	; 63
    3186:	cd bf       	out	0x3d, r28	; 61
    3188:	cf 91       	pop	r28
    318a:	df 91       	pop	r29
    318c:	08 95       	ret

0000318e <MDIO_voidSetPinValue>:


void MDIO_voidSetPinValue(DIO_PORTS A_DIOPORT,DIO_PINS A_DIOPIN,PIN_VALUE  A_PINVALUE)
{
    318e:	df 93       	push	r29
    3190:	cf 93       	push	r28
    3192:	cd b7       	in	r28, 0x3d	; 61
    3194:	de b7       	in	r29, 0x3e	; 62
    3196:	2d 97       	sbiw	r28, 0x0d	; 13
    3198:	0f b6       	in	r0, 0x3f	; 63
    319a:	f8 94       	cli
    319c:	de bf       	out	0x3e, r29	; 62
    319e:	0f be       	out	0x3f, r0	; 63
    31a0:	cd bf       	out	0x3d, r28	; 61
    31a2:	89 83       	std	Y+1, r24	; 0x01
    31a4:	6a 83       	std	Y+2, r22	; 0x02
    31a6:	4b 83       	std	Y+3, r20	; 0x03
	if((A_DIOPORT<= PORTD) && (A_DIOPIN<=PIN7 )&& (A_PINVALUE <= DIO_HIGH ))
    31a8:	89 81       	ldd	r24, Y+1	; 0x01
    31aa:	84 30       	cpi	r24, 0x04	; 4
    31ac:	08 f0       	brcs	.+2      	; 0x31b0 <MDIO_voidSetPinValue+0x22>
    31ae:	08 c1       	rjmp	.+528    	; 0x33c0 <MDIO_voidSetPinValue+0x232>
    31b0:	8a 81       	ldd	r24, Y+2	; 0x02
    31b2:	88 30       	cpi	r24, 0x08	; 8
    31b4:	08 f0       	brcs	.+2      	; 0x31b8 <MDIO_voidSetPinValue+0x2a>
    31b6:	04 c1       	rjmp	.+520    	; 0x33c0 <MDIO_voidSetPinValue+0x232>
    31b8:	8b 81       	ldd	r24, Y+3	; 0x03
    31ba:	82 30       	cpi	r24, 0x02	; 2
    31bc:	08 f0       	brcs	.+2      	; 0x31c0 <MDIO_voidSetPinValue+0x32>
    31be:	00 c1       	rjmp	.+512    	; 0x33c0 <MDIO_voidSetPinValue+0x232>
	{
		switch(A_DIOPORT)
    31c0:	89 81       	ldd	r24, Y+1	; 0x01
    31c2:	28 2f       	mov	r18, r24
    31c4:	30 e0       	ldi	r19, 0x00	; 0
    31c6:	3d 87       	std	Y+13, r19	; 0x0d
    31c8:	2c 87       	std	Y+12, r18	; 0x0c
    31ca:	8c 85       	ldd	r24, Y+12	; 0x0c
    31cc:	9d 85       	ldd	r25, Y+13	; 0x0d
    31ce:	81 30       	cpi	r24, 0x01	; 1
    31d0:	91 05       	cpc	r25, r1
    31d2:	09 f4       	brne	.+2      	; 0x31d6 <MDIO_voidSetPinValue+0x48>
    31d4:	4f c0       	rjmp	.+158    	; 0x3274 <MDIO_voidSetPinValue+0xe6>
    31d6:	2c 85       	ldd	r18, Y+12	; 0x0c
    31d8:	3d 85       	ldd	r19, Y+13	; 0x0d
    31da:	22 30       	cpi	r18, 0x02	; 2
    31dc:	31 05       	cpc	r19, r1
    31de:	2c f4       	brge	.+10     	; 0x31ea <MDIO_voidSetPinValue+0x5c>
    31e0:	8c 85       	ldd	r24, Y+12	; 0x0c
    31e2:	9d 85       	ldd	r25, Y+13	; 0x0d
    31e4:	00 97       	sbiw	r24, 0x00	; 0
    31e6:	71 f0       	breq	.+28     	; 0x3204 <MDIO_voidSetPinValue+0x76>
    31e8:	eb c0       	rjmp	.+470    	; 0x33c0 <MDIO_voidSetPinValue+0x232>
    31ea:	2c 85       	ldd	r18, Y+12	; 0x0c
    31ec:	3d 85       	ldd	r19, Y+13	; 0x0d
    31ee:	22 30       	cpi	r18, 0x02	; 2
    31f0:	31 05       	cpc	r19, r1
    31f2:	09 f4       	brne	.+2      	; 0x31f6 <MDIO_voidSetPinValue+0x68>
    31f4:	77 c0       	rjmp	.+238    	; 0x32e4 <MDIO_voidSetPinValue+0x156>
    31f6:	8c 85       	ldd	r24, Y+12	; 0x0c
    31f8:	9d 85       	ldd	r25, Y+13	; 0x0d
    31fa:	83 30       	cpi	r24, 0x03	; 3
    31fc:	91 05       	cpc	r25, r1
    31fe:	09 f4       	brne	.+2      	; 0x3202 <MDIO_voidSetPinValue+0x74>
    3200:	a9 c0       	rjmp	.+338    	; 0x3354 <MDIO_voidSetPinValue+0x1c6>
    3202:	de c0       	rjmp	.+444    	; 0x33c0 <MDIO_voidSetPinValue+0x232>
		{
		case PORTA:
			switch(A_PINVALUE)
    3204:	8b 81       	ldd	r24, Y+3	; 0x03
    3206:	28 2f       	mov	r18, r24
    3208:	30 e0       	ldi	r19, 0x00	; 0
    320a:	3b 87       	std	Y+11, r19	; 0x0b
    320c:	2a 87       	std	Y+10, r18	; 0x0a
    320e:	8a 85       	ldd	r24, Y+10	; 0x0a
    3210:	9b 85       	ldd	r25, Y+11	; 0x0b
    3212:	00 97       	sbiw	r24, 0x00	; 0
    3214:	d1 f0       	breq	.+52     	; 0x324a <MDIO_voidSetPinValue+0xbc>
    3216:	2a 85       	ldd	r18, Y+10	; 0x0a
    3218:	3b 85       	ldd	r19, Y+11	; 0x0b
    321a:	21 30       	cpi	r18, 0x01	; 1
    321c:	31 05       	cpc	r19, r1
    321e:	09 f0       	breq	.+2      	; 0x3222 <MDIO_voidSetPinValue+0x94>
    3220:	cf c0       	rjmp	.+414    	; 0x33c0 <MDIO_voidSetPinValue+0x232>
			{
			case DIO_HIGH: SET_BIT(PORTA_REG,A_DIOPIN);break;
    3222:	ab e3       	ldi	r26, 0x3B	; 59
    3224:	b0 e0       	ldi	r27, 0x00	; 0
    3226:	eb e3       	ldi	r30, 0x3B	; 59
    3228:	f0 e0       	ldi	r31, 0x00	; 0
    322a:	80 81       	ld	r24, Z
    322c:	48 2f       	mov	r20, r24
    322e:	8a 81       	ldd	r24, Y+2	; 0x02
    3230:	28 2f       	mov	r18, r24
    3232:	30 e0       	ldi	r19, 0x00	; 0
    3234:	81 e0       	ldi	r24, 0x01	; 1
    3236:	90 e0       	ldi	r25, 0x00	; 0
    3238:	02 2e       	mov	r0, r18
    323a:	02 c0       	rjmp	.+4      	; 0x3240 <MDIO_voidSetPinValue+0xb2>
    323c:	88 0f       	add	r24, r24
    323e:	99 1f       	adc	r25, r25
    3240:	0a 94       	dec	r0
    3242:	e2 f7       	brpl	.-8      	; 0x323c <MDIO_voidSetPinValue+0xae>
    3244:	84 2b       	or	r24, r20
    3246:	8c 93       	st	X, r24
    3248:	bb c0       	rjmp	.+374    	; 0x33c0 <MDIO_voidSetPinValue+0x232>
			case DIO_LOW: CLEAR_BIT(PORTA_REG,A_DIOPIN);break;
    324a:	ab e3       	ldi	r26, 0x3B	; 59
    324c:	b0 e0       	ldi	r27, 0x00	; 0
    324e:	eb e3       	ldi	r30, 0x3B	; 59
    3250:	f0 e0       	ldi	r31, 0x00	; 0
    3252:	80 81       	ld	r24, Z
    3254:	48 2f       	mov	r20, r24
    3256:	8a 81       	ldd	r24, Y+2	; 0x02
    3258:	28 2f       	mov	r18, r24
    325a:	30 e0       	ldi	r19, 0x00	; 0
    325c:	81 e0       	ldi	r24, 0x01	; 1
    325e:	90 e0       	ldi	r25, 0x00	; 0
    3260:	02 2e       	mov	r0, r18
    3262:	02 c0       	rjmp	.+4      	; 0x3268 <MDIO_voidSetPinValue+0xda>
    3264:	88 0f       	add	r24, r24
    3266:	99 1f       	adc	r25, r25
    3268:	0a 94       	dec	r0
    326a:	e2 f7       	brpl	.-8      	; 0x3264 <MDIO_voidSetPinValue+0xd6>
    326c:	80 95       	com	r24
    326e:	84 23       	and	r24, r20
    3270:	8c 93       	st	X, r24
    3272:	a6 c0       	rjmp	.+332    	; 0x33c0 <MDIO_voidSetPinValue+0x232>

			}
			break;
		case PORTB:
			switch(A_PINVALUE)
    3274:	8b 81       	ldd	r24, Y+3	; 0x03
    3276:	28 2f       	mov	r18, r24
    3278:	30 e0       	ldi	r19, 0x00	; 0
    327a:	39 87       	std	Y+9, r19	; 0x09
    327c:	28 87       	std	Y+8, r18	; 0x08
    327e:	88 85       	ldd	r24, Y+8	; 0x08
    3280:	99 85       	ldd	r25, Y+9	; 0x09
    3282:	00 97       	sbiw	r24, 0x00	; 0
    3284:	d1 f0       	breq	.+52     	; 0x32ba <MDIO_voidSetPinValue+0x12c>
    3286:	28 85       	ldd	r18, Y+8	; 0x08
    3288:	39 85       	ldd	r19, Y+9	; 0x09
    328a:	21 30       	cpi	r18, 0x01	; 1
    328c:	31 05       	cpc	r19, r1
    328e:	09 f0       	breq	.+2      	; 0x3292 <MDIO_voidSetPinValue+0x104>
    3290:	97 c0       	rjmp	.+302    	; 0x33c0 <MDIO_voidSetPinValue+0x232>
						{
			case DIO_HIGH:SET_BIT(PORTB_REG,A_DIOPIN);break;
    3292:	a8 e3       	ldi	r26, 0x38	; 56
    3294:	b0 e0       	ldi	r27, 0x00	; 0
    3296:	e8 e3       	ldi	r30, 0x38	; 56
    3298:	f0 e0       	ldi	r31, 0x00	; 0
    329a:	80 81       	ld	r24, Z
    329c:	48 2f       	mov	r20, r24
    329e:	8a 81       	ldd	r24, Y+2	; 0x02
    32a0:	28 2f       	mov	r18, r24
    32a2:	30 e0       	ldi	r19, 0x00	; 0
    32a4:	81 e0       	ldi	r24, 0x01	; 1
    32a6:	90 e0       	ldi	r25, 0x00	; 0
    32a8:	02 2e       	mov	r0, r18
    32aa:	02 c0       	rjmp	.+4      	; 0x32b0 <MDIO_voidSetPinValue+0x122>
    32ac:	88 0f       	add	r24, r24
    32ae:	99 1f       	adc	r25, r25
    32b0:	0a 94       	dec	r0
    32b2:	e2 f7       	brpl	.-8      	; 0x32ac <MDIO_voidSetPinValue+0x11e>
    32b4:	84 2b       	or	r24, r20
    32b6:	8c 93       	st	X, r24
    32b8:	83 c0       	rjmp	.+262    	; 0x33c0 <MDIO_voidSetPinValue+0x232>
			case DIO_LOW: CLEAR_BIT(PORTB_REG,A_DIOPIN);break;
    32ba:	a8 e3       	ldi	r26, 0x38	; 56
    32bc:	b0 e0       	ldi	r27, 0x00	; 0
    32be:	e8 e3       	ldi	r30, 0x38	; 56
    32c0:	f0 e0       	ldi	r31, 0x00	; 0
    32c2:	80 81       	ld	r24, Z
    32c4:	48 2f       	mov	r20, r24
    32c6:	8a 81       	ldd	r24, Y+2	; 0x02
    32c8:	28 2f       	mov	r18, r24
    32ca:	30 e0       	ldi	r19, 0x00	; 0
    32cc:	81 e0       	ldi	r24, 0x01	; 1
    32ce:	90 e0       	ldi	r25, 0x00	; 0
    32d0:	02 2e       	mov	r0, r18
    32d2:	02 c0       	rjmp	.+4      	; 0x32d8 <MDIO_voidSetPinValue+0x14a>
    32d4:	88 0f       	add	r24, r24
    32d6:	99 1f       	adc	r25, r25
    32d8:	0a 94       	dec	r0
    32da:	e2 f7       	brpl	.-8      	; 0x32d4 <MDIO_voidSetPinValue+0x146>
    32dc:	80 95       	com	r24
    32de:	84 23       	and	r24, r20
    32e0:	8c 93       	st	X, r24
    32e2:	6e c0       	rjmp	.+220    	; 0x33c0 <MDIO_voidSetPinValue+0x232>

						}
			break;
		case PORTC:
			switch(A_PINVALUE)
    32e4:	8b 81       	ldd	r24, Y+3	; 0x03
    32e6:	28 2f       	mov	r18, r24
    32e8:	30 e0       	ldi	r19, 0x00	; 0
    32ea:	3f 83       	std	Y+7, r19	; 0x07
    32ec:	2e 83       	std	Y+6, r18	; 0x06
    32ee:	8e 81       	ldd	r24, Y+6	; 0x06
    32f0:	9f 81       	ldd	r25, Y+7	; 0x07
    32f2:	00 97       	sbiw	r24, 0x00	; 0
    32f4:	d1 f0       	breq	.+52     	; 0x332a <MDIO_voidSetPinValue+0x19c>
    32f6:	2e 81       	ldd	r18, Y+6	; 0x06
    32f8:	3f 81       	ldd	r19, Y+7	; 0x07
    32fa:	21 30       	cpi	r18, 0x01	; 1
    32fc:	31 05       	cpc	r19, r1
    32fe:	09 f0       	breq	.+2      	; 0x3302 <MDIO_voidSetPinValue+0x174>
    3300:	5f c0       	rjmp	.+190    	; 0x33c0 <MDIO_voidSetPinValue+0x232>
						{
			case DIO_HIGH: SET_BIT(PORTC_REG,A_DIOPIN);break;
    3302:	a5 e3       	ldi	r26, 0x35	; 53
    3304:	b0 e0       	ldi	r27, 0x00	; 0
    3306:	e5 e3       	ldi	r30, 0x35	; 53
    3308:	f0 e0       	ldi	r31, 0x00	; 0
    330a:	80 81       	ld	r24, Z
    330c:	48 2f       	mov	r20, r24
    330e:	8a 81       	ldd	r24, Y+2	; 0x02
    3310:	28 2f       	mov	r18, r24
    3312:	30 e0       	ldi	r19, 0x00	; 0
    3314:	81 e0       	ldi	r24, 0x01	; 1
    3316:	90 e0       	ldi	r25, 0x00	; 0
    3318:	02 2e       	mov	r0, r18
    331a:	02 c0       	rjmp	.+4      	; 0x3320 <MDIO_voidSetPinValue+0x192>
    331c:	88 0f       	add	r24, r24
    331e:	99 1f       	adc	r25, r25
    3320:	0a 94       	dec	r0
    3322:	e2 f7       	brpl	.-8      	; 0x331c <MDIO_voidSetPinValue+0x18e>
    3324:	84 2b       	or	r24, r20
    3326:	8c 93       	st	X, r24
    3328:	4b c0       	rjmp	.+150    	; 0x33c0 <MDIO_voidSetPinValue+0x232>
			case DIO_LOW: CLEAR_BIT(PORTC_REG,A_DIOPIN);break;
    332a:	a5 e3       	ldi	r26, 0x35	; 53
    332c:	b0 e0       	ldi	r27, 0x00	; 0
    332e:	e5 e3       	ldi	r30, 0x35	; 53
    3330:	f0 e0       	ldi	r31, 0x00	; 0
    3332:	80 81       	ld	r24, Z
    3334:	48 2f       	mov	r20, r24
    3336:	8a 81       	ldd	r24, Y+2	; 0x02
    3338:	28 2f       	mov	r18, r24
    333a:	30 e0       	ldi	r19, 0x00	; 0
    333c:	81 e0       	ldi	r24, 0x01	; 1
    333e:	90 e0       	ldi	r25, 0x00	; 0
    3340:	02 2e       	mov	r0, r18
    3342:	02 c0       	rjmp	.+4      	; 0x3348 <MDIO_voidSetPinValue+0x1ba>
    3344:	88 0f       	add	r24, r24
    3346:	99 1f       	adc	r25, r25
    3348:	0a 94       	dec	r0
    334a:	e2 f7       	brpl	.-8      	; 0x3344 <MDIO_voidSetPinValue+0x1b6>
    334c:	80 95       	com	r24
    334e:	84 23       	and	r24, r20
    3350:	8c 93       	st	X, r24
    3352:	36 c0       	rjmp	.+108    	; 0x33c0 <MDIO_voidSetPinValue+0x232>

						}
			break;
		case PORTD:
			switch(A_PINVALUE)
    3354:	8b 81       	ldd	r24, Y+3	; 0x03
    3356:	28 2f       	mov	r18, r24
    3358:	30 e0       	ldi	r19, 0x00	; 0
    335a:	3d 83       	std	Y+5, r19	; 0x05
    335c:	2c 83       	std	Y+4, r18	; 0x04
    335e:	8c 81       	ldd	r24, Y+4	; 0x04
    3360:	9d 81       	ldd	r25, Y+5	; 0x05
    3362:	00 97       	sbiw	r24, 0x00	; 0
    3364:	c9 f0       	breq	.+50     	; 0x3398 <MDIO_voidSetPinValue+0x20a>
    3366:	2c 81       	ldd	r18, Y+4	; 0x04
    3368:	3d 81       	ldd	r19, Y+5	; 0x05
    336a:	21 30       	cpi	r18, 0x01	; 1
    336c:	31 05       	cpc	r19, r1
    336e:	41 f5       	brne	.+80     	; 0x33c0 <MDIO_voidSetPinValue+0x232>
						{
			case DIO_HIGH: SET_BIT(PORTD_REG,A_DIOPIN);break;
    3370:	a2 e3       	ldi	r26, 0x32	; 50
    3372:	b0 e0       	ldi	r27, 0x00	; 0
    3374:	e2 e3       	ldi	r30, 0x32	; 50
    3376:	f0 e0       	ldi	r31, 0x00	; 0
    3378:	80 81       	ld	r24, Z
    337a:	48 2f       	mov	r20, r24
    337c:	8a 81       	ldd	r24, Y+2	; 0x02
    337e:	28 2f       	mov	r18, r24
    3380:	30 e0       	ldi	r19, 0x00	; 0
    3382:	81 e0       	ldi	r24, 0x01	; 1
    3384:	90 e0       	ldi	r25, 0x00	; 0
    3386:	02 2e       	mov	r0, r18
    3388:	02 c0       	rjmp	.+4      	; 0x338e <MDIO_voidSetPinValue+0x200>
    338a:	88 0f       	add	r24, r24
    338c:	99 1f       	adc	r25, r25
    338e:	0a 94       	dec	r0
    3390:	e2 f7       	brpl	.-8      	; 0x338a <MDIO_voidSetPinValue+0x1fc>
    3392:	84 2b       	or	r24, r20
    3394:	8c 93       	st	X, r24
    3396:	14 c0       	rjmp	.+40     	; 0x33c0 <MDIO_voidSetPinValue+0x232>
			case DIO_LOW: CLEAR_BIT(PORTD_REG,A_DIOPIN);break;
    3398:	a2 e3       	ldi	r26, 0x32	; 50
    339a:	b0 e0       	ldi	r27, 0x00	; 0
    339c:	e2 e3       	ldi	r30, 0x32	; 50
    339e:	f0 e0       	ldi	r31, 0x00	; 0
    33a0:	80 81       	ld	r24, Z
    33a2:	48 2f       	mov	r20, r24
    33a4:	8a 81       	ldd	r24, Y+2	; 0x02
    33a6:	28 2f       	mov	r18, r24
    33a8:	30 e0       	ldi	r19, 0x00	; 0
    33aa:	81 e0       	ldi	r24, 0x01	; 1
    33ac:	90 e0       	ldi	r25, 0x00	; 0
    33ae:	02 2e       	mov	r0, r18
    33b0:	02 c0       	rjmp	.+4      	; 0x33b6 <MDIO_voidSetPinValue+0x228>
    33b2:	88 0f       	add	r24, r24
    33b4:	99 1f       	adc	r25, r25
    33b6:	0a 94       	dec	r0
    33b8:	e2 f7       	brpl	.-8      	; 0x33b2 <MDIO_voidSetPinValue+0x224>
    33ba:	80 95       	com	r24
    33bc:	84 23       	and	r24, r20
    33be:	8c 93       	st	X, r24
						}
			break;
			default:break;
		}
	}
}
    33c0:	2d 96       	adiw	r28, 0x0d	; 13
    33c2:	0f b6       	in	r0, 0x3f	; 63
    33c4:	f8 94       	cli
    33c6:	de bf       	out	0x3e, r29	; 62
    33c8:	0f be       	out	0x3f, r0	; 63
    33ca:	cd bf       	out	0x3d, r28	; 61
    33cc:	cf 91       	pop	r28
    33ce:	df 91       	pop	r29
    33d0:	08 95       	ret

000033d2 <MDIO_voidTogglePinValue>:

void MDIO_voidTogglePinValue (DIO_PORTS A_DIOPORT,DIO_PINS A_DIOPIN)
{
    33d2:	df 93       	push	r29
    33d4:	cf 93       	push	r28
    33d6:	00 d0       	rcall	.+0      	; 0x33d8 <MDIO_voidTogglePinValue+0x6>
    33d8:	00 d0       	rcall	.+0      	; 0x33da <MDIO_voidTogglePinValue+0x8>
    33da:	cd b7       	in	r28, 0x3d	; 61
    33dc:	de b7       	in	r29, 0x3e	; 62
    33de:	89 83       	std	Y+1, r24	; 0x01
    33e0:	6a 83       	std	Y+2, r22	; 0x02

	if((A_DIOPORT<= PORTD) && (A_DIOPIN<=PIN7 ))
    33e2:	89 81       	ldd	r24, Y+1	; 0x01
    33e4:	84 30       	cpi	r24, 0x04	; 4
    33e6:	08 f0       	brcs	.+2      	; 0x33ea <MDIO_voidTogglePinValue+0x18>
    33e8:	72 c0       	rjmp	.+228    	; 0x34ce <MDIO_voidTogglePinValue+0xfc>
    33ea:	8a 81       	ldd	r24, Y+2	; 0x02
    33ec:	88 30       	cpi	r24, 0x08	; 8
    33ee:	08 f0       	brcs	.+2      	; 0x33f2 <MDIO_voidTogglePinValue+0x20>
    33f0:	6e c0       	rjmp	.+220    	; 0x34ce <MDIO_voidTogglePinValue+0xfc>
	{
		switch(A_DIOPORT)
    33f2:	89 81       	ldd	r24, Y+1	; 0x01
    33f4:	28 2f       	mov	r18, r24
    33f6:	30 e0       	ldi	r19, 0x00	; 0
    33f8:	3c 83       	std	Y+4, r19	; 0x04
    33fa:	2b 83       	std	Y+3, r18	; 0x03
    33fc:	8b 81       	ldd	r24, Y+3	; 0x03
    33fe:	9c 81       	ldd	r25, Y+4	; 0x04
    3400:	81 30       	cpi	r24, 0x01	; 1
    3402:	91 05       	cpc	r25, r1
    3404:	49 f1       	breq	.+82     	; 0x3458 <MDIO_voidTogglePinValue+0x86>
    3406:	2b 81       	ldd	r18, Y+3	; 0x03
    3408:	3c 81       	ldd	r19, Y+4	; 0x04
    340a:	22 30       	cpi	r18, 0x02	; 2
    340c:	31 05       	cpc	r19, r1
    340e:	2c f4       	brge	.+10     	; 0x341a <MDIO_voidTogglePinValue+0x48>
    3410:	8b 81       	ldd	r24, Y+3	; 0x03
    3412:	9c 81       	ldd	r25, Y+4	; 0x04
    3414:	00 97       	sbiw	r24, 0x00	; 0
    3416:	61 f0       	breq	.+24     	; 0x3430 <MDIO_voidTogglePinValue+0x5e>
    3418:	5a c0       	rjmp	.+180    	; 0x34ce <MDIO_voidTogglePinValue+0xfc>
    341a:	2b 81       	ldd	r18, Y+3	; 0x03
    341c:	3c 81       	ldd	r19, Y+4	; 0x04
    341e:	22 30       	cpi	r18, 0x02	; 2
    3420:	31 05       	cpc	r19, r1
    3422:	71 f1       	breq	.+92     	; 0x3480 <MDIO_voidTogglePinValue+0xae>
    3424:	8b 81       	ldd	r24, Y+3	; 0x03
    3426:	9c 81       	ldd	r25, Y+4	; 0x04
    3428:	83 30       	cpi	r24, 0x03	; 3
    342a:	91 05       	cpc	r25, r1
    342c:	e9 f1       	breq	.+122    	; 0x34a8 <MDIO_voidTogglePinValue+0xd6>
    342e:	4f c0       	rjmp	.+158    	; 0x34ce <MDIO_voidTogglePinValue+0xfc>
		{

		case PORTA:
			TOGGLE_BIT(PORTA_REG,A_DIOPIN);
    3430:	ab e3       	ldi	r26, 0x3B	; 59
    3432:	b0 e0       	ldi	r27, 0x00	; 0
    3434:	eb e3       	ldi	r30, 0x3B	; 59
    3436:	f0 e0       	ldi	r31, 0x00	; 0
    3438:	80 81       	ld	r24, Z
    343a:	48 2f       	mov	r20, r24
    343c:	8a 81       	ldd	r24, Y+2	; 0x02
    343e:	28 2f       	mov	r18, r24
    3440:	30 e0       	ldi	r19, 0x00	; 0
    3442:	81 e0       	ldi	r24, 0x01	; 1
    3444:	90 e0       	ldi	r25, 0x00	; 0
    3446:	02 2e       	mov	r0, r18
    3448:	02 c0       	rjmp	.+4      	; 0x344e <MDIO_voidTogglePinValue+0x7c>
    344a:	88 0f       	add	r24, r24
    344c:	99 1f       	adc	r25, r25
    344e:	0a 94       	dec	r0
    3450:	e2 f7       	brpl	.-8      	; 0x344a <MDIO_voidTogglePinValue+0x78>
    3452:	84 27       	eor	r24, r20
    3454:	8c 93       	st	X, r24
    3456:	3b c0       	rjmp	.+118    	; 0x34ce <MDIO_voidTogglePinValue+0xfc>
			break;

		case PORTB:
			TOGGLE_BIT(PORTB_REG,A_DIOPIN);
    3458:	a8 e3       	ldi	r26, 0x38	; 56
    345a:	b0 e0       	ldi	r27, 0x00	; 0
    345c:	e8 e3       	ldi	r30, 0x38	; 56
    345e:	f0 e0       	ldi	r31, 0x00	; 0
    3460:	80 81       	ld	r24, Z
    3462:	48 2f       	mov	r20, r24
    3464:	8a 81       	ldd	r24, Y+2	; 0x02
    3466:	28 2f       	mov	r18, r24
    3468:	30 e0       	ldi	r19, 0x00	; 0
    346a:	81 e0       	ldi	r24, 0x01	; 1
    346c:	90 e0       	ldi	r25, 0x00	; 0
    346e:	02 2e       	mov	r0, r18
    3470:	02 c0       	rjmp	.+4      	; 0x3476 <MDIO_voidTogglePinValue+0xa4>
    3472:	88 0f       	add	r24, r24
    3474:	99 1f       	adc	r25, r25
    3476:	0a 94       	dec	r0
    3478:	e2 f7       	brpl	.-8      	; 0x3472 <MDIO_voidTogglePinValue+0xa0>
    347a:	84 27       	eor	r24, r20
    347c:	8c 93       	st	X, r24
    347e:	27 c0       	rjmp	.+78     	; 0x34ce <MDIO_voidTogglePinValue+0xfc>
			break;

		case PORTC:
			TOGGLE_BIT(PORTC_REG,A_DIOPIN);
    3480:	a5 e3       	ldi	r26, 0x35	; 53
    3482:	b0 e0       	ldi	r27, 0x00	; 0
    3484:	e5 e3       	ldi	r30, 0x35	; 53
    3486:	f0 e0       	ldi	r31, 0x00	; 0
    3488:	80 81       	ld	r24, Z
    348a:	48 2f       	mov	r20, r24
    348c:	8a 81       	ldd	r24, Y+2	; 0x02
    348e:	28 2f       	mov	r18, r24
    3490:	30 e0       	ldi	r19, 0x00	; 0
    3492:	81 e0       	ldi	r24, 0x01	; 1
    3494:	90 e0       	ldi	r25, 0x00	; 0
    3496:	02 2e       	mov	r0, r18
    3498:	02 c0       	rjmp	.+4      	; 0x349e <MDIO_voidTogglePinValue+0xcc>
    349a:	88 0f       	add	r24, r24
    349c:	99 1f       	adc	r25, r25
    349e:	0a 94       	dec	r0
    34a0:	e2 f7       	brpl	.-8      	; 0x349a <MDIO_voidTogglePinValue+0xc8>
    34a2:	84 27       	eor	r24, r20
    34a4:	8c 93       	st	X, r24
    34a6:	13 c0       	rjmp	.+38     	; 0x34ce <MDIO_voidTogglePinValue+0xfc>
			break;

		case PORTD:
			TOGGLE_BIT(PORTD_REG,A_DIOPIN);
    34a8:	a2 e3       	ldi	r26, 0x32	; 50
    34aa:	b0 e0       	ldi	r27, 0x00	; 0
    34ac:	e2 e3       	ldi	r30, 0x32	; 50
    34ae:	f0 e0       	ldi	r31, 0x00	; 0
    34b0:	80 81       	ld	r24, Z
    34b2:	48 2f       	mov	r20, r24
    34b4:	8a 81       	ldd	r24, Y+2	; 0x02
    34b6:	28 2f       	mov	r18, r24
    34b8:	30 e0       	ldi	r19, 0x00	; 0
    34ba:	81 e0       	ldi	r24, 0x01	; 1
    34bc:	90 e0       	ldi	r25, 0x00	; 0
    34be:	02 2e       	mov	r0, r18
    34c0:	02 c0       	rjmp	.+4      	; 0x34c6 <MDIO_voidTogglePinValue+0xf4>
    34c2:	88 0f       	add	r24, r24
    34c4:	99 1f       	adc	r25, r25
    34c6:	0a 94       	dec	r0
    34c8:	e2 f7       	brpl	.-8      	; 0x34c2 <MDIO_voidTogglePinValue+0xf0>
    34ca:	84 27       	eor	r24, r20
    34cc:	8c 93       	st	X, r24
			break;
		default:break;
		}
	}
}
    34ce:	0f 90       	pop	r0
    34d0:	0f 90       	pop	r0
    34d2:	0f 90       	pop	r0
    34d4:	0f 90       	pop	r0
    34d6:	cf 91       	pop	r28
    34d8:	df 91       	pop	r29
    34da:	08 95       	ret

000034dc <MDIO_voidTogglePinDirection>:

void MDIO_voidTogglePinDirection (DIO_PORTS A_DIOPORT,DIO_PINS A_DIOPIN)
{
    34dc:	df 93       	push	r29
    34de:	cf 93       	push	r28
    34e0:	00 d0       	rcall	.+0      	; 0x34e2 <MDIO_voidTogglePinDirection+0x6>
    34e2:	00 d0       	rcall	.+0      	; 0x34e4 <MDIO_voidTogglePinDirection+0x8>
    34e4:	cd b7       	in	r28, 0x3d	; 61
    34e6:	de b7       	in	r29, 0x3e	; 62
    34e8:	89 83       	std	Y+1, r24	; 0x01
    34ea:	6a 83       	std	Y+2, r22	; 0x02

	if((A_DIOPORT<= PORTD) && (A_DIOPIN<=PIN7 ))
    34ec:	89 81       	ldd	r24, Y+1	; 0x01
    34ee:	84 30       	cpi	r24, 0x04	; 4
    34f0:	08 f0       	brcs	.+2      	; 0x34f4 <MDIO_voidTogglePinDirection+0x18>
    34f2:	72 c0       	rjmp	.+228    	; 0x35d8 <MDIO_voidTogglePinDirection+0xfc>
    34f4:	8a 81       	ldd	r24, Y+2	; 0x02
    34f6:	88 30       	cpi	r24, 0x08	; 8
    34f8:	08 f0       	brcs	.+2      	; 0x34fc <MDIO_voidTogglePinDirection+0x20>
    34fa:	6e c0       	rjmp	.+220    	; 0x35d8 <MDIO_voidTogglePinDirection+0xfc>
	{
		switch(A_DIOPORT)
    34fc:	89 81       	ldd	r24, Y+1	; 0x01
    34fe:	28 2f       	mov	r18, r24
    3500:	30 e0       	ldi	r19, 0x00	; 0
    3502:	3c 83       	std	Y+4, r19	; 0x04
    3504:	2b 83       	std	Y+3, r18	; 0x03
    3506:	8b 81       	ldd	r24, Y+3	; 0x03
    3508:	9c 81       	ldd	r25, Y+4	; 0x04
    350a:	81 30       	cpi	r24, 0x01	; 1
    350c:	91 05       	cpc	r25, r1
    350e:	49 f1       	breq	.+82     	; 0x3562 <MDIO_voidTogglePinDirection+0x86>
    3510:	2b 81       	ldd	r18, Y+3	; 0x03
    3512:	3c 81       	ldd	r19, Y+4	; 0x04
    3514:	22 30       	cpi	r18, 0x02	; 2
    3516:	31 05       	cpc	r19, r1
    3518:	2c f4       	brge	.+10     	; 0x3524 <MDIO_voidTogglePinDirection+0x48>
    351a:	8b 81       	ldd	r24, Y+3	; 0x03
    351c:	9c 81       	ldd	r25, Y+4	; 0x04
    351e:	00 97       	sbiw	r24, 0x00	; 0
    3520:	61 f0       	breq	.+24     	; 0x353a <MDIO_voidTogglePinDirection+0x5e>
    3522:	5a c0       	rjmp	.+180    	; 0x35d8 <MDIO_voidTogglePinDirection+0xfc>
    3524:	2b 81       	ldd	r18, Y+3	; 0x03
    3526:	3c 81       	ldd	r19, Y+4	; 0x04
    3528:	22 30       	cpi	r18, 0x02	; 2
    352a:	31 05       	cpc	r19, r1
    352c:	71 f1       	breq	.+92     	; 0x358a <MDIO_voidTogglePinDirection+0xae>
    352e:	8b 81       	ldd	r24, Y+3	; 0x03
    3530:	9c 81       	ldd	r25, Y+4	; 0x04
    3532:	83 30       	cpi	r24, 0x03	; 3
    3534:	91 05       	cpc	r25, r1
    3536:	e9 f1       	breq	.+122    	; 0x35b2 <MDIO_voidTogglePinDirection+0xd6>
    3538:	4f c0       	rjmp	.+158    	; 0x35d8 <MDIO_voidTogglePinDirection+0xfc>
		{
		case PORTA:
			TOGGLE_BIT(DDRA_REG,A_DIOPIN);
    353a:	aa e3       	ldi	r26, 0x3A	; 58
    353c:	b0 e0       	ldi	r27, 0x00	; 0
    353e:	ea e3       	ldi	r30, 0x3A	; 58
    3540:	f0 e0       	ldi	r31, 0x00	; 0
    3542:	80 81       	ld	r24, Z
    3544:	48 2f       	mov	r20, r24
    3546:	8a 81       	ldd	r24, Y+2	; 0x02
    3548:	28 2f       	mov	r18, r24
    354a:	30 e0       	ldi	r19, 0x00	; 0
    354c:	81 e0       	ldi	r24, 0x01	; 1
    354e:	90 e0       	ldi	r25, 0x00	; 0
    3550:	02 2e       	mov	r0, r18
    3552:	02 c0       	rjmp	.+4      	; 0x3558 <MDIO_voidTogglePinDirection+0x7c>
    3554:	88 0f       	add	r24, r24
    3556:	99 1f       	adc	r25, r25
    3558:	0a 94       	dec	r0
    355a:	e2 f7       	brpl	.-8      	; 0x3554 <MDIO_voidTogglePinDirection+0x78>
    355c:	84 27       	eor	r24, r20
    355e:	8c 93       	st	X, r24
    3560:	3b c0       	rjmp	.+118    	; 0x35d8 <MDIO_voidTogglePinDirection+0xfc>
			break;
		case PORTB:
			TOGGLE_BIT(DDRB_REG,A_DIOPIN);
    3562:	a7 e3       	ldi	r26, 0x37	; 55
    3564:	b0 e0       	ldi	r27, 0x00	; 0
    3566:	e7 e3       	ldi	r30, 0x37	; 55
    3568:	f0 e0       	ldi	r31, 0x00	; 0
    356a:	80 81       	ld	r24, Z
    356c:	48 2f       	mov	r20, r24
    356e:	8a 81       	ldd	r24, Y+2	; 0x02
    3570:	28 2f       	mov	r18, r24
    3572:	30 e0       	ldi	r19, 0x00	; 0
    3574:	81 e0       	ldi	r24, 0x01	; 1
    3576:	90 e0       	ldi	r25, 0x00	; 0
    3578:	02 2e       	mov	r0, r18
    357a:	02 c0       	rjmp	.+4      	; 0x3580 <MDIO_voidTogglePinDirection+0xa4>
    357c:	88 0f       	add	r24, r24
    357e:	99 1f       	adc	r25, r25
    3580:	0a 94       	dec	r0
    3582:	e2 f7       	brpl	.-8      	; 0x357c <MDIO_voidTogglePinDirection+0xa0>
    3584:	84 27       	eor	r24, r20
    3586:	8c 93       	st	X, r24
    3588:	27 c0       	rjmp	.+78     	; 0x35d8 <MDIO_voidTogglePinDirection+0xfc>

			break;
		case PORTC:
			TOGGLE_BIT(DDRC_REG,A_DIOPIN);
    358a:	a4 e3       	ldi	r26, 0x34	; 52
    358c:	b0 e0       	ldi	r27, 0x00	; 0
    358e:	e4 e3       	ldi	r30, 0x34	; 52
    3590:	f0 e0       	ldi	r31, 0x00	; 0
    3592:	80 81       	ld	r24, Z
    3594:	48 2f       	mov	r20, r24
    3596:	8a 81       	ldd	r24, Y+2	; 0x02
    3598:	28 2f       	mov	r18, r24
    359a:	30 e0       	ldi	r19, 0x00	; 0
    359c:	81 e0       	ldi	r24, 0x01	; 1
    359e:	90 e0       	ldi	r25, 0x00	; 0
    35a0:	02 2e       	mov	r0, r18
    35a2:	02 c0       	rjmp	.+4      	; 0x35a8 <MDIO_voidTogglePinDirection+0xcc>
    35a4:	88 0f       	add	r24, r24
    35a6:	99 1f       	adc	r25, r25
    35a8:	0a 94       	dec	r0
    35aa:	e2 f7       	brpl	.-8      	; 0x35a4 <MDIO_voidTogglePinDirection+0xc8>
    35ac:	84 27       	eor	r24, r20
    35ae:	8c 93       	st	X, r24
    35b0:	13 c0       	rjmp	.+38     	; 0x35d8 <MDIO_voidTogglePinDirection+0xfc>

			break;
		case PORTD:
			TOGGLE_BIT(DDRD_REG,A_DIOPIN);
    35b2:	a1 e3       	ldi	r26, 0x31	; 49
    35b4:	b0 e0       	ldi	r27, 0x00	; 0
    35b6:	e1 e3       	ldi	r30, 0x31	; 49
    35b8:	f0 e0       	ldi	r31, 0x00	; 0
    35ba:	80 81       	ld	r24, Z
    35bc:	48 2f       	mov	r20, r24
    35be:	8a 81       	ldd	r24, Y+2	; 0x02
    35c0:	28 2f       	mov	r18, r24
    35c2:	30 e0       	ldi	r19, 0x00	; 0
    35c4:	81 e0       	ldi	r24, 0x01	; 1
    35c6:	90 e0       	ldi	r25, 0x00	; 0
    35c8:	02 2e       	mov	r0, r18
    35ca:	02 c0       	rjmp	.+4      	; 0x35d0 <MDIO_voidTogglePinDirection+0xf4>
    35cc:	88 0f       	add	r24, r24
    35ce:	99 1f       	adc	r25, r25
    35d0:	0a 94       	dec	r0
    35d2:	e2 f7       	brpl	.-8      	; 0x35cc <MDIO_voidTogglePinDirection+0xf0>
    35d4:	84 27       	eor	r24, r20
    35d6:	8c 93       	st	X, r24
			break;
		default:break;

		}
	}
}
    35d8:	0f 90       	pop	r0
    35da:	0f 90       	pop	r0
    35dc:	0f 90       	pop	r0
    35de:	0f 90       	pop	r0
    35e0:	cf 91       	pop	r28
    35e2:	df 91       	pop	r29
    35e4:	08 95       	ret

000035e6 <MDIO_voidSetPortValue>:

void MDIO_voidSetPortValue (DIO_PORTS A_DIOPORT,u8 a_u8PORTVALUE)
{
    35e6:	df 93       	push	r29
    35e8:	cf 93       	push	r28
    35ea:	00 d0       	rcall	.+0      	; 0x35ec <MDIO_voidSetPortValue+0x6>
    35ec:	00 d0       	rcall	.+0      	; 0x35ee <MDIO_voidSetPortValue+0x8>
    35ee:	cd b7       	in	r28, 0x3d	; 61
    35f0:	de b7       	in	r29, 0x3e	; 62
    35f2:	89 83       	std	Y+1, r24	; 0x01
    35f4:	6a 83       	std	Y+2, r22	; 0x02
	if((A_DIOPORT<= PORTD))
    35f6:	89 81       	ldd	r24, Y+1	; 0x01
    35f8:	84 30       	cpi	r24, 0x04	; 4
    35fa:	90 f5       	brcc	.+100    	; 0x3660 <MDIO_voidSetPortValue+0x7a>
		{
			switch(A_DIOPORT)
    35fc:	89 81       	ldd	r24, Y+1	; 0x01
    35fe:	28 2f       	mov	r18, r24
    3600:	30 e0       	ldi	r19, 0x00	; 0
    3602:	3c 83       	std	Y+4, r19	; 0x04
    3604:	2b 83       	std	Y+3, r18	; 0x03
    3606:	8b 81       	ldd	r24, Y+3	; 0x03
    3608:	9c 81       	ldd	r25, Y+4	; 0x04
    360a:	81 30       	cpi	r24, 0x01	; 1
    360c:	91 05       	cpc	r25, r1
    360e:	d1 f0       	breq	.+52     	; 0x3644 <MDIO_voidSetPortValue+0x5e>
    3610:	2b 81       	ldd	r18, Y+3	; 0x03
    3612:	3c 81       	ldd	r19, Y+4	; 0x04
    3614:	22 30       	cpi	r18, 0x02	; 2
    3616:	31 05       	cpc	r19, r1
    3618:	2c f4       	brge	.+10     	; 0x3624 <MDIO_voidSetPortValue+0x3e>
    361a:	8b 81       	ldd	r24, Y+3	; 0x03
    361c:	9c 81       	ldd	r25, Y+4	; 0x04
    361e:	00 97       	sbiw	r24, 0x00	; 0
    3620:	61 f0       	breq	.+24     	; 0x363a <MDIO_voidSetPortValue+0x54>
    3622:	1e c0       	rjmp	.+60     	; 0x3660 <MDIO_voidSetPortValue+0x7a>
    3624:	2b 81       	ldd	r18, Y+3	; 0x03
    3626:	3c 81       	ldd	r19, Y+4	; 0x04
    3628:	22 30       	cpi	r18, 0x02	; 2
    362a:	31 05       	cpc	r19, r1
    362c:	81 f0       	breq	.+32     	; 0x364e <MDIO_voidSetPortValue+0x68>
    362e:	8b 81       	ldd	r24, Y+3	; 0x03
    3630:	9c 81       	ldd	r25, Y+4	; 0x04
    3632:	83 30       	cpi	r24, 0x03	; 3
    3634:	91 05       	cpc	r25, r1
    3636:	81 f0       	breq	.+32     	; 0x3658 <MDIO_voidSetPortValue+0x72>
    3638:	13 c0       	rjmp	.+38     	; 0x3660 <MDIO_voidSetPortValue+0x7a>
			{
			case PORTA:
				SET_BYTE(PORTA_REG,a_u8PORTVALUE);
    363a:	eb e3       	ldi	r30, 0x3B	; 59
    363c:	f0 e0       	ldi	r31, 0x00	; 0
    363e:	8a 81       	ldd	r24, Y+2	; 0x02
    3640:	80 83       	st	Z, r24
    3642:	0e c0       	rjmp	.+28     	; 0x3660 <MDIO_voidSetPortValue+0x7a>
				break;
			case PORTB:
				SET_BYTE(PORTB_REG,a_u8PORTVALUE);
    3644:	e8 e3       	ldi	r30, 0x38	; 56
    3646:	f0 e0       	ldi	r31, 0x00	; 0
    3648:	8a 81       	ldd	r24, Y+2	; 0x02
    364a:	80 83       	st	Z, r24
    364c:	09 c0       	rjmp	.+18     	; 0x3660 <MDIO_voidSetPortValue+0x7a>

				break;
			case PORTC:
				SET_BYTE(PORTC_REG,a_u8PORTVALUE);
    364e:	e5 e3       	ldi	r30, 0x35	; 53
    3650:	f0 e0       	ldi	r31, 0x00	; 0
    3652:	8a 81       	ldd	r24, Y+2	; 0x02
    3654:	80 83       	st	Z, r24
    3656:	04 c0       	rjmp	.+8      	; 0x3660 <MDIO_voidSetPortValue+0x7a>

				break;
			case PORTD:
				SET_BYTE(PORTD_REG,a_u8PORTVALUE);
    3658:	e2 e3       	ldi	r30, 0x32	; 50
    365a:	f0 e0       	ldi	r31, 0x00	; 0
    365c:	8a 81       	ldd	r24, Y+2	; 0x02
    365e:	80 83       	st	Z, r24

				break;
			}
		}
}
    3660:	0f 90       	pop	r0
    3662:	0f 90       	pop	r0
    3664:	0f 90       	pop	r0
    3666:	0f 90       	pop	r0
    3668:	cf 91       	pop	r28
    366a:	df 91       	pop	r29
    366c:	08 95       	ret

0000366e <MDIO_voidSetPortDirection>:
void MDIO_voidSetPortDirection (DIO_PORTS A_DIOPORT,u8 a_u8PORTDIRECTION)
{
    366e:	df 93       	push	r29
    3670:	cf 93       	push	r28
    3672:	00 d0       	rcall	.+0      	; 0x3674 <MDIO_voidSetPortDirection+0x6>
    3674:	00 d0       	rcall	.+0      	; 0x3676 <MDIO_voidSetPortDirection+0x8>
    3676:	cd b7       	in	r28, 0x3d	; 61
    3678:	de b7       	in	r29, 0x3e	; 62
    367a:	89 83       	std	Y+1, r24	; 0x01
    367c:	6a 83       	std	Y+2, r22	; 0x02
	if((A_DIOPORT<= PORTD))
    367e:	89 81       	ldd	r24, Y+1	; 0x01
    3680:	84 30       	cpi	r24, 0x04	; 4
    3682:	90 f5       	brcc	.+100    	; 0x36e8 <MDIO_voidSetPortDirection+0x7a>
			{
				switch(A_DIOPORT)
    3684:	89 81       	ldd	r24, Y+1	; 0x01
    3686:	28 2f       	mov	r18, r24
    3688:	30 e0       	ldi	r19, 0x00	; 0
    368a:	3c 83       	std	Y+4, r19	; 0x04
    368c:	2b 83       	std	Y+3, r18	; 0x03
    368e:	8b 81       	ldd	r24, Y+3	; 0x03
    3690:	9c 81       	ldd	r25, Y+4	; 0x04
    3692:	81 30       	cpi	r24, 0x01	; 1
    3694:	91 05       	cpc	r25, r1
    3696:	d1 f0       	breq	.+52     	; 0x36cc <MDIO_voidSetPortDirection+0x5e>
    3698:	2b 81       	ldd	r18, Y+3	; 0x03
    369a:	3c 81       	ldd	r19, Y+4	; 0x04
    369c:	22 30       	cpi	r18, 0x02	; 2
    369e:	31 05       	cpc	r19, r1
    36a0:	2c f4       	brge	.+10     	; 0x36ac <MDIO_voidSetPortDirection+0x3e>
    36a2:	8b 81       	ldd	r24, Y+3	; 0x03
    36a4:	9c 81       	ldd	r25, Y+4	; 0x04
    36a6:	00 97       	sbiw	r24, 0x00	; 0
    36a8:	61 f0       	breq	.+24     	; 0x36c2 <MDIO_voidSetPortDirection+0x54>
    36aa:	1e c0       	rjmp	.+60     	; 0x36e8 <MDIO_voidSetPortDirection+0x7a>
    36ac:	2b 81       	ldd	r18, Y+3	; 0x03
    36ae:	3c 81       	ldd	r19, Y+4	; 0x04
    36b0:	22 30       	cpi	r18, 0x02	; 2
    36b2:	31 05       	cpc	r19, r1
    36b4:	81 f0       	breq	.+32     	; 0x36d6 <MDIO_voidSetPortDirection+0x68>
    36b6:	8b 81       	ldd	r24, Y+3	; 0x03
    36b8:	9c 81       	ldd	r25, Y+4	; 0x04
    36ba:	83 30       	cpi	r24, 0x03	; 3
    36bc:	91 05       	cpc	r25, r1
    36be:	81 f0       	breq	.+32     	; 0x36e0 <MDIO_voidSetPortDirection+0x72>
    36c0:	13 c0       	rjmp	.+38     	; 0x36e8 <MDIO_voidSetPortDirection+0x7a>
				{
				case PORTA:
					SET_BYTE(DDRA_REG,a_u8PORTDIRECTION);
    36c2:	ea e3       	ldi	r30, 0x3A	; 58
    36c4:	f0 e0       	ldi	r31, 0x00	; 0
    36c6:	8a 81       	ldd	r24, Y+2	; 0x02
    36c8:	80 83       	st	Z, r24
    36ca:	0e c0       	rjmp	.+28     	; 0x36e8 <MDIO_voidSetPortDirection+0x7a>
					break;
				case PORTB:
					SET_BYTE(DDRB_REG,a_u8PORTDIRECTION);
    36cc:	e7 e3       	ldi	r30, 0x37	; 55
    36ce:	f0 e0       	ldi	r31, 0x00	; 0
    36d0:	8a 81       	ldd	r24, Y+2	; 0x02
    36d2:	80 83       	st	Z, r24
    36d4:	09 c0       	rjmp	.+18     	; 0x36e8 <MDIO_voidSetPortDirection+0x7a>

					break;
				case PORTC:
					SET_BYTE(DDRC_REG,a_u8PORTDIRECTION);
    36d6:	e4 e3       	ldi	r30, 0x34	; 52
    36d8:	f0 e0       	ldi	r31, 0x00	; 0
    36da:	8a 81       	ldd	r24, Y+2	; 0x02
    36dc:	80 83       	st	Z, r24
    36de:	04 c0       	rjmp	.+8      	; 0x36e8 <MDIO_voidSetPortDirection+0x7a>

					break;
				case PORTD:
					SET_BYTE(DDRD_REG,a_u8PORTDIRECTION);
    36e0:	e1 e3       	ldi	r30, 0x31	; 49
    36e2:	f0 e0       	ldi	r31, 0x00	; 0
    36e4:	8a 81       	ldd	r24, Y+2	; 0x02
    36e6:	80 83       	st	Z, r24

					break;
				}
			}
}
    36e8:	0f 90       	pop	r0
    36ea:	0f 90       	pop	r0
    36ec:	0f 90       	pop	r0
    36ee:	0f 90       	pop	r0
    36f0:	cf 91       	pop	r28
    36f2:	df 91       	pop	r29
    36f4:	08 95       	ret

000036f6 <MDIO_pinValueGetPinValue>:

PIN_VALUE MDIO_pinValueGetPinValue(DIO_PORTS A_DIOPORT, DIO_PINS A_DIOPIN)
{
    36f6:	df 93       	push	r29
    36f8:	cf 93       	push	r28
    36fa:	00 d0       	rcall	.+0      	; 0x36fc <MDIO_pinValueGetPinValue+0x6>
    36fc:	00 d0       	rcall	.+0      	; 0x36fe <MDIO_pinValueGetPinValue+0x8>
    36fe:	0f 92       	push	r0
    3700:	cd b7       	in	r28, 0x3d	; 61
    3702:	de b7       	in	r29, 0x3e	; 62
    3704:	8a 83       	std	Y+2, r24	; 0x02
    3706:	6b 83       	std	Y+3, r22	; 0x03
	PIN_VALUE VALUE;
	if((A_DIOPORT<= PORTD) && (A_DIOPIN<=PIN7 ))
    3708:	8a 81       	ldd	r24, Y+2	; 0x02
    370a:	84 30       	cpi	r24, 0x04	; 4
    370c:	08 f0       	brcs	.+2      	; 0x3710 <MDIO_pinValueGetPinValue+0x1a>
    370e:	6b c0       	rjmp	.+214    	; 0x37e6 <MDIO_pinValueGetPinValue+0xf0>
    3710:	8b 81       	ldd	r24, Y+3	; 0x03
    3712:	88 30       	cpi	r24, 0x08	; 8
    3714:	08 f0       	brcs	.+2      	; 0x3718 <MDIO_pinValueGetPinValue+0x22>
    3716:	67 c0       	rjmp	.+206    	; 0x37e6 <MDIO_pinValueGetPinValue+0xf0>
		{
			switch(A_DIOPORT)
    3718:	8a 81       	ldd	r24, Y+2	; 0x02
    371a:	28 2f       	mov	r18, r24
    371c:	30 e0       	ldi	r19, 0x00	; 0
    371e:	3d 83       	std	Y+5, r19	; 0x05
    3720:	2c 83       	std	Y+4, r18	; 0x04
    3722:	4c 81       	ldd	r20, Y+4	; 0x04
    3724:	5d 81       	ldd	r21, Y+5	; 0x05
    3726:	41 30       	cpi	r20, 0x01	; 1
    3728:	51 05       	cpc	r21, r1
    372a:	41 f1       	breq	.+80     	; 0x377c <MDIO_pinValueGetPinValue+0x86>
    372c:	8c 81       	ldd	r24, Y+4	; 0x04
    372e:	9d 81       	ldd	r25, Y+5	; 0x05
    3730:	82 30       	cpi	r24, 0x02	; 2
    3732:	91 05       	cpc	r25, r1
    3734:	34 f4       	brge	.+12     	; 0x3742 <MDIO_pinValueGetPinValue+0x4c>
    3736:	2c 81       	ldd	r18, Y+4	; 0x04
    3738:	3d 81       	ldd	r19, Y+5	; 0x05
    373a:	21 15       	cp	r18, r1
    373c:	31 05       	cpc	r19, r1
    373e:	61 f0       	breq	.+24     	; 0x3758 <MDIO_pinValueGetPinValue+0x62>
    3740:	52 c0       	rjmp	.+164    	; 0x37e6 <MDIO_pinValueGetPinValue+0xf0>
    3742:	4c 81       	ldd	r20, Y+4	; 0x04
    3744:	5d 81       	ldd	r21, Y+5	; 0x05
    3746:	42 30       	cpi	r20, 0x02	; 2
    3748:	51 05       	cpc	r21, r1
    374a:	51 f1       	breq	.+84     	; 0x37a0 <MDIO_pinValueGetPinValue+0xaa>
    374c:	8c 81       	ldd	r24, Y+4	; 0x04
    374e:	9d 81       	ldd	r25, Y+5	; 0x05
    3750:	83 30       	cpi	r24, 0x03	; 3
    3752:	91 05       	cpc	r25, r1
    3754:	b9 f1       	breq	.+110    	; 0x37c4 <MDIO_pinValueGetPinValue+0xce>
    3756:	47 c0       	rjmp	.+142    	; 0x37e6 <MDIO_pinValueGetPinValue+0xf0>
			{

			case PORTA:
				VALUE=GET_BIT(PINA_REG,A_DIOPIN);
    3758:	e9 e3       	ldi	r30, 0x39	; 57
    375a:	f0 e0       	ldi	r31, 0x00	; 0
    375c:	80 81       	ld	r24, Z
    375e:	28 2f       	mov	r18, r24
    3760:	30 e0       	ldi	r19, 0x00	; 0
    3762:	8b 81       	ldd	r24, Y+3	; 0x03
    3764:	88 2f       	mov	r24, r24
    3766:	90 e0       	ldi	r25, 0x00	; 0
    3768:	a9 01       	movw	r20, r18
    376a:	02 c0       	rjmp	.+4      	; 0x3770 <MDIO_pinValueGetPinValue+0x7a>
    376c:	55 95       	asr	r21
    376e:	47 95       	ror	r20
    3770:	8a 95       	dec	r24
    3772:	e2 f7       	brpl	.-8      	; 0x376c <MDIO_pinValueGetPinValue+0x76>
    3774:	ca 01       	movw	r24, r20
    3776:	81 70       	andi	r24, 0x01	; 1
    3778:	89 83       	std	Y+1, r24	; 0x01
    377a:	35 c0       	rjmp	.+106    	; 0x37e6 <MDIO_pinValueGetPinValue+0xf0>
				break;

			case PORTB:
				VALUE=GET_BIT(PINB_REG,A_DIOPIN);
    377c:	e6 e3       	ldi	r30, 0x36	; 54
    377e:	f0 e0       	ldi	r31, 0x00	; 0
    3780:	80 81       	ld	r24, Z
    3782:	28 2f       	mov	r18, r24
    3784:	30 e0       	ldi	r19, 0x00	; 0
    3786:	8b 81       	ldd	r24, Y+3	; 0x03
    3788:	88 2f       	mov	r24, r24
    378a:	90 e0       	ldi	r25, 0x00	; 0
    378c:	a9 01       	movw	r20, r18
    378e:	02 c0       	rjmp	.+4      	; 0x3794 <MDIO_pinValueGetPinValue+0x9e>
    3790:	55 95       	asr	r21
    3792:	47 95       	ror	r20
    3794:	8a 95       	dec	r24
    3796:	e2 f7       	brpl	.-8      	; 0x3790 <MDIO_pinValueGetPinValue+0x9a>
    3798:	ca 01       	movw	r24, r20
    379a:	81 70       	andi	r24, 0x01	; 1
    379c:	89 83       	std	Y+1, r24	; 0x01
    379e:	23 c0       	rjmp	.+70     	; 0x37e6 <MDIO_pinValueGetPinValue+0xf0>
				break;

			case PORTC:
				VALUE=GET_BIT(PINC_REG,A_DIOPIN);
    37a0:	e3 e3       	ldi	r30, 0x33	; 51
    37a2:	f0 e0       	ldi	r31, 0x00	; 0
    37a4:	80 81       	ld	r24, Z
    37a6:	28 2f       	mov	r18, r24
    37a8:	30 e0       	ldi	r19, 0x00	; 0
    37aa:	8b 81       	ldd	r24, Y+3	; 0x03
    37ac:	88 2f       	mov	r24, r24
    37ae:	90 e0       	ldi	r25, 0x00	; 0
    37b0:	a9 01       	movw	r20, r18
    37b2:	02 c0       	rjmp	.+4      	; 0x37b8 <MDIO_pinValueGetPinValue+0xc2>
    37b4:	55 95       	asr	r21
    37b6:	47 95       	ror	r20
    37b8:	8a 95       	dec	r24
    37ba:	e2 f7       	brpl	.-8      	; 0x37b4 <MDIO_pinValueGetPinValue+0xbe>
    37bc:	ca 01       	movw	r24, r20
    37be:	81 70       	andi	r24, 0x01	; 1
    37c0:	89 83       	std	Y+1, r24	; 0x01
    37c2:	11 c0       	rjmp	.+34     	; 0x37e6 <MDIO_pinValueGetPinValue+0xf0>
				break;

			case PORTD:
				VALUE=GET_BIT(PIND_REG,A_DIOPIN);
    37c4:	e0 e3       	ldi	r30, 0x30	; 48
    37c6:	f0 e0       	ldi	r31, 0x00	; 0
    37c8:	80 81       	ld	r24, Z
    37ca:	28 2f       	mov	r18, r24
    37cc:	30 e0       	ldi	r19, 0x00	; 0
    37ce:	8b 81       	ldd	r24, Y+3	; 0x03
    37d0:	88 2f       	mov	r24, r24
    37d2:	90 e0       	ldi	r25, 0x00	; 0
    37d4:	a9 01       	movw	r20, r18
    37d6:	02 c0       	rjmp	.+4      	; 0x37dc <MDIO_pinValueGetPinValue+0xe6>
    37d8:	55 95       	asr	r21
    37da:	47 95       	ror	r20
    37dc:	8a 95       	dec	r24
    37de:	e2 f7       	brpl	.-8      	; 0x37d8 <MDIO_pinValueGetPinValue+0xe2>
    37e0:	ca 01       	movw	r24, r20
    37e2:	81 70       	andi	r24, 0x01	; 1
    37e4:	89 83       	std	Y+1, r24	; 0x01
				break;
			default:break;
			}
		}
	return VALUE;
    37e6:	89 81       	ldd	r24, Y+1	; 0x01

}
    37e8:	0f 90       	pop	r0
    37ea:	0f 90       	pop	r0
    37ec:	0f 90       	pop	r0
    37ee:	0f 90       	pop	r0
    37f0:	0f 90       	pop	r0
    37f2:	cf 91       	pop	r28
    37f4:	df 91       	pop	r29
    37f6:	08 95       	ret

000037f8 <KEYPAD_voidInit>:
#include "../INCLUDE/HAL/KEYPAD/KEYPAD_PRIVATE.h"
#include "../INCLUDE/HAL/KEYPAD/KEYPAD_CFG.h"


void KEYPAD_voidInit()
{
    37f8:	df 93       	push	r29
    37fa:	cf 93       	push	r28
    37fc:	cd b7       	in	r28, 0x3d	; 61
    37fe:	de b7       	in	r29, 0x3e	; 62

	MDIO_voidSetPinDirection(KEYPAD_PORT, COL0, DIO_OUTPUT);
    3800:	82 e0       	ldi	r24, 0x02	; 2
    3802:	64 e0       	ldi	r22, 0x04	; 4
    3804:	41 e0       	ldi	r20, 0x01	; 1
    3806:	0e 94 a5 17 	call	0x2f4a	; 0x2f4a <MDIO_voidSetPinDirection>
	MDIO_voidSetPinDirection(KEYPAD_PORT, COL1, DIO_OUTPUT);
    380a:	82 e0       	ldi	r24, 0x02	; 2
    380c:	65 e0       	ldi	r22, 0x05	; 5
    380e:	41 e0       	ldi	r20, 0x01	; 1
    3810:	0e 94 a5 17 	call	0x2f4a	; 0x2f4a <MDIO_voidSetPinDirection>
	MDIO_voidSetPinDirection(KEYPAD_PORT, COL2, DIO_OUTPUT);
    3814:	82 e0       	ldi	r24, 0x02	; 2
    3816:	66 e0       	ldi	r22, 0x06	; 6
    3818:	41 e0       	ldi	r20, 0x01	; 1
    381a:	0e 94 a5 17 	call	0x2f4a	; 0x2f4a <MDIO_voidSetPinDirection>
	MDIO_voidSetPinDirection(KEYPAD_PORT, COL3, DIO_OUTPUT);
    381e:	82 e0       	ldi	r24, 0x02	; 2
    3820:	67 e0       	ldi	r22, 0x07	; 7
    3822:	41 e0       	ldi	r20, 0x01	; 1
    3824:	0e 94 a5 17 	call	0x2f4a	; 0x2f4a <MDIO_voidSetPinDirection>

	MDIO_voidSetPinDirection(KEYPAD_PORT, ROW0, DIO_INPUT);
    3828:	82 e0       	ldi	r24, 0x02	; 2
    382a:	60 e0       	ldi	r22, 0x00	; 0
    382c:	40 e0       	ldi	r20, 0x00	; 0
    382e:	0e 94 a5 17 	call	0x2f4a	; 0x2f4a <MDIO_voidSetPinDirection>
	MDIO_voidSetPinDirection(KEYPAD_PORT, ROW1, DIO_INPUT);
    3832:	82 e0       	ldi	r24, 0x02	; 2
    3834:	61 e0       	ldi	r22, 0x01	; 1
    3836:	40 e0       	ldi	r20, 0x00	; 0
    3838:	0e 94 a5 17 	call	0x2f4a	; 0x2f4a <MDIO_voidSetPinDirection>
	MDIO_voidSetPinDirection(KEYPAD_PORT, ROW2, DIO_INPUT);
    383c:	82 e0       	ldi	r24, 0x02	; 2
    383e:	62 e0       	ldi	r22, 0x02	; 2
    3840:	40 e0       	ldi	r20, 0x00	; 0
    3842:	0e 94 a5 17 	call	0x2f4a	; 0x2f4a <MDIO_voidSetPinDirection>
    MDIO_voidSetPinDirection(KEYPAD_PORT, ROW3, DIO_INPUT);
    3846:	82 e0       	ldi	r24, 0x02	; 2
    3848:	63 e0       	ldi	r22, 0x03	; 3
    384a:	40 e0       	ldi	r20, 0x00	; 0
    384c:	0e 94 a5 17 	call	0x2f4a	; 0x2f4a <MDIO_voidSetPinDirection>


    MDIO_voidSetPortValue(KEYPAD_PORT, 0xFF);
    3850:	82 e0       	ldi	r24, 0x02	; 2
    3852:	6f ef       	ldi	r22, 0xFF	; 255
    3854:	0e 94 f3 1a 	call	0x35e6	; 0x35e6 <MDIO_voidSetPortValue>
}
    3858:	cf 91       	pop	r28
    385a:	df 91       	pop	r29
    385c:	08 95       	ret

0000385e <KEYPAD_u8GetPressedKey>:

u8 KEYPAD_u8GetPressedKey()
{
    385e:	df 93       	push	r29
    3860:	cf 93       	push	r28
    3862:	cd b7       	in	r28, 0x3d	; 61
    3864:	de b7       	in	r29, 0x3e	; 62
    3866:	67 97       	sbiw	r28, 0x17	; 23
    3868:	0f b6       	in	r0, 0x3f	; 63
    386a:	f8 94       	cli
    386c:	de bf       	out	0x3e, r29	; 62
    386e:	0f be       	out	0x3f, r0	; 63
    3870:	cd bf       	out	0x3d, r28	; 61
    u8 static G_u8ArrOfCols[COL_NO] = KEYPAD_COLS;
    u8 static G_u8ArrOfRows[ROW_NO] = KEYPAD_ROWS;
    u8 L_u8KeyValue = 255;
    3872:	8f ef       	ldi	r24, 0xFF	; 255
    3874:	8c 8b       	std	Y+20, r24	; 0x14

    for(u16 L_u8ColCounter = 0; L_u8ColCounter < COL_NO; L_u8ColCounter++)
    3876:	1b 8a       	std	Y+19, r1	; 0x13
    3878:	1a 8a       	std	Y+18, r1	; 0x12
    387a:	dc c0       	rjmp	.+440    	; 0x3a34 <KEYPAD_u8GetPressedKey+0x1d6>
    {

        for(u8 c = 0; c < COL_NO; c++)
    387c:	19 8a       	std	Y+17, r1	; 0x11
    387e:	1b c0       	rjmp	.+54     	; 0x38b6 <KEYPAD_u8GetPressedKey+0x58>
        {
            MDIO_voidSetPinValue(KEYPAD_PORT, G_u8ArrOfCols[c],
    3880:	89 89       	ldd	r24, Y+17	; 0x11
    3882:	88 2f       	mov	r24, r24
    3884:	90 e0       	ldi	r25, 0x00	; 0
    3886:	fc 01       	movw	r30, r24
    3888:	ef 55       	subi	r30, 0x5F	; 95
    388a:	fe 4f       	sbci	r31, 0xFE	; 254
    388c:	80 81       	ld	r24, Z
    388e:	8f 8b       	std	Y+23, r24	; 0x17
    3890:	89 89       	ldd	r24, Y+17	; 0x11
    3892:	28 2f       	mov	r18, r24
    3894:	30 e0       	ldi	r19, 0x00	; 0
    3896:	1e 8a       	std	Y+22, r1	; 0x16
    3898:	8a 89       	ldd	r24, Y+18	; 0x12
    389a:	9b 89       	ldd	r25, Y+19	; 0x13
    389c:	28 17       	cp	r18, r24
    389e:	39 07       	cpc	r19, r25
    38a0:	11 f0       	breq	.+4      	; 0x38a6 <KEYPAD_u8GetPressedKey+0x48>
    38a2:	81 e0       	ldi	r24, 0x01	; 1
    38a4:	8e 8b       	std	Y+22, r24	; 0x16
    38a6:	82 e0       	ldi	r24, 0x02	; 2
    38a8:	6f 89       	ldd	r22, Y+23	; 0x17
    38aa:	4e 89       	ldd	r20, Y+22	; 0x16
    38ac:	0e 94 c7 18 	call	0x318e	; 0x318e <MDIO_voidSetPinValue>
    u8 L_u8KeyValue = 255;

    for(u16 L_u8ColCounter = 0; L_u8ColCounter < COL_NO; L_u8ColCounter++)
    {

        for(u8 c = 0; c < COL_NO; c++)
    38b0:	89 89       	ldd	r24, Y+17	; 0x11
    38b2:	8f 5f       	subi	r24, 0xFF	; 255
    38b4:	89 8b       	std	Y+17, r24	; 0x11
    38b6:	89 89       	ldd	r24, Y+17	; 0x11
    38b8:	84 30       	cpi	r24, 0x04	; 4
    38ba:	10 f3       	brcs	.-60     	; 0x3880 <KEYPAD_u8GetPressedKey+0x22>
        {
            MDIO_voidSetPinValue(KEYPAD_PORT, G_u8ArrOfCols[c],
                (c == L_u8ColCounter) ? DIO_LOW : DIO_HIGH);
        }

        for(u16 L_u8RowCounter = 0; L_u8RowCounter < ROW_NO; L_u8RowCounter++)
    38bc:	18 8a       	std	Y+16, r1	; 0x10
    38be:	1f 86       	std	Y+15, r1	; 0x0f
    38c0:	ae c0       	rjmp	.+348    	; 0x3a1e <KEYPAD_u8GetPressedKey+0x1c0>
        {
            if(MDIO_pinValueGetPinValue(KEYPAD_PORT, G_u8ArrOfRows[L_u8RowCounter]) == KEYPAD_PRESSED)
    38c2:	8f 85       	ldd	r24, Y+15	; 0x0f
    38c4:	98 89       	ldd	r25, Y+16	; 0x10
    38c6:	fc 01       	movw	r30, r24
    38c8:	e3 56       	subi	r30, 0x63	; 99
    38ca:	fe 4f       	sbci	r31, 0xFE	; 254
    38cc:	90 81       	ld	r25, Z
    38ce:	82 e0       	ldi	r24, 0x02	; 2
    38d0:	69 2f       	mov	r22, r25
    38d2:	0e 94 7b 1b 	call	0x36f6	; 0x36f6 <MDIO_pinValueGetPinValue>
    38d6:	88 23       	and	r24, r24
    38d8:	09 f0       	breq	.+2      	; 0x38dc <KEYPAD_u8GetPressedKey+0x7e>
    38da:	9c c0       	rjmp	.+312    	; 0x3a14 <KEYPAD_u8GetPressedKey+0x1b6>
    38dc:	80 e0       	ldi	r24, 0x00	; 0
    38de:	90 e0       	ldi	r25, 0x00	; 0
    38e0:	a0 ef       	ldi	r26, 0xF0	; 240
    38e2:	b1 e4       	ldi	r27, 0x41	; 65
    38e4:	8b 87       	std	Y+11, r24	; 0x0b
    38e6:	9c 87       	std	Y+12, r25	; 0x0c
    38e8:	ad 87       	std	Y+13, r26	; 0x0d
    38ea:	be 87       	std	Y+14, r27	; 0x0e
 */
void
_delay_ms(double __ms)
{
	uint16_t __ticks;
	double __tmp = ((F_CPU) / 4e3) * __ms;
    38ec:	6b 85       	ldd	r22, Y+11	; 0x0b
    38ee:	7c 85       	ldd	r23, Y+12	; 0x0c
    38f0:	8d 85       	ldd	r24, Y+13	; 0x0d
    38f2:	9e 85       	ldd	r25, Y+14	; 0x0e
    38f4:	20 e0       	ldi	r18, 0x00	; 0
    38f6:	30 e0       	ldi	r19, 0x00	; 0
    38f8:	4a ef       	ldi	r20, 0xFA	; 250
    38fa:	54 e4       	ldi	r21, 0x44	; 68
    38fc:	0e 94 fe 13 	call	0x27fc	; 0x27fc <__mulsf3>
    3900:	dc 01       	movw	r26, r24
    3902:	cb 01       	movw	r24, r22
    3904:	8f 83       	std	Y+7, r24	; 0x07
    3906:	98 87       	std	Y+8, r25	; 0x08
    3908:	a9 87       	std	Y+9, r26	; 0x09
    390a:	ba 87       	std	Y+10, r27	; 0x0a
	if (__tmp < 1.0)
    390c:	6f 81       	ldd	r22, Y+7	; 0x07
    390e:	78 85       	ldd	r23, Y+8	; 0x08
    3910:	89 85       	ldd	r24, Y+9	; 0x09
    3912:	9a 85       	ldd	r25, Y+10	; 0x0a
    3914:	20 e0       	ldi	r18, 0x00	; 0
    3916:	30 e0       	ldi	r19, 0x00	; 0
    3918:	40 e8       	ldi	r20, 0x80	; 128
    391a:	5f e3       	ldi	r21, 0x3F	; 63
    391c:	0e 94 58 15 	call	0x2ab0	; 0x2ab0 <__ltsf2>
    3920:	88 23       	and	r24, r24
    3922:	2c f4       	brge	.+10     	; 0x392e <KEYPAD_u8GetPressedKey+0xd0>
		__ticks = 1;
    3924:	81 e0       	ldi	r24, 0x01	; 1
    3926:	90 e0       	ldi	r25, 0x00	; 0
    3928:	9e 83       	std	Y+6, r25	; 0x06
    392a:	8d 83       	std	Y+5, r24	; 0x05
    392c:	3f c0       	rjmp	.+126    	; 0x39ac <KEYPAD_u8GetPressedKey+0x14e>
	else if (__tmp > 65535)
    392e:	6f 81       	ldd	r22, Y+7	; 0x07
    3930:	78 85       	ldd	r23, Y+8	; 0x08
    3932:	89 85       	ldd	r24, Y+9	; 0x09
    3934:	9a 85       	ldd	r25, Y+10	; 0x0a
    3936:	20 e0       	ldi	r18, 0x00	; 0
    3938:	3f ef       	ldi	r19, 0xFF	; 255
    393a:	4f e7       	ldi	r20, 0x7F	; 127
    393c:	57 e4       	ldi	r21, 0x47	; 71
    393e:	0e 94 f8 14 	call	0x29f0	; 0x29f0 <__gtsf2>
    3942:	18 16       	cp	r1, r24
    3944:	4c f5       	brge	.+82     	; 0x3998 <KEYPAD_u8GetPressedKey+0x13a>
	{
		//	__ticks = requested delay in 1/10 ms
		__ticks = (uint16_t) (__ms * 10.0);
    3946:	6b 85       	ldd	r22, Y+11	; 0x0b
    3948:	7c 85       	ldd	r23, Y+12	; 0x0c
    394a:	8d 85       	ldd	r24, Y+13	; 0x0d
    394c:	9e 85       	ldd	r25, Y+14	; 0x0e
    394e:	20 e0       	ldi	r18, 0x00	; 0
    3950:	30 e0       	ldi	r19, 0x00	; 0
    3952:	40 e2       	ldi	r20, 0x20	; 32
    3954:	51 e4       	ldi	r21, 0x41	; 65
    3956:	0e 94 fe 13 	call	0x27fc	; 0x27fc <__mulsf3>
    395a:	dc 01       	movw	r26, r24
    395c:	cb 01       	movw	r24, r22
    395e:	bc 01       	movw	r22, r24
    3960:	cd 01       	movw	r24, r26
    3962:	0e 94 c3 01 	call	0x386	; 0x386 <__fixunssfsi>
    3966:	dc 01       	movw	r26, r24
    3968:	cb 01       	movw	r24, r22
    396a:	9e 83       	std	Y+6, r25	; 0x06
    396c:	8d 83       	std	Y+5, r24	; 0x05
    396e:	0f c0       	rjmp	.+30     	; 0x398e <KEYPAD_u8GetPressedKey+0x130>
    3970:	88 ec       	ldi	r24, 0xC8	; 200
    3972:	90 e0       	ldi	r25, 0x00	; 0
    3974:	9c 83       	std	Y+4, r25	; 0x04
    3976:	8b 83       	std	Y+3, r24	; 0x03
    milliseconds can be achieved.
 */
void
_delay_loop_2(uint16_t __count)
{
	__asm__ volatile (
    3978:	8b 81       	ldd	r24, Y+3	; 0x03
    397a:	9c 81       	ldd	r25, Y+4	; 0x04
    397c:	01 97       	sbiw	r24, 0x01	; 1
    397e:	f1 f7       	brne	.-4      	; 0x397c <KEYPAD_u8GetPressedKey+0x11e>
    3980:	9c 83       	std	Y+4, r25	; 0x04
    3982:	8b 83       	std	Y+3, r24	; 0x03
		while(__ticks)
		{
			// wait 1/10 ms
			_delay_loop_2(((F_CPU) / 4e3) / 10);
			__ticks --;
    3984:	8d 81       	ldd	r24, Y+5	; 0x05
    3986:	9e 81       	ldd	r25, Y+6	; 0x06
    3988:	01 97       	sbiw	r24, 0x01	; 1
    398a:	9e 83       	std	Y+6, r25	; 0x06
    398c:	8d 83       	std	Y+5, r24	; 0x05
		__ticks = 1;
	else if (__tmp > 65535)
	{
		//	__ticks = requested delay in 1/10 ms
		__ticks = (uint16_t) (__ms * 10.0);
		while(__ticks)
    398e:	8d 81       	ldd	r24, Y+5	; 0x05
    3990:	9e 81       	ldd	r25, Y+6	; 0x06
    3992:	00 97       	sbiw	r24, 0x00	; 0
    3994:	69 f7       	brne	.-38     	; 0x3970 <KEYPAD_u8GetPressedKey+0x112>
    3996:	14 c0       	rjmp	.+40     	; 0x39c0 <KEYPAD_u8GetPressedKey+0x162>
			__ticks --;
		}
		return;
	}
	else
		__ticks = (uint16_t)__tmp;
    3998:	6f 81       	ldd	r22, Y+7	; 0x07
    399a:	78 85       	ldd	r23, Y+8	; 0x08
    399c:	89 85       	ldd	r24, Y+9	; 0x09
    399e:	9a 85       	ldd	r25, Y+10	; 0x0a
    39a0:	0e 94 c3 01 	call	0x386	; 0x386 <__fixunssfsi>
    39a4:	dc 01       	movw	r26, r24
    39a6:	cb 01       	movw	r24, r22
    39a8:	9e 83       	std	Y+6, r25	; 0x06
    39aa:	8d 83       	std	Y+5, r24	; 0x05
    39ac:	8d 81       	ldd	r24, Y+5	; 0x05
    39ae:	9e 81       	ldd	r25, Y+6	; 0x06
    39b0:	9a 83       	std	Y+2, r25	; 0x02
    39b2:	89 83       	std	Y+1, r24	; 0x01
    39b4:	89 81       	ldd	r24, Y+1	; 0x01
    39b6:	9a 81       	ldd	r25, Y+2	; 0x02
    39b8:	01 97       	sbiw	r24, 0x01	; 1
    39ba:	f1 f7       	brne	.-4      	; 0x39b8 <KEYPAD_u8GetPressedKey+0x15a>
    39bc:	9a 83       	std	Y+2, r25	; 0x02
    39be:	89 83       	std	Y+1, r24	; 0x01
            {
                _delay_ms(KEYPAD_DEBOUNCE_DELAY);

                if(MDIO_pinValueGetPinValue(KEYPAD_PORT, G_u8ArrOfRows[L_u8RowCounter]) == KEYPAD_PRESSED)
    39c0:	8f 85       	ldd	r24, Y+15	; 0x0f
    39c2:	98 89       	ldd	r25, Y+16	; 0x10
    39c4:	fc 01       	movw	r30, r24
    39c6:	e3 56       	subi	r30, 0x63	; 99
    39c8:	fe 4f       	sbci	r31, 0xFE	; 254
    39ca:	90 81       	ld	r25, Z
    39cc:	82 e0       	ldi	r24, 0x02	; 2
    39ce:	69 2f       	mov	r22, r25
    39d0:	0e 94 7b 1b 	call	0x36f6	; 0x36f6 <MDIO_pinValueGetPinValue>
    39d4:	88 23       	and	r24, r24
    39d6:	f1 f4       	brne	.+60     	; 0x3a14 <KEYPAD_u8GetPressedKey+0x1b6>
                {
                    L_u8KeyValue = Global_u8ArrOfKeyValue[L_u8RowCounter][L_u8ColCounter];
    39d8:	8f 85       	ldd	r24, Y+15	; 0x0f
    39da:	98 89       	ldd	r25, Y+16	; 0x10
    39dc:	2a 89       	ldd	r18, Y+18	; 0x12
    39de:	3b 89       	ldd	r19, Y+19	; 0x13
    39e0:	88 0f       	add	r24, r24
    39e2:	99 1f       	adc	r25, r25
    39e4:	88 0f       	add	r24, r24
    39e6:	99 1f       	adc	r25, r25
    39e8:	82 0f       	add	r24, r18
    39ea:	93 1f       	adc	r25, r19
    39ec:	fc 01       	movw	r30, r24
    39ee:	e3 57       	subi	r30, 0x73	; 115
    39f0:	fe 4f       	sbci	r31, 0xFE	; 254
    39f2:	80 81       	ld	r24, Z
    39f4:	8c 8b       	std	Y+20, r24	; 0x14

                    while(MDIO_pinValueGetPinValue(KEYPAD_PORT, G_u8ArrOfRows[L_u8RowCounter]) == KEYPAD_PRESSED);
    39f6:	8f 85       	ldd	r24, Y+15	; 0x0f
    39f8:	98 89       	ldd	r25, Y+16	; 0x10
    39fa:	fc 01       	movw	r30, r24
    39fc:	e3 56       	subi	r30, 0x63	; 99
    39fe:	fe 4f       	sbci	r31, 0xFE	; 254
    3a00:	90 81       	ld	r25, Z
    3a02:	82 e0       	ldi	r24, 0x02	; 2
    3a04:	69 2f       	mov	r22, r25
    3a06:	0e 94 7b 1b 	call	0x36f6	; 0x36f6 <MDIO_pinValueGetPinValue>
    3a0a:	88 23       	and	r24, r24
    3a0c:	a1 f3       	breq	.-24     	; 0x39f6 <KEYPAD_u8GetPressedKey+0x198>
                    return L_u8KeyValue;
    3a0e:	8c 89       	ldd	r24, Y+20	; 0x14
    3a10:	8d 8b       	std	Y+21, r24	; 0x15
    3a12:	18 c0       	rjmp	.+48     	; 0x3a44 <KEYPAD_u8GetPressedKey+0x1e6>
        {
            MDIO_voidSetPinValue(KEYPAD_PORT, G_u8ArrOfCols[c],
                (c == L_u8ColCounter) ? DIO_LOW : DIO_HIGH);
        }

        for(u16 L_u8RowCounter = 0; L_u8RowCounter < ROW_NO; L_u8RowCounter++)
    3a14:	8f 85       	ldd	r24, Y+15	; 0x0f
    3a16:	98 89       	ldd	r25, Y+16	; 0x10
    3a18:	01 96       	adiw	r24, 0x01	; 1
    3a1a:	98 8b       	std	Y+16, r25	; 0x10
    3a1c:	8f 87       	std	Y+15, r24	; 0x0f
    3a1e:	8f 85       	ldd	r24, Y+15	; 0x0f
    3a20:	98 89       	ldd	r25, Y+16	; 0x10
    3a22:	84 30       	cpi	r24, 0x04	; 4
    3a24:	91 05       	cpc	r25, r1
    3a26:	08 f4       	brcc	.+2      	; 0x3a2a <KEYPAD_u8GetPressedKey+0x1cc>
    3a28:	4c cf       	rjmp	.-360    	; 0x38c2 <KEYPAD_u8GetPressedKey+0x64>
{
    u8 static G_u8ArrOfCols[COL_NO] = KEYPAD_COLS;
    u8 static G_u8ArrOfRows[ROW_NO] = KEYPAD_ROWS;
    u8 L_u8KeyValue = 255;

    for(u16 L_u8ColCounter = 0; L_u8ColCounter < COL_NO; L_u8ColCounter++)
    3a2a:	8a 89       	ldd	r24, Y+18	; 0x12
    3a2c:	9b 89       	ldd	r25, Y+19	; 0x13
    3a2e:	01 96       	adiw	r24, 0x01	; 1
    3a30:	9b 8b       	std	Y+19, r25	; 0x13
    3a32:	8a 8b       	std	Y+18, r24	; 0x12
    3a34:	8a 89       	ldd	r24, Y+18	; 0x12
    3a36:	9b 89       	ldd	r25, Y+19	; 0x13
    3a38:	84 30       	cpi	r24, 0x04	; 4
    3a3a:	91 05       	cpc	r25, r1
    3a3c:	08 f4       	brcc	.+2      	; 0x3a40 <KEYPAD_u8GetPressedKey+0x1e2>
    3a3e:	1e cf       	rjmp	.-452    	; 0x387c <KEYPAD_u8GetPressedKey+0x1e>
                    return L_u8KeyValue;
                }
            }
        }
    }
    return L_u8KeyValue;
    3a40:	8c 89       	ldd	r24, Y+20	; 0x14
    3a42:	8d 8b       	std	Y+21, r24	; 0x15
    3a44:	8d 89       	ldd	r24, Y+21	; 0x15
}
    3a46:	67 96       	adiw	r28, 0x17	; 23
    3a48:	0f b6       	in	r0, 0x3f	; 63
    3a4a:	f8 94       	cli
    3a4c:	de bf       	out	0x3e, r29	; 62
    3a4e:	0f be       	out	0x3f, r0	; 63
    3a50:	cd bf       	out	0x3d, r28	; 61
    3a52:	cf 91       	pop	r28
    3a54:	df 91       	pop	r29
    3a56:	08 95       	ret

00003a58 <HLCD_voidInit>:
#include "../INCLUDE/HAL/LCD/LCD_PRIVATE.h"
#include "../INCLUDE/HAL/LCD/LCD_CFG.h"


void HLCD_voidInit(void)
{
    3a58:	df 93       	push	r29
    3a5a:	cf 93       	push	r28
    3a5c:	cd b7       	in	r28, 0x3d	; 61
    3a5e:	de b7       	in	r29, 0x3e	; 62
    3a60:	e8 97       	sbiw	r28, 0x38	; 56
    3a62:	0f b6       	in	r0, 0x3f	; 63
    3a64:	f8 94       	cli
    3a66:	de bf       	out	0x3e, r29	; 62
    3a68:	0f be       	out	0x3f, r0	; 63
    3a6a:	cd bf       	out	0x3d, r28	; 61
    MDIO_voidSetPortDirection(LCD_DATA_PORT, 0xFF);
    3a6c:	80 e0       	ldi	r24, 0x00	; 0
    3a6e:	6f ef       	ldi	r22, 0xFF	; 255
    3a70:	0e 94 37 1b 	call	0x366e	; 0x366e <MDIO_voidSetPortDirection>
    MDIO_voidSetPortValue(LCD_DATA_PORT, 0x00);
    3a74:	80 e0       	ldi	r24, 0x00	; 0
    3a76:	60 e0       	ldi	r22, 0x00	; 0
    3a78:	0e 94 f3 1a 	call	0x35e6	; 0x35e6 <MDIO_voidSetPortValue>

    MDIO_voidSetPortDirection(LCD_CONTROL_PORT, 0xFF);
    3a7c:	81 e0       	ldi	r24, 0x01	; 1
    3a7e:	6f ef       	ldi	r22, 0xFF	; 255
    3a80:	0e 94 37 1b 	call	0x366e	; 0x366e <MDIO_voidSetPortDirection>
    MDIO_voidSetPortValue(LCD_CONTROL_PORT, 0x00);
    3a84:	81 e0       	ldi	r24, 0x01	; 1
    3a86:	60 e0       	ldi	r22, 0x00	; 0
    3a88:	0e 94 f3 1a 	call	0x35e6	; 0x35e6 <MDIO_voidSetPortValue>
    3a8c:	80 e0       	ldi	r24, 0x00	; 0
    3a8e:	90 e0       	ldi	r25, 0x00	; 0
    3a90:	a0 e0       	ldi	r26, 0x00	; 0
    3a92:	b2 e4       	ldi	r27, 0x42	; 66
    3a94:	8d ab       	std	Y+53, r24	; 0x35
    3a96:	9e ab       	std	Y+54, r25	; 0x36
    3a98:	af ab       	std	Y+55, r26	; 0x37
    3a9a:	b8 af       	std	Y+56, r27	; 0x38
 */
void
_delay_ms(double __ms)
{
	uint16_t __ticks;
	double __tmp = ((F_CPU) / 4e3) * __ms;
    3a9c:	6d a9       	ldd	r22, Y+53	; 0x35
    3a9e:	7e a9       	ldd	r23, Y+54	; 0x36
    3aa0:	8f a9       	ldd	r24, Y+55	; 0x37
    3aa2:	98 ad       	ldd	r25, Y+56	; 0x38
    3aa4:	20 e0       	ldi	r18, 0x00	; 0
    3aa6:	30 e0       	ldi	r19, 0x00	; 0
    3aa8:	4a ef       	ldi	r20, 0xFA	; 250
    3aaa:	54 e4       	ldi	r21, 0x44	; 68
    3aac:	0e 94 fe 13 	call	0x27fc	; 0x27fc <__mulsf3>
    3ab0:	dc 01       	movw	r26, r24
    3ab2:	cb 01       	movw	r24, r22
    3ab4:	89 ab       	std	Y+49, r24	; 0x31
    3ab6:	9a ab       	std	Y+50, r25	; 0x32
    3ab8:	ab ab       	std	Y+51, r26	; 0x33
    3aba:	bc ab       	std	Y+52, r27	; 0x34
	if (__tmp < 1.0)
    3abc:	69 a9       	ldd	r22, Y+49	; 0x31
    3abe:	7a a9       	ldd	r23, Y+50	; 0x32
    3ac0:	8b a9       	ldd	r24, Y+51	; 0x33
    3ac2:	9c a9       	ldd	r25, Y+52	; 0x34
    3ac4:	20 e0       	ldi	r18, 0x00	; 0
    3ac6:	30 e0       	ldi	r19, 0x00	; 0
    3ac8:	40 e8       	ldi	r20, 0x80	; 128
    3aca:	5f e3       	ldi	r21, 0x3F	; 63
    3acc:	0e 94 58 15 	call	0x2ab0	; 0x2ab0 <__ltsf2>
    3ad0:	88 23       	and	r24, r24
    3ad2:	2c f4       	brge	.+10     	; 0x3ade <HLCD_voidInit+0x86>
		__ticks = 1;
    3ad4:	81 e0       	ldi	r24, 0x01	; 1
    3ad6:	90 e0       	ldi	r25, 0x00	; 0
    3ad8:	98 ab       	std	Y+48, r25	; 0x30
    3ada:	8f a7       	std	Y+47, r24	; 0x2f
    3adc:	3f c0       	rjmp	.+126    	; 0x3b5c <HLCD_voidInit+0x104>
	else if (__tmp > 65535)
    3ade:	69 a9       	ldd	r22, Y+49	; 0x31
    3ae0:	7a a9       	ldd	r23, Y+50	; 0x32
    3ae2:	8b a9       	ldd	r24, Y+51	; 0x33
    3ae4:	9c a9       	ldd	r25, Y+52	; 0x34
    3ae6:	20 e0       	ldi	r18, 0x00	; 0
    3ae8:	3f ef       	ldi	r19, 0xFF	; 255
    3aea:	4f e7       	ldi	r20, 0x7F	; 127
    3aec:	57 e4       	ldi	r21, 0x47	; 71
    3aee:	0e 94 f8 14 	call	0x29f0	; 0x29f0 <__gtsf2>
    3af2:	18 16       	cp	r1, r24
    3af4:	4c f5       	brge	.+82     	; 0x3b48 <HLCD_voidInit+0xf0>
	{
		//	__ticks = requested delay in 1/10 ms
		__ticks = (uint16_t) (__ms * 10.0);
    3af6:	6d a9       	ldd	r22, Y+53	; 0x35
    3af8:	7e a9       	ldd	r23, Y+54	; 0x36
    3afa:	8f a9       	ldd	r24, Y+55	; 0x37
    3afc:	98 ad       	ldd	r25, Y+56	; 0x38
    3afe:	20 e0       	ldi	r18, 0x00	; 0
    3b00:	30 e0       	ldi	r19, 0x00	; 0
    3b02:	40 e2       	ldi	r20, 0x20	; 32
    3b04:	51 e4       	ldi	r21, 0x41	; 65
    3b06:	0e 94 fe 13 	call	0x27fc	; 0x27fc <__mulsf3>
    3b0a:	dc 01       	movw	r26, r24
    3b0c:	cb 01       	movw	r24, r22
    3b0e:	bc 01       	movw	r22, r24
    3b10:	cd 01       	movw	r24, r26
    3b12:	0e 94 c3 01 	call	0x386	; 0x386 <__fixunssfsi>
    3b16:	dc 01       	movw	r26, r24
    3b18:	cb 01       	movw	r24, r22
    3b1a:	98 ab       	std	Y+48, r25	; 0x30
    3b1c:	8f a7       	std	Y+47, r24	; 0x2f
    3b1e:	0f c0       	rjmp	.+30     	; 0x3b3e <HLCD_voidInit+0xe6>
    3b20:	88 ec       	ldi	r24, 0xC8	; 200
    3b22:	90 e0       	ldi	r25, 0x00	; 0
    3b24:	9e a7       	std	Y+46, r25	; 0x2e
    3b26:	8d a7       	std	Y+45, r24	; 0x2d
    3b28:	8d a5       	ldd	r24, Y+45	; 0x2d
    3b2a:	9e a5       	ldd	r25, Y+46	; 0x2e
    3b2c:	01 97       	sbiw	r24, 0x01	; 1
    3b2e:	f1 f7       	brne	.-4      	; 0x3b2c <HLCD_voidInit+0xd4>
    3b30:	9e a7       	std	Y+46, r25	; 0x2e
    3b32:	8d a7       	std	Y+45, r24	; 0x2d
		while(__ticks)
		{
			// wait 1/10 ms
			_delay_loop_2(((F_CPU) / 4e3) / 10);
			__ticks --;
    3b34:	8f a5       	ldd	r24, Y+47	; 0x2f
    3b36:	98 a9       	ldd	r25, Y+48	; 0x30
    3b38:	01 97       	sbiw	r24, 0x01	; 1
    3b3a:	98 ab       	std	Y+48, r25	; 0x30
    3b3c:	8f a7       	std	Y+47, r24	; 0x2f
		__ticks = 1;
	else if (__tmp > 65535)
	{
		//	__ticks = requested delay in 1/10 ms
		__ticks = (uint16_t) (__ms * 10.0);
		while(__ticks)
    3b3e:	8f a5       	ldd	r24, Y+47	; 0x2f
    3b40:	98 a9       	ldd	r25, Y+48	; 0x30
    3b42:	00 97       	sbiw	r24, 0x00	; 0
    3b44:	69 f7       	brne	.-38     	; 0x3b20 <HLCD_voidInit+0xc8>
    3b46:	14 c0       	rjmp	.+40     	; 0x3b70 <HLCD_voidInit+0x118>
			__ticks --;
		}
		return;
	}
	else
		__ticks = (uint16_t)__tmp;
    3b48:	69 a9       	ldd	r22, Y+49	; 0x31
    3b4a:	7a a9       	ldd	r23, Y+50	; 0x32
    3b4c:	8b a9       	ldd	r24, Y+51	; 0x33
    3b4e:	9c a9       	ldd	r25, Y+52	; 0x34
    3b50:	0e 94 c3 01 	call	0x386	; 0x386 <__fixunssfsi>
    3b54:	dc 01       	movw	r26, r24
    3b56:	cb 01       	movw	r24, r22
    3b58:	98 ab       	std	Y+48, r25	; 0x30
    3b5a:	8f a7       	std	Y+47, r24	; 0x2f
    3b5c:	8f a5       	ldd	r24, Y+47	; 0x2f
    3b5e:	98 a9       	ldd	r25, Y+48	; 0x30
    3b60:	9c a7       	std	Y+44, r25	; 0x2c
    3b62:	8b a7       	std	Y+43, r24	; 0x2b
    3b64:	8b a5       	ldd	r24, Y+43	; 0x2b
    3b66:	9c a5       	ldd	r25, Y+44	; 0x2c
    3b68:	01 97       	sbiw	r24, 0x01	; 1
    3b6a:	f1 f7       	brne	.-4      	; 0x3b68 <HLCD_voidInit+0x110>
    3b6c:	9c a7       	std	Y+44, r25	; 0x2c
    3b6e:	8b a7       	std	Y+43, r24	; 0x2b

	_delay_ms(32);

	HLCD_voidSendCommand(FUNCTION_SET);
    3b70:	88 e3       	ldi	r24, 0x38	; 56
    3b72:	0e 94 23 1f 	call	0x3e46	; 0x3e46 <HLCD_voidSendCommand>
    3b76:	80 e0       	ldi	r24, 0x00	; 0
    3b78:	90 e0       	ldi	r25, 0x00	; 0
    3b7a:	a0 e8       	ldi	r26, 0x80	; 128
    3b7c:	bf e3       	ldi	r27, 0x3F	; 63
    3b7e:	8f a3       	std	Y+39, r24	; 0x27
    3b80:	98 a7       	std	Y+40, r25	; 0x28
    3b82:	a9 a7       	std	Y+41, r26	; 0x29
    3b84:	ba a7       	std	Y+42, r27	; 0x2a
 */
void
_delay_ms(double __ms)
{
	uint16_t __ticks;
	double __tmp = ((F_CPU) / 4e3) * __ms;
    3b86:	6f a1       	ldd	r22, Y+39	; 0x27
    3b88:	78 a5       	ldd	r23, Y+40	; 0x28
    3b8a:	89 a5       	ldd	r24, Y+41	; 0x29
    3b8c:	9a a5       	ldd	r25, Y+42	; 0x2a
    3b8e:	20 e0       	ldi	r18, 0x00	; 0
    3b90:	30 e0       	ldi	r19, 0x00	; 0
    3b92:	4a ef       	ldi	r20, 0xFA	; 250
    3b94:	54 e4       	ldi	r21, 0x44	; 68
    3b96:	0e 94 fe 13 	call	0x27fc	; 0x27fc <__mulsf3>
    3b9a:	dc 01       	movw	r26, r24
    3b9c:	cb 01       	movw	r24, r22
    3b9e:	8b a3       	std	Y+35, r24	; 0x23
    3ba0:	9c a3       	std	Y+36, r25	; 0x24
    3ba2:	ad a3       	std	Y+37, r26	; 0x25
    3ba4:	be a3       	std	Y+38, r27	; 0x26
	if (__tmp < 1.0)
    3ba6:	6b a1       	ldd	r22, Y+35	; 0x23
    3ba8:	7c a1       	ldd	r23, Y+36	; 0x24
    3baa:	8d a1       	ldd	r24, Y+37	; 0x25
    3bac:	9e a1       	ldd	r25, Y+38	; 0x26
    3bae:	20 e0       	ldi	r18, 0x00	; 0
    3bb0:	30 e0       	ldi	r19, 0x00	; 0
    3bb2:	40 e8       	ldi	r20, 0x80	; 128
    3bb4:	5f e3       	ldi	r21, 0x3F	; 63
    3bb6:	0e 94 58 15 	call	0x2ab0	; 0x2ab0 <__ltsf2>
    3bba:	88 23       	and	r24, r24
    3bbc:	2c f4       	brge	.+10     	; 0x3bc8 <HLCD_voidInit+0x170>
		__ticks = 1;
    3bbe:	81 e0       	ldi	r24, 0x01	; 1
    3bc0:	90 e0       	ldi	r25, 0x00	; 0
    3bc2:	9a a3       	std	Y+34, r25	; 0x22
    3bc4:	89 a3       	std	Y+33, r24	; 0x21
    3bc6:	3f c0       	rjmp	.+126    	; 0x3c46 <HLCD_voidInit+0x1ee>
	else if (__tmp > 65535)
    3bc8:	6b a1       	ldd	r22, Y+35	; 0x23
    3bca:	7c a1       	ldd	r23, Y+36	; 0x24
    3bcc:	8d a1       	ldd	r24, Y+37	; 0x25
    3bce:	9e a1       	ldd	r25, Y+38	; 0x26
    3bd0:	20 e0       	ldi	r18, 0x00	; 0
    3bd2:	3f ef       	ldi	r19, 0xFF	; 255
    3bd4:	4f e7       	ldi	r20, 0x7F	; 127
    3bd6:	57 e4       	ldi	r21, 0x47	; 71
    3bd8:	0e 94 f8 14 	call	0x29f0	; 0x29f0 <__gtsf2>
    3bdc:	18 16       	cp	r1, r24
    3bde:	4c f5       	brge	.+82     	; 0x3c32 <HLCD_voidInit+0x1da>
	{
		//	__ticks = requested delay in 1/10 ms
		__ticks = (uint16_t) (__ms * 10.0);
    3be0:	6f a1       	ldd	r22, Y+39	; 0x27
    3be2:	78 a5       	ldd	r23, Y+40	; 0x28
    3be4:	89 a5       	ldd	r24, Y+41	; 0x29
    3be6:	9a a5       	ldd	r25, Y+42	; 0x2a
    3be8:	20 e0       	ldi	r18, 0x00	; 0
    3bea:	30 e0       	ldi	r19, 0x00	; 0
    3bec:	40 e2       	ldi	r20, 0x20	; 32
    3bee:	51 e4       	ldi	r21, 0x41	; 65
    3bf0:	0e 94 fe 13 	call	0x27fc	; 0x27fc <__mulsf3>
    3bf4:	dc 01       	movw	r26, r24
    3bf6:	cb 01       	movw	r24, r22
    3bf8:	bc 01       	movw	r22, r24
    3bfa:	cd 01       	movw	r24, r26
    3bfc:	0e 94 c3 01 	call	0x386	; 0x386 <__fixunssfsi>
    3c00:	dc 01       	movw	r26, r24
    3c02:	cb 01       	movw	r24, r22
    3c04:	9a a3       	std	Y+34, r25	; 0x22
    3c06:	89 a3       	std	Y+33, r24	; 0x21
    3c08:	0f c0       	rjmp	.+30     	; 0x3c28 <HLCD_voidInit+0x1d0>
    3c0a:	88 ec       	ldi	r24, 0xC8	; 200
    3c0c:	90 e0       	ldi	r25, 0x00	; 0
    3c0e:	98 a3       	std	Y+32, r25	; 0x20
    3c10:	8f 8f       	std	Y+31, r24	; 0x1f
    3c12:	8f 8d       	ldd	r24, Y+31	; 0x1f
    3c14:	98 a1       	ldd	r25, Y+32	; 0x20
    3c16:	01 97       	sbiw	r24, 0x01	; 1
    3c18:	f1 f7       	brne	.-4      	; 0x3c16 <HLCD_voidInit+0x1be>
    3c1a:	98 a3       	std	Y+32, r25	; 0x20
    3c1c:	8f 8f       	std	Y+31, r24	; 0x1f
		while(__ticks)
		{
			// wait 1/10 ms
			_delay_loop_2(((F_CPU) / 4e3) / 10);
			__ticks --;
    3c1e:	89 a1       	ldd	r24, Y+33	; 0x21
    3c20:	9a a1       	ldd	r25, Y+34	; 0x22
    3c22:	01 97       	sbiw	r24, 0x01	; 1
    3c24:	9a a3       	std	Y+34, r25	; 0x22
    3c26:	89 a3       	std	Y+33, r24	; 0x21
		__ticks = 1;
	else if (__tmp > 65535)
	{
		//	__ticks = requested delay in 1/10 ms
		__ticks = (uint16_t) (__ms * 10.0);
		while(__ticks)
    3c28:	89 a1       	ldd	r24, Y+33	; 0x21
    3c2a:	9a a1       	ldd	r25, Y+34	; 0x22
    3c2c:	00 97       	sbiw	r24, 0x00	; 0
    3c2e:	69 f7       	brne	.-38     	; 0x3c0a <HLCD_voidInit+0x1b2>
    3c30:	14 c0       	rjmp	.+40     	; 0x3c5a <HLCD_voidInit+0x202>
			__ticks --;
		}
		return;
	}
	else
		__ticks = (uint16_t)__tmp;
    3c32:	6b a1       	ldd	r22, Y+35	; 0x23
    3c34:	7c a1       	ldd	r23, Y+36	; 0x24
    3c36:	8d a1       	ldd	r24, Y+37	; 0x25
    3c38:	9e a1       	ldd	r25, Y+38	; 0x26
    3c3a:	0e 94 c3 01 	call	0x386	; 0x386 <__fixunssfsi>
    3c3e:	dc 01       	movw	r26, r24
    3c40:	cb 01       	movw	r24, r22
    3c42:	9a a3       	std	Y+34, r25	; 0x22
    3c44:	89 a3       	std	Y+33, r24	; 0x21
    3c46:	89 a1       	ldd	r24, Y+33	; 0x21
    3c48:	9a a1       	ldd	r25, Y+34	; 0x22
    3c4a:	9e 8f       	std	Y+30, r25	; 0x1e
    3c4c:	8d 8f       	std	Y+29, r24	; 0x1d
    3c4e:	8d 8d       	ldd	r24, Y+29	; 0x1d
    3c50:	9e 8d       	ldd	r25, Y+30	; 0x1e
    3c52:	01 97       	sbiw	r24, 0x01	; 1
    3c54:	f1 f7       	brne	.-4      	; 0x3c52 <HLCD_voidInit+0x1fa>
    3c56:	9e 8f       	std	Y+30, r25	; 0x1e
    3c58:	8d 8f       	std	Y+29, r24	; 0x1d

	_delay_ms(1);

	HLCD_voidSendCommand(DISPLAY_ON_OFF_CONTROL);
    3c5a:	8f e0       	ldi	r24, 0x0F	; 15
    3c5c:	0e 94 23 1f 	call	0x3e46	; 0x3e46 <HLCD_voidSendCommand>
    3c60:	80 e0       	ldi	r24, 0x00	; 0
    3c62:	90 e0       	ldi	r25, 0x00	; 0
    3c64:	a0 e8       	ldi	r26, 0x80	; 128
    3c66:	bf e3       	ldi	r27, 0x3F	; 63
    3c68:	89 8f       	std	Y+25, r24	; 0x19
    3c6a:	9a 8f       	std	Y+26, r25	; 0x1a
    3c6c:	ab 8f       	std	Y+27, r26	; 0x1b
    3c6e:	bc 8f       	std	Y+28, r27	; 0x1c
 */
void
_delay_ms(double __ms)
{
	uint16_t __ticks;
	double __tmp = ((F_CPU) / 4e3) * __ms;
    3c70:	69 8d       	ldd	r22, Y+25	; 0x19
    3c72:	7a 8d       	ldd	r23, Y+26	; 0x1a
    3c74:	8b 8d       	ldd	r24, Y+27	; 0x1b
    3c76:	9c 8d       	ldd	r25, Y+28	; 0x1c
    3c78:	20 e0       	ldi	r18, 0x00	; 0
    3c7a:	30 e0       	ldi	r19, 0x00	; 0
    3c7c:	4a ef       	ldi	r20, 0xFA	; 250
    3c7e:	54 e4       	ldi	r21, 0x44	; 68
    3c80:	0e 94 fe 13 	call	0x27fc	; 0x27fc <__mulsf3>
    3c84:	dc 01       	movw	r26, r24
    3c86:	cb 01       	movw	r24, r22
    3c88:	8d 8b       	std	Y+21, r24	; 0x15
    3c8a:	9e 8b       	std	Y+22, r25	; 0x16
    3c8c:	af 8b       	std	Y+23, r26	; 0x17
    3c8e:	b8 8f       	std	Y+24, r27	; 0x18
	if (__tmp < 1.0)
    3c90:	6d 89       	ldd	r22, Y+21	; 0x15
    3c92:	7e 89       	ldd	r23, Y+22	; 0x16
    3c94:	8f 89       	ldd	r24, Y+23	; 0x17
    3c96:	98 8d       	ldd	r25, Y+24	; 0x18
    3c98:	20 e0       	ldi	r18, 0x00	; 0
    3c9a:	30 e0       	ldi	r19, 0x00	; 0
    3c9c:	40 e8       	ldi	r20, 0x80	; 128
    3c9e:	5f e3       	ldi	r21, 0x3F	; 63
    3ca0:	0e 94 58 15 	call	0x2ab0	; 0x2ab0 <__ltsf2>
    3ca4:	88 23       	and	r24, r24
    3ca6:	2c f4       	brge	.+10     	; 0x3cb2 <HLCD_voidInit+0x25a>
		__ticks = 1;
    3ca8:	81 e0       	ldi	r24, 0x01	; 1
    3caa:	90 e0       	ldi	r25, 0x00	; 0
    3cac:	9c 8b       	std	Y+20, r25	; 0x14
    3cae:	8b 8b       	std	Y+19, r24	; 0x13
    3cb0:	3f c0       	rjmp	.+126    	; 0x3d30 <HLCD_voidInit+0x2d8>
	else if (__tmp > 65535)
    3cb2:	6d 89       	ldd	r22, Y+21	; 0x15
    3cb4:	7e 89       	ldd	r23, Y+22	; 0x16
    3cb6:	8f 89       	ldd	r24, Y+23	; 0x17
    3cb8:	98 8d       	ldd	r25, Y+24	; 0x18
    3cba:	20 e0       	ldi	r18, 0x00	; 0
    3cbc:	3f ef       	ldi	r19, 0xFF	; 255
    3cbe:	4f e7       	ldi	r20, 0x7F	; 127
    3cc0:	57 e4       	ldi	r21, 0x47	; 71
    3cc2:	0e 94 f8 14 	call	0x29f0	; 0x29f0 <__gtsf2>
    3cc6:	18 16       	cp	r1, r24
    3cc8:	4c f5       	brge	.+82     	; 0x3d1c <HLCD_voidInit+0x2c4>
	{
		//	__ticks = requested delay in 1/10 ms
		__ticks = (uint16_t) (__ms * 10.0);
    3cca:	69 8d       	ldd	r22, Y+25	; 0x19
    3ccc:	7a 8d       	ldd	r23, Y+26	; 0x1a
    3cce:	8b 8d       	ldd	r24, Y+27	; 0x1b
    3cd0:	9c 8d       	ldd	r25, Y+28	; 0x1c
    3cd2:	20 e0       	ldi	r18, 0x00	; 0
    3cd4:	30 e0       	ldi	r19, 0x00	; 0
    3cd6:	40 e2       	ldi	r20, 0x20	; 32
    3cd8:	51 e4       	ldi	r21, 0x41	; 65
    3cda:	0e 94 fe 13 	call	0x27fc	; 0x27fc <__mulsf3>
    3cde:	dc 01       	movw	r26, r24
    3ce0:	cb 01       	movw	r24, r22
    3ce2:	bc 01       	movw	r22, r24
    3ce4:	cd 01       	movw	r24, r26
    3ce6:	0e 94 c3 01 	call	0x386	; 0x386 <__fixunssfsi>
    3cea:	dc 01       	movw	r26, r24
    3cec:	cb 01       	movw	r24, r22
    3cee:	9c 8b       	std	Y+20, r25	; 0x14
    3cf0:	8b 8b       	std	Y+19, r24	; 0x13
    3cf2:	0f c0       	rjmp	.+30     	; 0x3d12 <HLCD_voidInit+0x2ba>
    3cf4:	88 ec       	ldi	r24, 0xC8	; 200
    3cf6:	90 e0       	ldi	r25, 0x00	; 0
    3cf8:	9a 8b       	std	Y+18, r25	; 0x12
    3cfa:	89 8b       	std	Y+17, r24	; 0x11
    3cfc:	89 89       	ldd	r24, Y+17	; 0x11
    3cfe:	9a 89       	ldd	r25, Y+18	; 0x12
    3d00:	01 97       	sbiw	r24, 0x01	; 1
    3d02:	f1 f7       	brne	.-4      	; 0x3d00 <HLCD_voidInit+0x2a8>
    3d04:	9a 8b       	std	Y+18, r25	; 0x12
    3d06:	89 8b       	std	Y+17, r24	; 0x11
		while(__ticks)
		{
			// wait 1/10 ms
			_delay_loop_2(((F_CPU) / 4e3) / 10);
			__ticks --;
    3d08:	8b 89       	ldd	r24, Y+19	; 0x13
    3d0a:	9c 89       	ldd	r25, Y+20	; 0x14
    3d0c:	01 97       	sbiw	r24, 0x01	; 1
    3d0e:	9c 8b       	std	Y+20, r25	; 0x14
    3d10:	8b 8b       	std	Y+19, r24	; 0x13
		__ticks = 1;
	else if (__tmp > 65535)
	{
		//	__ticks = requested delay in 1/10 ms
		__ticks = (uint16_t) (__ms * 10.0);
		while(__ticks)
    3d12:	8b 89       	ldd	r24, Y+19	; 0x13
    3d14:	9c 89       	ldd	r25, Y+20	; 0x14
    3d16:	00 97       	sbiw	r24, 0x00	; 0
    3d18:	69 f7       	brne	.-38     	; 0x3cf4 <HLCD_voidInit+0x29c>
    3d1a:	14 c0       	rjmp	.+40     	; 0x3d44 <HLCD_voidInit+0x2ec>
			__ticks --;
		}
		return;
	}
	else
		__ticks = (uint16_t)__tmp;
    3d1c:	6d 89       	ldd	r22, Y+21	; 0x15
    3d1e:	7e 89       	ldd	r23, Y+22	; 0x16
    3d20:	8f 89       	ldd	r24, Y+23	; 0x17
    3d22:	98 8d       	ldd	r25, Y+24	; 0x18
    3d24:	0e 94 c3 01 	call	0x386	; 0x386 <__fixunssfsi>
    3d28:	dc 01       	movw	r26, r24
    3d2a:	cb 01       	movw	r24, r22
    3d2c:	9c 8b       	std	Y+20, r25	; 0x14
    3d2e:	8b 8b       	std	Y+19, r24	; 0x13
    3d30:	8b 89       	ldd	r24, Y+19	; 0x13
    3d32:	9c 89       	ldd	r25, Y+20	; 0x14
    3d34:	98 8b       	std	Y+16, r25	; 0x10
    3d36:	8f 87       	std	Y+15, r24	; 0x0f
    3d38:	8f 85       	ldd	r24, Y+15	; 0x0f
    3d3a:	98 89       	ldd	r25, Y+16	; 0x10
    3d3c:	01 97       	sbiw	r24, 0x01	; 1
    3d3e:	f1 f7       	brne	.-4      	; 0x3d3c <HLCD_voidInit+0x2e4>
    3d40:	98 8b       	std	Y+16, r25	; 0x10
    3d42:	8f 87       	std	Y+15, r24	; 0x0f

	_delay_ms(1);

	HLCD_voidSendCommand(DISPLAY_CLEAR);
    3d44:	81 e0       	ldi	r24, 0x01	; 1
    3d46:	0e 94 23 1f 	call	0x3e46	; 0x3e46 <HLCD_voidSendCommand>
    3d4a:	80 e0       	ldi	r24, 0x00	; 0
    3d4c:	90 e0       	ldi	r25, 0x00	; 0
    3d4e:	a0 e0       	ldi	r26, 0x00	; 0
    3d50:	b0 e4       	ldi	r27, 0x40	; 64
    3d52:	8b 87       	std	Y+11, r24	; 0x0b
    3d54:	9c 87       	std	Y+12, r25	; 0x0c
    3d56:	ad 87       	std	Y+13, r26	; 0x0d
    3d58:	be 87       	std	Y+14, r27	; 0x0e
 */
void
_delay_ms(double __ms)
{
	uint16_t __ticks;
	double __tmp = ((F_CPU) / 4e3) * __ms;
    3d5a:	6b 85       	ldd	r22, Y+11	; 0x0b
    3d5c:	7c 85       	ldd	r23, Y+12	; 0x0c
    3d5e:	8d 85       	ldd	r24, Y+13	; 0x0d
    3d60:	9e 85       	ldd	r25, Y+14	; 0x0e
    3d62:	20 e0       	ldi	r18, 0x00	; 0
    3d64:	30 e0       	ldi	r19, 0x00	; 0
    3d66:	4a ef       	ldi	r20, 0xFA	; 250
    3d68:	54 e4       	ldi	r21, 0x44	; 68
    3d6a:	0e 94 fe 13 	call	0x27fc	; 0x27fc <__mulsf3>
    3d6e:	dc 01       	movw	r26, r24
    3d70:	cb 01       	movw	r24, r22
    3d72:	8f 83       	std	Y+7, r24	; 0x07
    3d74:	98 87       	std	Y+8, r25	; 0x08
    3d76:	a9 87       	std	Y+9, r26	; 0x09
    3d78:	ba 87       	std	Y+10, r27	; 0x0a
	if (__tmp < 1.0)
    3d7a:	6f 81       	ldd	r22, Y+7	; 0x07
    3d7c:	78 85       	ldd	r23, Y+8	; 0x08
    3d7e:	89 85       	ldd	r24, Y+9	; 0x09
    3d80:	9a 85       	ldd	r25, Y+10	; 0x0a
    3d82:	20 e0       	ldi	r18, 0x00	; 0
    3d84:	30 e0       	ldi	r19, 0x00	; 0
    3d86:	40 e8       	ldi	r20, 0x80	; 128
    3d88:	5f e3       	ldi	r21, 0x3F	; 63
    3d8a:	0e 94 58 15 	call	0x2ab0	; 0x2ab0 <__ltsf2>
    3d8e:	88 23       	and	r24, r24
    3d90:	2c f4       	brge	.+10     	; 0x3d9c <HLCD_voidInit+0x344>
		__ticks = 1;
    3d92:	81 e0       	ldi	r24, 0x01	; 1
    3d94:	90 e0       	ldi	r25, 0x00	; 0
    3d96:	9e 83       	std	Y+6, r25	; 0x06
    3d98:	8d 83       	std	Y+5, r24	; 0x05
    3d9a:	3f c0       	rjmp	.+126    	; 0x3e1a <HLCD_voidInit+0x3c2>
	else if (__tmp > 65535)
    3d9c:	6f 81       	ldd	r22, Y+7	; 0x07
    3d9e:	78 85       	ldd	r23, Y+8	; 0x08
    3da0:	89 85       	ldd	r24, Y+9	; 0x09
    3da2:	9a 85       	ldd	r25, Y+10	; 0x0a
    3da4:	20 e0       	ldi	r18, 0x00	; 0
    3da6:	3f ef       	ldi	r19, 0xFF	; 255
    3da8:	4f e7       	ldi	r20, 0x7F	; 127
    3daa:	57 e4       	ldi	r21, 0x47	; 71
    3dac:	0e 94 f8 14 	call	0x29f0	; 0x29f0 <__gtsf2>
    3db0:	18 16       	cp	r1, r24
    3db2:	4c f5       	brge	.+82     	; 0x3e06 <HLCD_voidInit+0x3ae>
	{
		//	__ticks = requested delay in 1/10 ms
		__ticks = (uint16_t) (__ms * 10.0);
    3db4:	6b 85       	ldd	r22, Y+11	; 0x0b
    3db6:	7c 85       	ldd	r23, Y+12	; 0x0c
    3db8:	8d 85       	ldd	r24, Y+13	; 0x0d
    3dba:	9e 85       	ldd	r25, Y+14	; 0x0e
    3dbc:	20 e0       	ldi	r18, 0x00	; 0
    3dbe:	30 e0       	ldi	r19, 0x00	; 0
    3dc0:	40 e2       	ldi	r20, 0x20	; 32
    3dc2:	51 e4       	ldi	r21, 0x41	; 65
    3dc4:	0e 94 fe 13 	call	0x27fc	; 0x27fc <__mulsf3>
    3dc8:	dc 01       	movw	r26, r24
    3dca:	cb 01       	movw	r24, r22
    3dcc:	bc 01       	movw	r22, r24
    3dce:	cd 01       	movw	r24, r26
    3dd0:	0e 94 c3 01 	call	0x386	; 0x386 <__fixunssfsi>
    3dd4:	dc 01       	movw	r26, r24
    3dd6:	cb 01       	movw	r24, r22
    3dd8:	9e 83       	std	Y+6, r25	; 0x06
    3dda:	8d 83       	std	Y+5, r24	; 0x05
    3ddc:	0f c0       	rjmp	.+30     	; 0x3dfc <HLCD_voidInit+0x3a4>
    3dde:	88 ec       	ldi	r24, 0xC8	; 200
    3de0:	90 e0       	ldi	r25, 0x00	; 0
    3de2:	9c 83       	std	Y+4, r25	; 0x04
    3de4:	8b 83       	std	Y+3, r24	; 0x03
    3de6:	8b 81       	ldd	r24, Y+3	; 0x03
    3de8:	9c 81       	ldd	r25, Y+4	; 0x04
    3dea:	01 97       	sbiw	r24, 0x01	; 1
    3dec:	f1 f7       	brne	.-4      	; 0x3dea <HLCD_voidInit+0x392>
    3dee:	9c 83       	std	Y+4, r25	; 0x04
    3df0:	8b 83       	std	Y+3, r24	; 0x03
		while(__ticks)
		{
			// wait 1/10 ms
			_delay_loop_2(((F_CPU) / 4e3) / 10);
			__ticks --;
    3df2:	8d 81       	ldd	r24, Y+5	; 0x05
    3df4:	9e 81       	ldd	r25, Y+6	; 0x06
    3df6:	01 97       	sbiw	r24, 0x01	; 1
    3df8:	9e 83       	std	Y+6, r25	; 0x06
    3dfa:	8d 83       	std	Y+5, r24	; 0x05
		__ticks = 1;
	else if (__tmp > 65535)
	{
		//	__ticks = requested delay in 1/10 ms
		__ticks = (uint16_t) (__ms * 10.0);
		while(__ticks)
    3dfc:	8d 81       	ldd	r24, Y+5	; 0x05
    3dfe:	9e 81       	ldd	r25, Y+6	; 0x06
    3e00:	00 97       	sbiw	r24, 0x00	; 0
    3e02:	69 f7       	brne	.-38     	; 0x3dde <HLCD_voidInit+0x386>
    3e04:	14 c0       	rjmp	.+40     	; 0x3e2e <HLCD_voidInit+0x3d6>
			__ticks --;
		}
		return;
	}
	else
		__ticks = (uint16_t)__tmp;
    3e06:	6f 81       	ldd	r22, Y+7	; 0x07
    3e08:	78 85       	ldd	r23, Y+8	; 0x08
    3e0a:	89 85       	ldd	r24, Y+9	; 0x09
    3e0c:	9a 85       	ldd	r25, Y+10	; 0x0a
    3e0e:	0e 94 c3 01 	call	0x386	; 0x386 <__fixunssfsi>
    3e12:	dc 01       	movw	r26, r24
    3e14:	cb 01       	movw	r24, r22
    3e16:	9e 83       	std	Y+6, r25	; 0x06
    3e18:	8d 83       	std	Y+5, r24	; 0x05
    3e1a:	8d 81       	ldd	r24, Y+5	; 0x05
    3e1c:	9e 81       	ldd	r25, Y+6	; 0x06
    3e1e:	9a 83       	std	Y+2, r25	; 0x02
    3e20:	89 83       	std	Y+1, r24	; 0x01
    3e22:	89 81       	ldd	r24, Y+1	; 0x01
    3e24:	9a 81       	ldd	r25, Y+2	; 0x02
    3e26:	01 97       	sbiw	r24, 0x01	; 1
    3e28:	f1 f7       	brne	.-4      	; 0x3e26 <HLCD_voidInit+0x3ce>
    3e2a:	9a 83       	std	Y+2, r25	; 0x02
    3e2c:	89 83       	std	Y+1, r24	; 0x01

	_delay_ms(2);

	HLCD_voidSendCommand(ENTRY_MODE_SET);
    3e2e:	86 e0       	ldi	r24, 0x06	; 6
    3e30:	0e 94 23 1f 	call	0x3e46	; 0x3e46 <HLCD_voidSendCommand>

}
    3e34:	e8 96       	adiw	r28, 0x38	; 56
    3e36:	0f b6       	in	r0, 0x3f	; 63
    3e38:	f8 94       	cli
    3e3a:	de bf       	out	0x3e, r29	; 62
    3e3c:	0f be       	out	0x3f, r0	; 63
    3e3e:	cd bf       	out	0x3d, r28	; 61
    3e40:	cf 91       	pop	r28
    3e42:	df 91       	pop	r29
    3e44:	08 95       	ret

00003e46 <HLCD_voidSendCommand>:

void HLCD_voidSendCommand(u8 A_u8Command)
{
    3e46:	df 93       	push	r29
    3e48:	cf 93       	push	r28
    3e4a:	cd b7       	in	r28, 0x3d	; 61
    3e4c:	de b7       	in	r29, 0x3e	; 62
    3e4e:	2f 97       	sbiw	r28, 0x0f	; 15
    3e50:	0f b6       	in	r0, 0x3f	; 63
    3e52:	f8 94       	cli
    3e54:	de bf       	out	0x3e, r29	; 62
    3e56:	0f be       	out	0x3f, r0	; 63
    3e58:	cd bf       	out	0x3d, r28	; 61
    3e5a:	8f 87       	std	Y+15, r24	; 0x0f

	MDIO_voidSetPinValue(LCD_CONTROL_PORT,LCD_RS_PIN,DIO_LOW);
    3e5c:	81 e0       	ldi	r24, 0x01	; 1
    3e5e:	60 e0       	ldi	r22, 0x00	; 0
    3e60:	40 e0       	ldi	r20, 0x00	; 0
    3e62:	0e 94 c7 18 	call	0x318e	; 0x318e <MDIO_voidSetPinValue>
	MDIO_voidSetPinValue(LCD_CONTROL_PORT,LCD_RW_PIN,DIO_LOW);
    3e66:	81 e0       	ldi	r24, 0x01	; 1
    3e68:	61 e0       	ldi	r22, 0x01	; 1
    3e6a:	40 e0       	ldi	r20, 0x00	; 0
    3e6c:	0e 94 c7 18 	call	0x318e	; 0x318e <MDIO_voidSetPinValue>


	MDIO_voidSetPortValue(LCD_DATA_PORT,A_u8Command);
    3e70:	80 e0       	ldi	r24, 0x00	; 0
    3e72:	6f 85       	ldd	r22, Y+15	; 0x0f
    3e74:	0e 94 f3 1a 	call	0x35e6	; 0x35e6 <MDIO_voidSetPortValue>


	MDIO_voidSetPinValue(LCD_CONTROL_PORT,LCD_E_PIN,DIO_HIGH);
    3e78:	81 e0       	ldi	r24, 0x01	; 1
    3e7a:	62 e0       	ldi	r22, 0x02	; 2
    3e7c:	41 e0       	ldi	r20, 0x01	; 1
    3e7e:	0e 94 c7 18 	call	0x318e	; 0x318e <MDIO_voidSetPinValue>
    3e82:	80 e0       	ldi	r24, 0x00	; 0
    3e84:	90 e0       	ldi	r25, 0x00	; 0
    3e86:	a0 e0       	ldi	r26, 0x00	; 0
    3e88:	b0 e4       	ldi	r27, 0x40	; 64
    3e8a:	8b 87       	std	Y+11, r24	; 0x0b
    3e8c:	9c 87       	std	Y+12, r25	; 0x0c
    3e8e:	ad 87       	std	Y+13, r26	; 0x0d
    3e90:	be 87       	std	Y+14, r27	; 0x0e
 */
void
_delay_ms(double __ms)
{
	uint16_t __ticks;
	double __tmp = ((F_CPU) / 4e3) * __ms;
    3e92:	6b 85       	ldd	r22, Y+11	; 0x0b
    3e94:	7c 85       	ldd	r23, Y+12	; 0x0c
    3e96:	8d 85       	ldd	r24, Y+13	; 0x0d
    3e98:	9e 85       	ldd	r25, Y+14	; 0x0e
    3e9a:	20 e0       	ldi	r18, 0x00	; 0
    3e9c:	30 e0       	ldi	r19, 0x00	; 0
    3e9e:	4a ef       	ldi	r20, 0xFA	; 250
    3ea0:	54 e4       	ldi	r21, 0x44	; 68
    3ea2:	0e 94 fe 13 	call	0x27fc	; 0x27fc <__mulsf3>
    3ea6:	dc 01       	movw	r26, r24
    3ea8:	cb 01       	movw	r24, r22
    3eaa:	8f 83       	std	Y+7, r24	; 0x07
    3eac:	98 87       	std	Y+8, r25	; 0x08
    3eae:	a9 87       	std	Y+9, r26	; 0x09
    3eb0:	ba 87       	std	Y+10, r27	; 0x0a
	if (__tmp < 1.0)
    3eb2:	6f 81       	ldd	r22, Y+7	; 0x07
    3eb4:	78 85       	ldd	r23, Y+8	; 0x08
    3eb6:	89 85       	ldd	r24, Y+9	; 0x09
    3eb8:	9a 85       	ldd	r25, Y+10	; 0x0a
    3eba:	20 e0       	ldi	r18, 0x00	; 0
    3ebc:	30 e0       	ldi	r19, 0x00	; 0
    3ebe:	40 e8       	ldi	r20, 0x80	; 128
    3ec0:	5f e3       	ldi	r21, 0x3F	; 63
    3ec2:	0e 94 58 15 	call	0x2ab0	; 0x2ab0 <__ltsf2>
    3ec6:	88 23       	and	r24, r24
    3ec8:	2c f4       	brge	.+10     	; 0x3ed4 <HLCD_voidSendCommand+0x8e>
		__ticks = 1;
    3eca:	81 e0       	ldi	r24, 0x01	; 1
    3ecc:	90 e0       	ldi	r25, 0x00	; 0
    3ece:	9e 83       	std	Y+6, r25	; 0x06
    3ed0:	8d 83       	std	Y+5, r24	; 0x05
    3ed2:	3f c0       	rjmp	.+126    	; 0x3f52 <HLCD_voidSendCommand+0x10c>
	else if (__tmp > 65535)
    3ed4:	6f 81       	ldd	r22, Y+7	; 0x07
    3ed6:	78 85       	ldd	r23, Y+8	; 0x08
    3ed8:	89 85       	ldd	r24, Y+9	; 0x09
    3eda:	9a 85       	ldd	r25, Y+10	; 0x0a
    3edc:	20 e0       	ldi	r18, 0x00	; 0
    3ede:	3f ef       	ldi	r19, 0xFF	; 255
    3ee0:	4f e7       	ldi	r20, 0x7F	; 127
    3ee2:	57 e4       	ldi	r21, 0x47	; 71
    3ee4:	0e 94 f8 14 	call	0x29f0	; 0x29f0 <__gtsf2>
    3ee8:	18 16       	cp	r1, r24
    3eea:	4c f5       	brge	.+82     	; 0x3f3e <HLCD_voidSendCommand+0xf8>
	{
		//	__ticks = requested delay in 1/10 ms
		__ticks = (uint16_t) (__ms * 10.0);
    3eec:	6b 85       	ldd	r22, Y+11	; 0x0b
    3eee:	7c 85       	ldd	r23, Y+12	; 0x0c
    3ef0:	8d 85       	ldd	r24, Y+13	; 0x0d
    3ef2:	9e 85       	ldd	r25, Y+14	; 0x0e
    3ef4:	20 e0       	ldi	r18, 0x00	; 0
    3ef6:	30 e0       	ldi	r19, 0x00	; 0
    3ef8:	40 e2       	ldi	r20, 0x20	; 32
    3efa:	51 e4       	ldi	r21, 0x41	; 65
    3efc:	0e 94 fe 13 	call	0x27fc	; 0x27fc <__mulsf3>
    3f00:	dc 01       	movw	r26, r24
    3f02:	cb 01       	movw	r24, r22
    3f04:	bc 01       	movw	r22, r24
    3f06:	cd 01       	movw	r24, r26
    3f08:	0e 94 c3 01 	call	0x386	; 0x386 <__fixunssfsi>
    3f0c:	dc 01       	movw	r26, r24
    3f0e:	cb 01       	movw	r24, r22
    3f10:	9e 83       	std	Y+6, r25	; 0x06
    3f12:	8d 83       	std	Y+5, r24	; 0x05
    3f14:	0f c0       	rjmp	.+30     	; 0x3f34 <HLCD_voidSendCommand+0xee>
    3f16:	88 ec       	ldi	r24, 0xC8	; 200
    3f18:	90 e0       	ldi	r25, 0x00	; 0
    3f1a:	9c 83       	std	Y+4, r25	; 0x04
    3f1c:	8b 83       	std	Y+3, r24	; 0x03
    3f1e:	8b 81       	ldd	r24, Y+3	; 0x03
    3f20:	9c 81       	ldd	r25, Y+4	; 0x04
    3f22:	01 97       	sbiw	r24, 0x01	; 1
    3f24:	f1 f7       	brne	.-4      	; 0x3f22 <HLCD_voidSendCommand+0xdc>
    3f26:	9c 83       	std	Y+4, r25	; 0x04
    3f28:	8b 83       	std	Y+3, r24	; 0x03
		while(__ticks)
		{
			// wait 1/10 ms
			_delay_loop_2(((F_CPU) / 4e3) / 10);
			__ticks --;
    3f2a:	8d 81       	ldd	r24, Y+5	; 0x05
    3f2c:	9e 81       	ldd	r25, Y+6	; 0x06
    3f2e:	01 97       	sbiw	r24, 0x01	; 1
    3f30:	9e 83       	std	Y+6, r25	; 0x06
    3f32:	8d 83       	std	Y+5, r24	; 0x05
		__ticks = 1;
	else if (__tmp > 65535)
	{
		//	__ticks = requested delay in 1/10 ms
		__ticks = (uint16_t) (__ms * 10.0);
		while(__ticks)
    3f34:	8d 81       	ldd	r24, Y+5	; 0x05
    3f36:	9e 81       	ldd	r25, Y+6	; 0x06
    3f38:	00 97       	sbiw	r24, 0x00	; 0
    3f3a:	69 f7       	brne	.-38     	; 0x3f16 <HLCD_voidSendCommand+0xd0>
    3f3c:	14 c0       	rjmp	.+40     	; 0x3f66 <HLCD_voidSendCommand+0x120>
			__ticks --;
		}
		return;
	}
	else
		__ticks = (uint16_t)__tmp;
    3f3e:	6f 81       	ldd	r22, Y+7	; 0x07
    3f40:	78 85       	ldd	r23, Y+8	; 0x08
    3f42:	89 85       	ldd	r24, Y+9	; 0x09
    3f44:	9a 85       	ldd	r25, Y+10	; 0x0a
    3f46:	0e 94 c3 01 	call	0x386	; 0x386 <__fixunssfsi>
    3f4a:	dc 01       	movw	r26, r24
    3f4c:	cb 01       	movw	r24, r22
    3f4e:	9e 83       	std	Y+6, r25	; 0x06
    3f50:	8d 83       	std	Y+5, r24	; 0x05
    3f52:	8d 81       	ldd	r24, Y+5	; 0x05
    3f54:	9e 81       	ldd	r25, Y+6	; 0x06
    3f56:	9a 83       	std	Y+2, r25	; 0x02
    3f58:	89 83       	std	Y+1, r24	; 0x01
    3f5a:	89 81       	ldd	r24, Y+1	; 0x01
    3f5c:	9a 81       	ldd	r25, Y+2	; 0x02
    3f5e:	01 97       	sbiw	r24, 0x01	; 1
    3f60:	f1 f7       	brne	.-4      	; 0x3f5e <HLCD_voidSendCommand+0x118>
    3f62:	9a 83       	std	Y+2, r25	; 0x02
    3f64:	89 83       	std	Y+1, r24	; 0x01
	_delay_ms(2);
	MDIO_voidSetPinValue(LCD_CONTROL_PORT,LCD_E_PIN,DIO_LOW);
    3f66:	81 e0       	ldi	r24, 0x01	; 1
    3f68:	62 e0       	ldi	r22, 0x02	; 2
    3f6a:	40 e0       	ldi	r20, 0x00	; 0
    3f6c:	0e 94 c7 18 	call	0x318e	; 0x318e <MDIO_voidSetPinValue>
}
    3f70:	2f 96       	adiw	r28, 0x0f	; 15
    3f72:	0f b6       	in	r0, 0x3f	; 63
    3f74:	f8 94       	cli
    3f76:	de bf       	out	0x3e, r29	; 62
    3f78:	0f be       	out	0x3f, r0	; 63
    3f7a:	cd bf       	out	0x3d, r28	; 61
    3f7c:	cf 91       	pop	r28
    3f7e:	df 91       	pop	r29
    3f80:	08 95       	ret

00003f82 <HLCD_voidSendData>:


void HLCD_voidSendData(u8 A_u8Data)
{
    3f82:	df 93       	push	r29
    3f84:	cf 93       	push	r28
    3f86:	cd b7       	in	r28, 0x3d	; 61
    3f88:	de b7       	in	r29, 0x3e	; 62
    3f8a:	2f 97       	sbiw	r28, 0x0f	; 15
    3f8c:	0f b6       	in	r0, 0x3f	; 63
    3f8e:	f8 94       	cli
    3f90:	de bf       	out	0x3e, r29	; 62
    3f92:	0f be       	out	0x3f, r0	; 63
    3f94:	cd bf       	out	0x3d, r28	; 61
    3f96:	8f 87       	std	Y+15, r24	; 0x0f

	MDIO_voidSetPinValue(LCD_CONTROL_PORT,LCD_RS_PIN,DIO_HIGH);
    3f98:	81 e0       	ldi	r24, 0x01	; 1
    3f9a:	60 e0       	ldi	r22, 0x00	; 0
    3f9c:	41 e0       	ldi	r20, 0x01	; 1
    3f9e:	0e 94 c7 18 	call	0x318e	; 0x318e <MDIO_voidSetPinValue>
	MDIO_voidSetPinValue(LCD_CONTROL_PORT,LCD_RW_PIN,DIO_LOW);
    3fa2:	81 e0       	ldi	r24, 0x01	; 1
    3fa4:	61 e0       	ldi	r22, 0x01	; 1
    3fa6:	40 e0       	ldi	r20, 0x00	; 0
    3fa8:	0e 94 c7 18 	call	0x318e	; 0x318e <MDIO_voidSetPinValue>

	MDIO_voidSetPortValue(LCD_DATA_PORT,A_u8Data);
    3fac:	80 e0       	ldi	r24, 0x00	; 0
    3fae:	6f 85       	ldd	r22, Y+15	; 0x0f
    3fb0:	0e 94 f3 1a 	call	0x35e6	; 0x35e6 <MDIO_voidSetPortValue>

	MDIO_voidSetPinValue(LCD_CONTROL_PORT,LCD_E_PIN,DIO_HIGH);
    3fb4:	81 e0       	ldi	r24, 0x01	; 1
    3fb6:	62 e0       	ldi	r22, 0x02	; 2
    3fb8:	41 e0       	ldi	r20, 0x01	; 1
    3fba:	0e 94 c7 18 	call	0x318e	; 0x318e <MDIO_voidSetPinValue>
    3fbe:	80 e0       	ldi	r24, 0x00	; 0
    3fc0:	90 e0       	ldi	r25, 0x00	; 0
    3fc2:	a0 e0       	ldi	r26, 0x00	; 0
    3fc4:	b0 e4       	ldi	r27, 0x40	; 64
    3fc6:	8b 87       	std	Y+11, r24	; 0x0b
    3fc8:	9c 87       	std	Y+12, r25	; 0x0c
    3fca:	ad 87       	std	Y+13, r26	; 0x0d
    3fcc:	be 87       	std	Y+14, r27	; 0x0e
 */
void
_delay_ms(double __ms)
{
	uint16_t __ticks;
	double __tmp = ((F_CPU) / 4e3) * __ms;
    3fce:	6b 85       	ldd	r22, Y+11	; 0x0b
    3fd0:	7c 85       	ldd	r23, Y+12	; 0x0c
    3fd2:	8d 85       	ldd	r24, Y+13	; 0x0d
    3fd4:	9e 85       	ldd	r25, Y+14	; 0x0e
    3fd6:	20 e0       	ldi	r18, 0x00	; 0
    3fd8:	30 e0       	ldi	r19, 0x00	; 0
    3fda:	4a ef       	ldi	r20, 0xFA	; 250
    3fdc:	54 e4       	ldi	r21, 0x44	; 68
    3fde:	0e 94 fe 13 	call	0x27fc	; 0x27fc <__mulsf3>
    3fe2:	dc 01       	movw	r26, r24
    3fe4:	cb 01       	movw	r24, r22
    3fe6:	8f 83       	std	Y+7, r24	; 0x07
    3fe8:	98 87       	std	Y+8, r25	; 0x08
    3fea:	a9 87       	std	Y+9, r26	; 0x09
    3fec:	ba 87       	std	Y+10, r27	; 0x0a
	if (__tmp < 1.0)
    3fee:	6f 81       	ldd	r22, Y+7	; 0x07
    3ff0:	78 85       	ldd	r23, Y+8	; 0x08
    3ff2:	89 85       	ldd	r24, Y+9	; 0x09
    3ff4:	9a 85       	ldd	r25, Y+10	; 0x0a
    3ff6:	20 e0       	ldi	r18, 0x00	; 0
    3ff8:	30 e0       	ldi	r19, 0x00	; 0
    3ffa:	40 e8       	ldi	r20, 0x80	; 128
    3ffc:	5f e3       	ldi	r21, 0x3F	; 63
    3ffe:	0e 94 58 15 	call	0x2ab0	; 0x2ab0 <__ltsf2>
    4002:	88 23       	and	r24, r24
    4004:	2c f4       	brge	.+10     	; 0x4010 <HLCD_voidSendData+0x8e>
		__ticks = 1;
    4006:	81 e0       	ldi	r24, 0x01	; 1
    4008:	90 e0       	ldi	r25, 0x00	; 0
    400a:	9e 83       	std	Y+6, r25	; 0x06
    400c:	8d 83       	std	Y+5, r24	; 0x05
    400e:	3f c0       	rjmp	.+126    	; 0x408e <HLCD_voidSendData+0x10c>
	else if (__tmp > 65535)
    4010:	6f 81       	ldd	r22, Y+7	; 0x07
    4012:	78 85       	ldd	r23, Y+8	; 0x08
    4014:	89 85       	ldd	r24, Y+9	; 0x09
    4016:	9a 85       	ldd	r25, Y+10	; 0x0a
    4018:	20 e0       	ldi	r18, 0x00	; 0
    401a:	3f ef       	ldi	r19, 0xFF	; 255
    401c:	4f e7       	ldi	r20, 0x7F	; 127
    401e:	57 e4       	ldi	r21, 0x47	; 71
    4020:	0e 94 f8 14 	call	0x29f0	; 0x29f0 <__gtsf2>
    4024:	18 16       	cp	r1, r24
    4026:	4c f5       	brge	.+82     	; 0x407a <HLCD_voidSendData+0xf8>
	{
		//	__ticks = requested delay in 1/10 ms
		__ticks = (uint16_t) (__ms * 10.0);
    4028:	6b 85       	ldd	r22, Y+11	; 0x0b
    402a:	7c 85       	ldd	r23, Y+12	; 0x0c
    402c:	8d 85       	ldd	r24, Y+13	; 0x0d
    402e:	9e 85       	ldd	r25, Y+14	; 0x0e
    4030:	20 e0       	ldi	r18, 0x00	; 0
    4032:	30 e0       	ldi	r19, 0x00	; 0
    4034:	40 e2       	ldi	r20, 0x20	; 32
    4036:	51 e4       	ldi	r21, 0x41	; 65
    4038:	0e 94 fe 13 	call	0x27fc	; 0x27fc <__mulsf3>
    403c:	dc 01       	movw	r26, r24
    403e:	cb 01       	movw	r24, r22
    4040:	bc 01       	movw	r22, r24
    4042:	cd 01       	movw	r24, r26
    4044:	0e 94 c3 01 	call	0x386	; 0x386 <__fixunssfsi>
    4048:	dc 01       	movw	r26, r24
    404a:	cb 01       	movw	r24, r22
    404c:	9e 83       	std	Y+6, r25	; 0x06
    404e:	8d 83       	std	Y+5, r24	; 0x05
    4050:	0f c0       	rjmp	.+30     	; 0x4070 <HLCD_voidSendData+0xee>
    4052:	88 ec       	ldi	r24, 0xC8	; 200
    4054:	90 e0       	ldi	r25, 0x00	; 0
    4056:	9c 83       	std	Y+4, r25	; 0x04
    4058:	8b 83       	std	Y+3, r24	; 0x03
    405a:	8b 81       	ldd	r24, Y+3	; 0x03
    405c:	9c 81       	ldd	r25, Y+4	; 0x04
    405e:	01 97       	sbiw	r24, 0x01	; 1
    4060:	f1 f7       	brne	.-4      	; 0x405e <HLCD_voidSendData+0xdc>
    4062:	9c 83       	std	Y+4, r25	; 0x04
    4064:	8b 83       	std	Y+3, r24	; 0x03
		while(__ticks)
		{
			// wait 1/10 ms
			_delay_loop_2(((F_CPU) / 4e3) / 10);
			__ticks --;
    4066:	8d 81       	ldd	r24, Y+5	; 0x05
    4068:	9e 81       	ldd	r25, Y+6	; 0x06
    406a:	01 97       	sbiw	r24, 0x01	; 1
    406c:	9e 83       	std	Y+6, r25	; 0x06
    406e:	8d 83       	std	Y+5, r24	; 0x05
		__ticks = 1;
	else if (__tmp > 65535)
	{
		//	__ticks = requested delay in 1/10 ms
		__ticks = (uint16_t) (__ms * 10.0);
		while(__ticks)
    4070:	8d 81       	ldd	r24, Y+5	; 0x05
    4072:	9e 81       	ldd	r25, Y+6	; 0x06
    4074:	00 97       	sbiw	r24, 0x00	; 0
    4076:	69 f7       	brne	.-38     	; 0x4052 <HLCD_voidSendData+0xd0>
    4078:	14 c0       	rjmp	.+40     	; 0x40a2 <HLCD_voidSendData+0x120>
			__ticks --;
		}
		return;
	}
	else
		__ticks = (uint16_t)__tmp;
    407a:	6f 81       	ldd	r22, Y+7	; 0x07
    407c:	78 85       	ldd	r23, Y+8	; 0x08
    407e:	89 85       	ldd	r24, Y+9	; 0x09
    4080:	9a 85       	ldd	r25, Y+10	; 0x0a
    4082:	0e 94 c3 01 	call	0x386	; 0x386 <__fixunssfsi>
    4086:	dc 01       	movw	r26, r24
    4088:	cb 01       	movw	r24, r22
    408a:	9e 83       	std	Y+6, r25	; 0x06
    408c:	8d 83       	std	Y+5, r24	; 0x05
    408e:	8d 81       	ldd	r24, Y+5	; 0x05
    4090:	9e 81       	ldd	r25, Y+6	; 0x06
    4092:	9a 83       	std	Y+2, r25	; 0x02
    4094:	89 83       	std	Y+1, r24	; 0x01
    4096:	89 81       	ldd	r24, Y+1	; 0x01
    4098:	9a 81       	ldd	r25, Y+2	; 0x02
    409a:	01 97       	sbiw	r24, 0x01	; 1
    409c:	f1 f7       	brne	.-4      	; 0x409a <HLCD_voidSendData+0x118>
    409e:	9a 83       	std	Y+2, r25	; 0x02
    40a0:	89 83       	std	Y+1, r24	; 0x01
		_delay_ms(2);
	MDIO_voidSetPinValue(LCD_CONTROL_PORT,LCD_E_PIN,DIO_LOW);
    40a2:	81 e0       	ldi	r24, 0x01	; 1
    40a4:	62 e0       	ldi	r22, 0x02	; 2
    40a6:	40 e0       	ldi	r20, 0x00	; 0
    40a8:	0e 94 c7 18 	call	0x318e	; 0x318e <MDIO_voidSetPinValue>
}
    40ac:	2f 96       	adiw	r28, 0x0f	; 15
    40ae:	0f b6       	in	r0, 0x3f	; 63
    40b0:	f8 94       	cli
    40b2:	de bf       	out	0x3e, r29	; 62
    40b4:	0f be       	out	0x3f, r0	; 63
    40b6:	cd bf       	out	0x3d, r28	; 61
    40b8:	cf 91       	pop	r28
    40ba:	df 91       	pop	r29
    40bc:	08 95       	ret

000040be <HLCD_voidSendString>:



void HLCD_voidSendString(u8 *A_Pu8String)
{
    40be:	df 93       	push	r29
    40c0:	cf 93       	push	r28
    40c2:	00 d0       	rcall	.+0      	; 0x40c4 <HLCD_voidSendString+0x6>
    40c4:	cd b7       	in	r28, 0x3d	; 61
    40c6:	de b7       	in	r29, 0x3e	; 62
    40c8:	9a 83       	std	Y+2, r25	; 0x02
    40ca:	89 83       	std	Y+1, r24	; 0x01
    40cc:	0b c0       	rjmp	.+22     	; 0x40e4 <HLCD_voidSendString+0x26>
	while(*A_Pu8String>0)
	{
		HLCD_voidSendData(*A_Pu8String++);
    40ce:	e9 81       	ldd	r30, Y+1	; 0x01
    40d0:	fa 81       	ldd	r31, Y+2	; 0x02
    40d2:	20 81       	ld	r18, Z
    40d4:	89 81       	ldd	r24, Y+1	; 0x01
    40d6:	9a 81       	ldd	r25, Y+2	; 0x02
    40d8:	01 96       	adiw	r24, 0x01	; 1
    40da:	9a 83       	std	Y+2, r25	; 0x02
    40dc:	89 83       	std	Y+1, r24	; 0x01
    40de:	82 2f       	mov	r24, r18
    40e0:	0e 94 c1 1f 	call	0x3f82	; 0x3f82 <HLCD_voidSendData>



void HLCD_voidSendString(u8 *A_Pu8String)
{
	while(*A_Pu8String>0)
    40e4:	e9 81       	ldd	r30, Y+1	; 0x01
    40e6:	fa 81       	ldd	r31, Y+2	; 0x02
    40e8:	80 81       	ld	r24, Z
    40ea:	88 23       	and	r24, r24
    40ec:	81 f7       	brne	.-32     	; 0x40ce <HLCD_voidSendString+0x10>
	{
		HLCD_voidSendData(*A_Pu8String++);
	}
}
    40ee:	0f 90       	pop	r0
    40f0:	0f 90       	pop	r0
    40f2:	cf 91       	pop	r28
    40f4:	df 91       	pop	r29
    40f6:	08 95       	ret

000040f8 <HLCD_voidClearDisplay>:

void HLCD_voidClearDisplay(void)
{
    40f8:	df 93       	push	r29
    40fa:	cf 93       	push	r28
    40fc:	cd b7       	in	r28, 0x3d	; 61
    40fe:	de b7       	in	r29, 0x3e	; 62
    4100:	2e 97       	sbiw	r28, 0x0e	; 14
    4102:	0f b6       	in	r0, 0x3f	; 63
    4104:	f8 94       	cli
    4106:	de bf       	out	0x3e, r29	; 62
    4108:	0f be       	out	0x3f, r0	; 63
    410a:	cd bf       	out	0x3d, r28	; 61
	//Display Clear
	HLCD_voidSendCommand(DISPLAY_CLEAR);
    410c:	81 e0       	ldi	r24, 0x01	; 1
    410e:	0e 94 23 1f 	call	0x3e46	; 0x3e46 <HLCD_voidSendCommand>
    4112:	80 e0       	ldi	r24, 0x00	; 0
    4114:	90 e0       	ldi	r25, 0x00	; 0
    4116:	a0 e0       	ldi	r26, 0x00	; 0
    4118:	b0 e4       	ldi	r27, 0x40	; 64
    411a:	8b 87       	std	Y+11, r24	; 0x0b
    411c:	9c 87       	std	Y+12, r25	; 0x0c
    411e:	ad 87       	std	Y+13, r26	; 0x0d
    4120:	be 87       	std	Y+14, r27	; 0x0e
 */
void
_delay_ms(double __ms)
{
	uint16_t __ticks;
	double __tmp = ((F_CPU) / 4e3) * __ms;
    4122:	6b 85       	ldd	r22, Y+11	; 0x0b
    4124:	7c 85       	ldd	r23, Y+12	; 0x0c
    4126:	8d 85       	ldd	r24, Y+13	; 0x0d
    4128:	9e 85       	ldd	r25, Y+14	; 0x0e
    412a:	20 e0       	ldi	r18, 0x00	; 0
    412c:	30 e0       	ldi	r19, 0x00	; 0
    412e:	4a ef       	ldi	r20, 0xFA	; 250
    4130:	54 e4       	ldi	r21, 0x44	; 68
    4132:	0e 94 fe 13 	call	0x27fc	; 0x27fc <__mulsf3>
    4136:	dc 01       	movw	r26, r24
    4138:	cb 01       	movw	r24, r22
    413a:	8f 83       	std	Y+7, r24	; 0x07
    413c:	98 87       	std	Y+8, r25	; 0x08
    413e:	a9 87       	std	Y+9, r26	; 0x09
    4140:	ba 87       	std	Y+10, r27	; 0x0a
	if (__tmp < 1.0)
    4142:	6f 81       	ldd	r22, Y+7	; 0x07
    4144:	78 85       	ldd	r23, Y+8	; 0x08
    4146:	89 85       	ldd	r24, Y+9	; 0x09
    4148:	9a 85       	ldd	r25, Y+10	; 0x0a
    414a:	20 e0       	ldi	r18, 0x00	; 0
    414c:	30 e0       	ldi	r19, 0x00	; 0
    414e:	40 e8       	ldi	r20, 0x80	; 128
    4150:	5f e3       	ldi	r21, 0x3F	; 63
    4152:	0e 94 58 15 	call	0x2ab0	; 0x2ab0 <__ltsf2>
    4156:	88 23       	and	r24, r24
    4158:	2c f4       	brge	.+10     	; 0x4164 <HLCD_voidClearDisplay+0x6c>
		__ticks = 1;
    415a:	81 e0       	ldi	r24, 0x01	; 1
    415c:	90 e0       	ldi	r25, 0x00	; 0
    415e:	9e 83       	std	Y+6, r25	; 0x06
    4160:	8d 83       	std	Y+5, r24	; 0x05
    4162:	3f c0       	rjmp	.+126    	; 0x41e2 <HLCD_voidClearDisplay+0xea>
	else if (__tmp > 65535)
    4164:	6f 81       	ldd	r22, Y+7	; 0x07
    4166:	78 85       	ldd	r23, Y+8	; 0x08
    4168:	89 85       	ldd	r24, Y+9	; 0x09
    416a:	9a 85       	ldd	r25, Y+10	; 0x0a
    416c:	20 e0       	ldi	r18, 0x00	; 0
    416e:	3f ef       	ldi	r19, 0xFF	; 255
    4170:	4f e7       	ldi	r20, 0x7F	; 127
    4172:	57 e4       	ldi	r21, 0x47	; 71
    4174:	0e 94 f8 14 	call	0x29f0	; 0x29f0 <__gtsf2>
    4178:	18 16       	cp	r1, r24
    417a:	4c f5       	brge	.+82     	; 0x41ce <HLCD_voidClearDisplay+0xd6>
	{
		//	__ticks = requested delay in 1/10 ms
		__ticks = (uint16_t) (__ms * 10.0);
    417c:	6b 85       	ldd	r22, Y+11	; 0x0b
    417e:	7c 85       	ldd	r23, Y+12	; 0x0c
    4180:	8d 85       	ldd	r24, Y+13	; 0x0d
    4182:	9e 85       	ldd	r25, Y+14	; 0x0e
    4184:	20 e0       	ldi	r18, 0x00	; 0
    4186:	30 e0       	ldi	r19, 0x00	; 0
    4188:	40 e2       	ldi	r20, 0x20	; 32
    418a:	51 e4       	ldi	r21, 0x41	; 65
    418c:	0e 94 fe 13 	call	0x27fc	; 0x27fc <__mulsf3>
    4190:	dc 01       	movw	r26, r24
    4192:	cb 01       	movw	r24, r22
    4194:	bc 01       	movw	r22, r24
    4196:	cd 01       	movw	r24, r26
    4198:	0e 94 c3 01 	call	0x386	; 0x386 <__fixunssfsi>
    419c:	dc 01       	movw	r26, r24
    419e:	cb 01       	movw	r24, r22
    41a0:	9e 83       	std	Y+6, r25	; 0x06
    41a2:	8d 83       	std	Y+5, r24	; 0x05
    41a4:	0f c0       	rjmp	.+30     	; 0x41c4 <HLCD_voidClearDisplay+0xcc>
    41a6:	88 ec       	ldi	r24, 0xC8	; 200
    41a8:	90 e0       	ldi	r25, 0x00	; 0
    41aa:	9c 83       	std	Y+4, r25	; 0x04
    41ac:	8b 83       	std	Y+3, r24	; 0x03
    41ae:	8b 81       	ldd	r24, Y+3	; 0x03
    41b0:	9c 81       	ldd	r25, Y+4	; 0x04
    41b2:	01 97       	sbiw	r24, 0x01	; 1
    41b4:	f1 f7       	brne	.-4      	; 0x41b2 <HLCD_voidClearDisplay+0xba>
    41b6:	9c 83       	std	Y+4, r25	; 0x04
    41b8:	8b 83       	std	Y+3, r24	; 0x03
		while(__ticks)
		{
			// wait 1/10 ms
			_delay_loop_2(((F_CPU) / 4e3) / 10);
			__ticks --;
    41ba:	8d 81       	ldd	r24, Y+5	; 0x05
    41bc:	9e 81       	ldd	r25, Y+6	; 0x06
    41be:	01 97       	sbiw	r24, 0x01	; 1
    41c0:	9e 83       	std	Y+6, r25	; 0x06
    41c2:	8d 83       	std	Y+5, r24	; 0x05
		__ticks = 1;
	else if (__tmp > 65535)
	{
		//	__ticks = requested delay in 1/10 ms
		__ticks = (uint16_t) (__ms * 10.0);
		while(__ticks)
    41c4:	8d 81       	ldd	r24, Y+5	; 0x05
    41c6:	9e 81       	ldd	r25, Y+6	; 0x06
    41c8:	00 97       	sbiw	r24, 0x00	; 0
    41ca:	69 f7       	brne	.-38     	; 0x41a6 <HLCD_voidClearDisplay+0xae>
    41cc:	14 c0       	rjmp	.+40     	; 0x41f6 <HLCD_voidClearDisplay+0xfe>
			__ticks --;
		}
		return;
	}
	else
		__ticks = (uint16_t)__tmp;
    41ce:	6f 81       	ldd	r22, Y+7	; 0x07
    41d0:	78 85       	ldd	r23, Y+8	; 0x08
    41d2:	89 85       	ldd	r24, Y+9	; 0x09
    41d4:	9a 85       	ldd	r25, Y+10	; 0x0a
    41d6:	0e 94 c3 01 	call	0x386	; 0x386 <__fixunssfsi>
    41da:	dc 01       	movw	r26, r24
    41dc:	cb 01       	movw	r24, r22
    41de:	9e 83       	std	Y+6, r25	; 0x06
    41e0:	8d 83       	std	Y+5, r24	; 0x05
    41e2:	8d 81       	ldd	r24, Y+5	; 0x05
    41e4:	9e 81       	ldd	r25, Y+6	; 0x06
    41e6:	9a 83       	std	Y+2, r25	; 0x02
    41e8:	89 83       	std	Y+1, r24	; 0x01
    41ea:	89 81       	ldd	r24, Y+1	; 0x01
    41ec:	9a 81       	ldd	r25, Y+2	; 0x02
    41ee:	01 97       	sbiw	r24, 0x01	; 1
    41f0:	f1 f7       	brne	.-4      	; 0x41ee <HLCD_voidClearDisplay+0xf6>
    41f2:	9a 83       	std	Y+2, r25	; 0x02
    41f4:	89 83       	std	Y+1, r24	; 0x01
	//wait for more than 1.53 ms
	_delay_ms(2);
}
    41f6:	2e 96       	adiw	r28, 0x0e	; 14
    41f8:	0f b6       	in	r0, 0x3f	; 63
    41fa:	f8 94       	cli
    41fc:	de bf       	out	0x3e, r29	; 62
    41fe:	0f be       	out	0x3f, r0	; 63
    4200:	cd bf       	out	0x3d, r28	; 61
    4202:	cf 91       	pop	r28
    4204:	df 91       	pop	r29
    4206:	08 95       	ret

00004208 <HLCD_voidGoToPos>:

void HLCD_voidGoToPos(LCD_ROWS A_LcdRowNo , LCD_COLS  A_LcdColNo)
{
    4208:	df 93       	push	r29
    420a:	cf 93       	push	r28
    420c:	cd b7       	in	r28, 0x3d	; 61
    420e:	de b7       	in	r29, 0x3e	; 62
    4210:	62 97       	sbiw	r28, 0x12	; 18
    4212:	0f b6       	in	r0, 0x3f	; 63
    4214:	f8 94       	cli
    4216:	de bf       	out	0x3e, r29	; 62
    4218:	0f be       	out	0x3f, r0	; 63
    421a:	cd bf       	out	0x3d, r28	; 61
    421c:	8f 87       	std	Y+15, r24	; 0x0f
    421e:	68 8b       	std	Y+16, r22	; 0x10
	switch(A_LcdRowNo)
    4220:	8f 85       	ldd	r24, Y+15	; 0x0f
    4222:	28 2f       	mov	r18, r24
    4224:	30 e0       	ldi	r19, 0x00	; 0
    4226:	3a 8b       	std	Y+18, r19	; 0x12
    4228:	29 8b       	std	Y+17, r18	; 0x11
    422a:	89 89       	ldd	r24, Y+17	; 0x11
    422c:	9a 89       	ldd	r25, Y+18	; 0x12
    422e:	81 30       	cpi	r24, 0x01	; 1
    4230:	91 05       	cpc	r25, r1
    4232:	31 f0       	breq	.+12     	; 0x4240 <HLCD_voidGoToPos+0x38>
    4234:	29 89       	ldd	r18, Y+17	; 0x11
    4236:	3a 89       	ldd	r19, Y+18	; 0x12
    4238:	22 30       	cpi	r18, 0x02	; 2
    423a:	31 05       	cpc	r19, r1
    423c:	31 f0       	breq	.+12     	; 0x424a <HLCD_voidGoToPos+0x42>
    423e:	09 c0       	rjmp	.+18     	; 0x4252 <HLCD_voidGoToPos+0x4a>
	{
	case ROW1: HLCD_voidSendCommand(LCD_ROW1_ADDRESS + A_LcdColNo); break;
    4240:	88 89       	ldd	r24, Y+16	; 0x10
    4242:	81 58       	subi	r24, 0x81	; 129
    4244:	0e 94 23 1f 	call	0x3e46	; 0x3e46 <HLCD_voidSendCommand>
    4248:	04 c0       	rjmp	.+8      	; 0x4252 <HLCD_voidGoToPos+0x4a>
	case ROW2: HLCD_voidSendCommand(LCD_ROW2_ADDRESS + A_LcdColNo); break;
    424a:	88 89       	ldd	r24, Y+16	; 0x10
    424c:	81 54       	subi	r24, 0x41	; 65
    424e:	0e 94 23 1f 	call	0x3e46	; 0x3e46 <HLCD_voidSendCommand>
    4252:	80 e0       	ldi	r24, 0x00	; 0
    4254:	90 e0       	ldi	r25, 0x00	; 0
    4256:	a0 e8       	ldi	r26, 0x80	; 128
    4258:	bf e3       	ldi	r27, 0x3F	; 63
    425a:	8b 87       	std	Y+11, r24	; 0x0b
    425c:	9c 87       	std	Y+12, r25	; 0x0c
    425e:	ad 87       	std	Y+13, r26	; 0x0d
    4260:	be 87       	std	Y+14, r27	; 0x0e
 */
void
_delay_ms(double __ms)
{
	uint16_t __ticks;
	double __tmp = ((F_CPU) / 4e3) * __ms;
    4262:	6b 85       	ldd	r22, Y+11	; 0x0b
    4264:	7c 85       	ldd	r23, Y+12	; 0x0c
    4266:	8d 85       	ldd	r24, Y+13	; 0x0d
    4268:	9e 85       	ldd	r25, Y+14	; 0x0e
    426a:	20 e0       	ldi	r18, 0x00	; 0
    426c:	30 e0       	ldi	r19, 0x00	; 0
    426e:	4a ef       	ldi	r20, 0xFA	; 250
    4270:	54 e4       	ldi	r21, 0x44	; 68
    4272:	0e 94 fe 13 	call	0x27fc	; 0x27fc <__mulsf3>
    4276:	dc 01       	movw	r26, r24
    4278:	cb 01       	movw	r24, r22
    427a:	8f 83       	std	Y+7, r24	; 0x07
    427c:	98 87       	std	Y+8, r25	; 0x08
    427e:	a9 87       	std	Y+9, r26	; 0x09
    4280:	ba 87       	std	Y+10, r27	; 0x0a
	if (__tmp < 1.0)
    4282:	6f 81       	ldd	r22, Y+7	; 0x07
    4284:	78 85       	ldd	r23, Y+8	; 0x08
    4286:	89 85       	ldd	r24, Y+9	; 0x09
    4288:	9a 85       	ldd	r25, Y+10	; 0x0a
    428a:	20 e0       	ldi	r18, 0x00	; 0
    428c:	30 e0       	ldi	r19, 0x00	; 0
    428e:	40 e8       	ldi	r20, 0x80	; 128
    4290:	5f e3       	ldi	r21, 0x3F	; 63
    4292:	0e 94 58 15 	call	0x2ab0	; 0x2ab0 <__ltsf2>
    4296:	88 23       	and	r24, r24
    4298:	2c f4       	brge	.+10     	; 0x42a4 <HLCD_voidGoToPos+0x9c>
		__ticks = 1;
    429a:	81 e0       	ldi	r24, 0x01	; 1
    429c:	90 e0       	ldi	r25, 0x00	; 0
    429e:	9e 83       	std	Y+6, r25	; 0x06
    42a0:	8d 83       	std	Y+5, r24	; 0x05
    42a2:	3f c0       	rjmp	.+126    	; 0x4322 <HLCD_voidGoToPos+0x11a>
	else if (__tmp > 65535)
    42a4:	6f 81       	ldd	r22, Y+7	; 0x07
    42a6:	78 85       	ldd	r23, Y+8	; 0x08
    42a8:	89 85       	ldd	r24, Y+9	; 0x09
    42aa:	9a 85       	ldd	r25, Y+10	; 0x0a
    42ac:	20 e0       	ldi	r18, 0x00	; 0
    42ae:	3f ef       	ldi	r19, 0xFF	; 255
    42b0:	4f e7       	ldi	r20, 0x7F	; 127
    42b2:	57 e4       	ldi	r21, 0x47	; 71
    42b4:	0e 94 f8 14 	call	0x29f0	; 0x29f0 <__gtsf2>
    42b8:	18 16       	cp	r1, r24
    42ba:	4c f5       	brge	.+82     	; 0x430e <HLCD_voidGoToPos+0x106>
	{
		//	__ticks = requested delay in 1/10 ms
		__ticks = (uint16_t) (__ms * 10.0);
    42bc:	6b 85       	ldd	r22, Y+11	; 0x0b
    42be:	7c 85       	ldd	r23, Y+12	; 0x0c
    42c0:	8d 85       	ldd	r24, Y+13	; 0x0d
    42c2:	9e 85       	ldd	r25, Y+14	; 0x0e
    42c4:	20 e0       	ldi	r18, 0x00	; 0
    42c6:	30 e0       	ldi	r19, 0x00	; 0
    42c8:	40 e2       	ldi	r20, 0x20	; 32
    42ca:	51 e4       	ldi	r21, 0x41	; 65
    42cc:	0e 94 fe 13 	call	0x27fc	; 0x27fc <__mulsf3>
    42d0:	dc 01       	movw	r26, r24
    42d2:	cb 01       	movw	r24, r22
    42d4:	bc 01       	movw	r22, r24
    42d6:	cd 01       	movw	r24, r26
    42d8:	0e 94 c3 01 	call	0x386	; 0x386 <__fixunssfsi>
    42dc:	dc 01       	movw	r26, r24
    42de:	cb 01       	movw	r24, r22
    42e0:	9e 83       	std	Y+6, r25	; 0x06
    42e2:	8d 83       	std	Y+5, r24	; 0x05
    42e4:	0f c0       	rjmp	.+30     	; 0x4304 <HLCD_voidGoToPos+0xfc>
    42e6:	88 ec       	ldi	r24, 0xC8	; 200
    42e8:	90 e0       	ldi	r25, 0x00	; 0
    42ea:	9c 83       	std	Y+4, r25	; 0x04
    42ec:	8b 83       	std	Y+3, r24	; 0x03
    42ee:	8b 81       	ldd	r24, Y+3	; 0x03
    42f0:	9c 81       	ldd	r25, Y+4	; 0x04
    42f2:	01 97       	sbiw	r24, 0x01	; 1
    42f4:	f1 f7       	brne	.-4      	; 0x42f2 <HLCD_voidGoToPos+0xea>
    42f6:	9c 83       	std	Y+4, r25	; 0x04
    42f8:	8b 83       	std	Y+3, r24	; 0x03
		while(__ticks)
		{
			// wait 1/10 ms
			_delay_loop_2(((F_CPU) / 4e3) / 10);
			__ticks --;
    42fa:	8d 81       	ldd	r24, Y+5	; 0x05
    42fc:	9e 81       	ldd	r25, Y+6	; 0x06
    42fe:	01 97       	sbiw	r24, 0x01	; 1
    4300:	9e 83       	std	Y+6, r25	; 0x06
    4302:	8d 83       	std	Y+5, r24	; 0x05
		__ticks = 1;
	else if (__tmp > 65535)
	{
		//	__ticks = requested delay in 1/10 ms
		__ticks = (uint16_t) (__ms * 10.0);
		while(__ticks)
    4304:	8d 81       	ldd	r24, Y+5	; 0x05
    4306:	9e 81       	ldd	r25, Y+6	; 0x06
    4308:	00 97       	sbiw	r24, 0x00	; 0
    430a:	69 f7       	brne	.-38     	; 0x42e6 <HLCD_voidGoToPos+0xde>
    430c:	14 c0       	rjmp	.+40     	; 0x4336 <HLCD_voidGoToPos+0x12e>
			__ticks --;
		}
		return;
	}
	else
		__ticks = (uint16_t)__tmp;
    430e:	6f 81       	ldd	r22, Y+7	; 0x07
    4310:	78 85       	ldd	r23, Y+8	; 0x08
    4312:	89 85       	ldd	r24, Y+9	; 0x09
    4314:	9a 85       	ldd	r25, Y+10	; 0x0a
    4316:	0e 94 c3 01 	call	0x386	; 0x386 <__fixunssfsi>
    431a:	dc 01       	movw	r26, r24
    431c:	cb 01       	movw	r24, r22
    431e:	9e 83       	std	Y+6, r25	; 0x06
    4320:	8d 83       	std	Y+5, r24	; 0x05
    4322:	8d 81       	ldd	r24, Y+5	; 0x05
    4324:	9e 81       	ldd	r25, Y+6	; 0x06
    4326:	9a 83       	std	Y+2, r25	; 0x02
    4328:	89 83       	std	Y+1, r24	; 0x01
    432a:	89 81       	ldd	r24, Y+1	; 0x01
    432c:	9a 81       	ldd	r25, Y+2	; 0x02
    432e:	01 97       	sbiw	r24, 0x01	; 1
    4330:	f1 f7       	brne	.-4      	; 0x432e <HLCD_voidGoToPos+0x126>
    4332:	9a 83       	std	Y+2, r25	; 0x02
    4334:	89 83       	std	Y+1, r24	; 0x01
	default: break;
	}
	_delay_ms(1);
}
    4336:	62 96       	adiw	r28, 0x12	; 18
    4338:	0f b6       	in	r0, 0x3f	; 63
    433a:	f8 94       	cli
    433c:	de bf       	out	0x3e, r29	; 62
    433e:	0f be       	out	0x3f, r0	; 63
    4340:	cd bf       	out	0x3d, r28	; 61
    4342:	cf 91       	pop	r28
    4344:	df 91       	pop	r29
    4346:	08 95       	ret

00004348 <HLCD_voidDisplayNumberUNSigned>:

void HLCD_voidDisplayNumberUNSigned(u32 A_u32Number)
{
    4348:	ef 92       	push	r14
    434a:	ff 92       	push	r15
    434c:	0f 93       	push	r16
    434e:	1f 93       	push	r17
    4350:	df 93       	push	r29
    4352:	cf 93       	push	r28
    4354:	cd b7       	in	r28, 0x3d	; 61
    4356:	de b7       	in	r29, 0x3e	; 62
    4358:	28 97       	sbiw	r28, 0x08	; 8
    435a:	0f b6       	in	r0, 0x3f	; 63
    435c:	f8 94       	cli
    435e:	de bf       	out	0x3e, r29	; 62
    4360:	0f be       	out	0x3f, r0	; 63
    4362:	cd bf       	out	0x3d, r28	; 61
    4364:	6d 83       	std	Y+5, r22	; 0x05
    4366:	7e 83       	std	Y+6, r23	; 0x06
    4368:	8f 83       	std	Y+7, r24	; 0x07
    436a:	98 87       	std	Y+8, r25	; 0x08
	u32 local_u32Number=1;
    436c:	81 e0       	ldi	r24, 0x01	; 1
    436e:	90 e0       	ldi	r25, 0x00	; 0
    4370:	a0 e0       	ldi	r26, 0x00	; 0
    4372:	b0 e0       	ldi	r27, 0x00	; 0
    4374:	89 83       	std	Y+1, r24	; 0x01
    4376:	9a 83       	std	Y+2, r25	; 0x02
    4378:	ab 83       	std	Y+3, r26	; 0x03
    437a:	bc 83       	std	Y+4, r27	; 0x04
	if(A_u32Number==0)
    437c:	8d 81       	ldd	r24, Y+5	; 0x05
    437e:	9e 81       	ldd	r25, Y+6	; 0x06
    4380:	af 81       	ldd	r26, Y+7	; 0x07
    4382:	b8 85       	ldd	r27, Y+8	; 0x08
    4384:	00 97       	sbiw	r24, 0x00	; 0
    4386:	a1 05       	cpc	r26, r1
    4388:	b1 05       	cpc	r27, r1
    438a:	d1 f5       	brne	.+116    	; 0x4400 <HLCD_voidDisplayNumberUNSigned+0xb8>
	{
		HLCD_voidSendData('0');
    438c:	80 e3       	ldi	r24, 0x30	; 48
    438e:	0e 94 c1 1f 	call	0x3f82	; 0x3f82 <HLCD_voidSendData>
    4392:	36 c0       	rjmp	.+108    	; 0x4400 <HLCD_voidDisplayNumberUNSigned+0xb8>
	}
	while(A_u32Number != 0)
	{
		local_u32Number = ((local_u32Number*10)+(A_u32Number %10));
    4394:	89 81       	ldd	r24, Y+1	; 0x01
    4396:	9a 81       	ldd	r25, Y+2	; 0x02
    4398:	ab 81       	ldd	r26, Y+3	; 0x03
    439a:	bc 81       	ldd	r27, Y+4	; 0x04
    439c:	2a e0       	ldi	r18, 0x0A	; 10
    439e:	30 e0       	ldi	r19, 0x00	; 0
    43a0:	40 e0       	ldi	r20, 0x00	; 0
    43a2:	50 e0       	ldi	r21, 0x00	; 0
    43a4:	bc 01       	movw	r22, r24
    43a6:	cd 01       	movw	r24, r26
    43a8:	0e 94 c2 30 	call	0x6184	; 0x6184 <__mulsi3>
    43ac:	7b 01       	movw	r14, r22
    43ae:	8c 01       	movw	r16, r24
    43b0:	8d 81       	ldd	r24, Y+5	; 0x05
    43b2:	9e 81       	ldd	r25, Y+6	; 0x06
    43b4:	af 81       	ldd	r26, Y+7	; 0x07
    43b6:	b8 85       	ldd	r27, Y+8	; 0x08
    43b8:	2a e0       	ldi	r18, 0x0A	; 10
    43ba:	30 e0       	ldi	r19, 0x00	; 0
    43bc:	40 e0       	ldi	r20, 0x00	; 0
    43be:	50 e0       	ldi	r21, 0x00	; 0
    43c0:	bc 01       	movw	r22, r24
    43c2:	cd 01       	movw	r24, r26
    43c4:	0e 94 e1 30 	call	0x61c2	; 0x61c2 <__udivmodsi4>
    43c8:	dc 01       	movw	r26, r24
    43ca:	cb 01       	movw	r24, r22
    43cc:	8e 0d       	add	r24, r14
    43ce:	9f 1d       	adc	r25, r15
    43d0:	a0 1f       	adc	r26, r16
    43d2:	b1 1f       	adc	r27, r17
    43d4:	89 83       	std	Y+1, r24	; 0x01
    43d6:	9a 83       	std	Y+2, r25	; 0x02
    43d8:	ab 83       	std	Y+3, r26	; 0x03
    43da:	bc 83       	std	Y+4, r27	; 0x04
		A_u32Number/=10;
    43dc:	8d 81       	ldd	r24, Y+5	; 0x05
    43de:	9e 81       	ldd	r25, Y+6	; 0x06
    43e0:	af 81       	ldd	r26, Y+7	; 0x07
    43e2:	b8 85       	ldd	r27, Y+8	; 0x08
    43e4:	2a e0       	ldi	r18, 0x0A	; 10
    43e6:	30 e0       	ldi	r19, 0x00	; 0
    43e8:	40 e0       	ldi	r20, 0x00	; 0
    43ea:	50 e0       	ldi	r21, 0x00	; 0
    43ec:	bc 01       	movw	r22, r24
    43ee:	cd 01       	movw	r24, r26
    43f0:	0e 94 e1 30 	call	0x61c2	; 0x61c2 <__udivmodsi4>
    43f4:	da 01       	movw	r26, r20
    43f6:	c9 01       	movw	r24, r18
    43f8:	8d 83       	std	Y+5, r24	; 0x05
    43fa:	9e 83       	std	Y+6, r25	; 0x06
    43fc:	af 83       	std	Y+7, r26	; 0x07
    43fe:	b8 87       	std	Y+8, r27	; 0x08
	u32 local_u32Number=1;
	if(A_u32Number==0)
	{
		HLCD_voidSendData('0');
	}
	while(A_u32Number != 0)
    4400:	8d 81       	ldd	r24, Y+5	; 0x05
    4402:	9e 81       	ldd	r25, Y+6	; 0x06
    4404:	af 81       	ldd	r26, Y+7	; 0x07
    4406:	b8 85       	ldd	r27, Y+8	; 0x08
    4408:	00 97       	sbiw	r24, 0x00	; 0
    440a:	a1 05       	cpc	r26, r1
    440c:	b1 05       	cpc	r27, r1
    440e:	11 f6       	brne	.-124    	; 0x4394 <HLCD_voidDisplayNumberUNSigned+0x4c>
    4410:	23 c0       	rjmp	.+70     	; 0x4458 <HLCD_voidDisplayNumberUNSigned+0x110>
		local_u32Number = ((local_u32Number*10)+(A_u32Number %10));
		A_u32Number/=10;
	}
	while(A_u32Number != 1)
	{
		HLCD_voidSendData((local_u32Number%10)+48);
    4412:	89 81       	ldd	r24, Y+1	; 0x01
    4414:	9a 81       	ldd	r25, Y+2	; 0x02
    4416:	ab 81       	ldd	r26, Y+3	; 0x03
    4418:	bc 81       	ldd	r27, Y+4	; 0x04
    441a:	2a e0       	ldi	r18, 0x0A	; 10
    441c:	30 e0       	ldi	r19, 0x00	; 0
    441e:	40 e0       	ldi	r20, 0x00	; 0
    4420:	50 e0       	ldi	r21, 0x00	; 0
    4422:	bc 01       	movw	r22, r24
    4424:	cd 01       	movw	r24, r26
    4426:	0e 94 e1 30 	call	0x61c2	; 0x61c2 <__udivmodsi4>
    442a:	dc 01       	movw	r26, r24
    442c:	cb 01       	movw	r24, r22
    442e:	80 5d       	subi	r24, 0xD0	; 208
    4430:	0e 94 c1 1f 	call	0x3f82	; 0x3f82 <HLCD_voidSendData>
		local_u32Number/=10;
    4434:	89 81       	ldd	r24, Y+1	; 0x01
    4436:	9a 81       	ldd	r25, Y+2	; 0x02
    4438:	ab 81       	ldd	r26, Y+3	; 0x03
    443a:	bc 81       	ldd	r27, Y+4	; 0x04
    443c:	2a e0       	ldi	r18, 0x0A	; 10
    443e:	30 e0       	ldi	r19, 0x00	; 0
    4440:	40 e0       	ldi	r20, 0x00	; 0
    4442:	50 e0       	ldi	r21, 0x00	; 0
    4444:	bc 01       	movw	r22, r24
    4446:	cd 01       	movw	r24, r26
    4448:	0e 94 e1 30 	call	0x61c2	; 0x61c2 <__udivmodsi4>
    444c:	da 01       	movw	r26, r20
    444e:	c9 01       	movw	r24, r18
    4450:	89 83       	std	Y+1, r24	; 0x01
    4452:	9a 83       	std	Y+2, r25	; 0x02
    4454:	ab 83       	std	Y+3, r26	; 0x03
    4456:	bc 83       	std	Y+4, r27	; 0x04
	while(A_u32Number != 0)
	{
		local_u32Number = ((local_u32Number*10)+(A_u32Number %10));
		A_u32Number/=10;
	}
	while(A_u32Number != 1)
    4458:	8d 81       	ldd	r24, Y+5	; 0x05
    445a:	9e 81       	ldd	r25, Y+6	; 0x06
    445c:	af 81       	ldd	r26, Y+7	; 0x07
    445e:	b8 85       	ldd	r27, Y+8	; 0x08
    4460:	81 30       	cpi	r24, 0x01	; 1
    4462:	91 05       	cpc	r25, r1
    4464:	a1 05       	cpc	r26, r1
    4466:	b1 05       	cpc	r27, r1
    4468:	a1 f6       	brne	.-88     	; 0x4412 <HLCD_voidDisplayNumberUNSigned+0xca>
	{
		HLCD_voidSendData((local_u32Number%10)+48);
		local_u32Number/=10;
	}
}
    446a:	28 96       	adiw	r28, 0x08	; 8
    446c:	0f b6       	in	r0, 0x3f	; 63
    446e:	f8 94       	cli
    4470:	de bf       	out	0x3e, r29	; 62
    4472:	0f be       	out	0x3f, r0	; 63
    4474:	cd bf       	out	0x3d, r28	; 61
    4476:	cf 91       	pop	r28
    4478:	df 91       	pop	r29
    447a:	1f 91       	pop	r17
    447c:	0f 91       	pop	r16
    447e:	ff 90       	pop	r15
    4480:	ef 90       	pop	r14
    4482:	08 95       	ret

00004484 <HLCD_voidDisplayNumberSigned>:

 void HLCD_voidDisplayNumberSigned(s32 A_s32Number)
  {
    4484:	ef 92       	push	r14
    4486:	ff 92       	push	r15
    4488:	0f 93       	push	r16
    448a:	1f 93       	push	r17
    448c:	df 93       	push	r29
    448e:	cf 93       	push	r28
    4490:	cd b7       	in	r28, 0x3d	; 61
    4492:	de b7       	in	r29, 0x3e	; 62
    4494:	28 97       	sbiw	r28, 0x08	; 8
    4496:	0f b6       	in	r0, 0x3f	; 63
    4498:	f8 94       	cli
    449a:	de bf       	out	0x3e, r29	; 62
    449c:	0f be       	out	0x3f, r0	; 63
    449e:	cd bf       	out	0x3d, r28	; 61
    44a0:	6d 83       	std	Y+5, r22	; 0x05
    44a2:	7e 83       	std	Y+6, r23	; 0x06
    44a4:	8f 83       	std	Y+7, r24	; 0x07
    44a6:	98 87       	std	Y+8, r25	; 0x08
   u32 local_u32Number=1;
    44a8:	81 e0       	ldi	r24, 0x01	; 1
    44aa:	90 e0       	ldi	r25, 0x00	; 0
    44ac:	a0 e0       	ldi	r26, 0x00	; 0
    44ae:	b0 e0       	ldi	r27, 0x00	; 0
    44b0:	89 83       	std	Y+1, r24	; 0x01
    44b2:	9a 83       	std	Y+2, r25	; 0x02
    44b4:	ab 83       	std	Y+3, r26	; 0x03
    44b6:	bc 83       	std	Y+4, r27	; 0x04
   if(A_s32Number==0)
    44b8:	8d 81       	ldd	r24, Y+5	; 0x05
    44ba:	9e 81       	ldd	r25, Y+6	; 0x06
    44bc:	af 81       	ldd	r26, Y+7	; 0x07
    44be:	b8 85       	ldd	r27, Y+8	; 0x08
    44c0:	00 97       	sbiw	r24, 0x00	; 0
    44c2:	a1 05       	cpc	r26, r1
    44c4:	b1 05       	cpc	r27, r1
    44c6:	19 f4       	brne	.+6      	; 0x44ce <HLCD_voidDisplayNumberSigned+0x4a>
   {
      HLCD_voidSendData('0');
    44c8:	80 e3       	ldi	r24, 0x30	; 48
    44ca:	0e 94 c1 1f 	call	0x3f82	; 0x3f82 <HLCD_voidSendData>
   }
   if (A_s32Number<0)
    44ce:	8d 81       	ldd	r24, Y+5	; 0x05
    44d0:	9e 81       	ldd	r25, Y+6	; 0x06
    44d2:	af 81       	ldd	r26, Y+7	; 0x07
    44d4:	b8 85       	ldd	r27, Y+8	; 0x08
    44d6:	bb 23       	and	r27, r27
    44d8:	0c f0       	brlt	.+2      	; 0x44dc <HLCD_voidDisplayNumberSigned+0x58>
    44da:	49 c0       	rjmp	.+146    	; 0x456e <HLCD_voidDisplayNumberSigned+0xea>
	{
		HLCD_voidSendData('-');
    44dc:	8d e2       	ldi	r24, 0x2D	; 45
    44de:	0e 94 c1 1f 	call	0x3f82	; 0x3f82 <HLCD_voidSendData>
		A_s32Number *= -1;
    44e2:	8d 81       	ldd	r24, Y+5	; 0x05
    44e4:	9e 81       	ldd	r25, Y+6	; 0x06
    44e6:	af 81       	ldd	r26, Y+7	; 0x07
    44e8:	b8 85       	ldd	r27, Y+8	; 0x08
    44ea:	b0 95       	com	r27
    44ec:	a0 95       	com	r26
    44ee:	90 95       	com	r25
    44f0:	81 95       	neg	r24
    44f2:	9f 4f       	sbci	r25, 0xFF	; 255
    44f4:	af 4f       	sbci	r26, 0xFF	; 255
    44f6:	bf 4f       	sbci	r27, 0xFF	; 255
    44f8:	8d 83       	std	Y+5, r24	; 0x05
    44fa:	9e 83       	std	Y+6, r25	; 0x06
    44fc:	af 83       	std	Y+7, r26	; 0x07
    44fe:	b8 87       	std	Y+8, r27	; 0x08
    4500:	36 c0       	rjmp	.+108    	; 0x456e <HLCD_voidDisplayNumberSigned+0xea>
	}

	while (A_s32Number != 0)
	{
		local_u32Number = ((local_u32Number*10)+ (A_s32Number%10));
    4502:	89 81       	ldd	r24, Y+1	; 0x01
    4504:	9a 81       	ldd	r25, Y+2	; 0x02
    4506:	ab 81       	ldd	r26, Y+3	; 0x03
    4508:	bc 81       	ldd	r27, Y+4	; 0x04
    450a:	2a e0       	ldi	r18, 0x0A	; 10
    450c:	30 e0       	ldi	r19, 0x00	; 0
    450e:	40 e0       	ldi	r20, 0x00	; 0
    4510:	50 e0       	ldi	r21, 0x00	; 0
    4512:	bc 01       	movw	r22, r24
    4514:	cd 01       	movw	r24, r26
    4516:	0e 94 c2 30 	call	0x6184	; 0x6184 <__mulsi3>
    451a:	7b 01       	movw	r14, r22
    451c:	8c 01       	movw	r16, r24
    451e:	8d 81       	ldd	r24, Y+5	; 0x05
    4520:	9e 81       	ldd	r25, Y+6	; 0x06
    4522:	af 81       	ldd	r26, Y+7	; 0x07
    4524:	b8 85       	ldd	r27, Y+8	; 0x08
    4526:	2a e0       	ldi	r18, 0x0A	; 10
    4528:	30 e0       	ldi	r19, 0x00	; 0
    452a:	40 e0       	ldi	r20, 0x00	; 0
    452c:	50 e0       	ldi	r21, 0x00	; 0
    452e:	bc 01       	movw	r22, r24
    4530:	cd 01       	movw	r24, r26
    4532:	0e 94 03 31 	call	0x6206	; 0x6206 <__divmodsi4>
    4536:	dc 01       	movw	r26, r24
    4538:	cb 01       	movw	r24, r22
    453a:	8e 0d       	add	r24, r14
    453c:	9f 1d       	adc	r25, r15
    453e:	a0 1f       	adc	r26, r16
    4540:	b1 1f       	adc	r27, r17
    4542:	89 83       	std	Y+1, r24	; 0x01
    4544:	9a 83       	std	Y+2, r25	; 0x02
    4546:	ab 83       	std	Y+3, r26	; 0x03
    4548:	bc 83       	std	Y+4, r27	; 0x04
		A_s32Number /= 10;
    454a:	8d 81       	ldd	r24, Y+5	; 0x05
    454c:	9e 81       	ldd	r25, Y+6	; 0x06
    454e:	af 81       	ldd	r26, Y+7	; 0x07
    4550:	b8 85       	ldd	r27, Y+8	; 0x08
    4552:	2a e0       	ldi	r18, 0x0A	; 10
    4554:	30 e0       	ldi	r19, 0x00	; 0
    4556:	40 e0       	ldi	r20, 0x00	; 0
    4558:	50 e0       	ldi	r21, 0x00	; 0
    455a:	bc 01       	movw	r22, r24
    455c:	cd 01       	movw	r24, r26
    455e:	0e 94 03 31 	call	0x6206	; 0x6206 <__divmodsi4>
    4562:	da 01       	movw	r26, r20
    4564:	c9 01       	movw	r24, r18
    4566:	8d 83       	std	Y+5, r24	; 0x05
    4568:	9e 83       	std	Y+6, r25	; 0x06
    456a:	af 83       	std	Y+7, r26	; 0x07
    456c:	b8 87       	std	Y+8, r27	; 0x08
	{
		HLCD_voidSendData('-');
		A_s32Number *= -1;
	}

	while (A_s32Number != 0)
    456e:	8d 81       	ldd	r24, Y+5	; 0x05
    4570:	9e 81       	ldd	r25, Y+6	; 0x06
    4572:	af 81       	ldd	r26, Y+7	; 0x07
    4574:	b8 85       	ldd	r27, Y+8	; 0x08
    4576:	00 97       	sbiw	r24, 0x00	; 0
    4578:	a1 05       	cpc	r26, r1
    457a:	b1 05       	cpc	r27, r1
    457c:	11 f6       	brne	.-124    	; 0x4502 <HLCD_voidDisplayNumberSigned+0x7e>
    457e:	23 c0       	rjmp	.+70     	; 0x45c6 <HLCD_voidDisplayNumberSigned+0x142>
		local_u32Number = ((local_u32Number*10)+ (A_s32Number%10));
		A_s32Number /= 10;
	}
	while (local_u32Number!= 1)
	{
		HLCD_voidSendData((local_u32Number%10)+48);
    4580:	89 81       	ldd	r24, Y+1	; 0x01
    4582:	9a 81       	ldd	r25, Y+2	; 0x02
    4584:	ab 81       	ldd	r26, Y+3	; 0x03
    4586:	bc 81       	ldd	r27, Y+4	; 0x04
    4588:	2a e0       	ldi	r18, 0x0A	; 10
    458a:	30 e0       	ldi	r19, 0x00	; 0
    458c:	40 e0       	ldi	r20, 0x00	; 0
    458e:	50 e0       	ldi	r21, 0x00	; 0
    4590:	bc 01       	movw	r22, r24
    4592:	cd 01       	movw	r24, r26
    4594:	0e 94 e1 30 	call	0x61c2	; 0x61c2 <__udivmodsi4>
    4598:	dc 01       	movw	r26, r24
    459a:	cb 01       	movw	r24, r22
    459c:	80 5d       	subi	r24, 0xD0	; 208
    459e:	0e 94 c1 1f 	call	0x3f82	; 0x3f82 <HLCD_voidSendData>
		local_u32Number /= 10;
    45a2:	89 81       	ldd	r24, Y+1	; 0x01
    45a4:	9a 81       	ldd	r25, Y+2	; 0x02
    45a6:	ab 81       	ldd	r26, Y+3	; 0x03
    45a8:	bc 81       	ldd	r27, Y+4	; 0x04
    45aa:	2a e0       	ldi	r18, 0x0A	; 10
    45ac:	30 e0       	ldi	r19, 0x00	; 0
    45ae:	40 e0       	ldi	r20, 0x00	; 0
    45b0:	50 e0       	ldi	r21, 0x00	; 0
    45b2:	bc 01       	movw	r22, r24
    45b4:	cd 01       	movw	r24, r26
    45b6:	0e 94 e1 30 	call	0x61c2	; 0x61c2 <__udivmodsi4>
    45ba:	da 01       	movw	r26, r20
    45bc:	c9 01       	movw	r24, r18
    45be:	89 83       	std	Y+1, r24	; 0x01
    45c0:	9a 83       	std	Y+2, r25	; 0x02
    45c2:	ab 83       	std	Y+3, r26	; 0x03
    45c4:	bc 83       	std	Y+4, r27	; 0x04
	while (A_s32Number != 0)
	{
		local_u32Number = ((local_u32Number*10)+ (A_s32Number%10));
		A_s32Number /= 10;
	}
	while (local_u32Number!= 1)
    45c6:	89 81       	ldd	r24, Y+1	; 0x01
    45c8:	9a 81       	ldd	r25, Y+2	; 0x02
    45ca:	ab 81       	ldd	r26, Y+3	; 0x03
    45cc:	bc 81       	ldd	r27, Y+4	; 0x04
    45ce:	81 30       	cpi	r24, 0x01	; 1
    45d0:	91 05       	cpc	r25, r1
    45d2:	a1 05       	cpc	r26, r1
    45d4:	b1 05       	cpc	r27, r1
    45d6:	a1 f6       	brne	.-88     	; 0x4580 <HLCD_voidDisplayNumberSigned+0xfc>
	{
		HLCD_voidSendData((local_u32Number%10)+48);
		local_u32Number /= 10;
	}
  }
    45d8:	28 96       	adiw	r28, 0x08	; 8
    45da:	0f b6       	in	r0, 0x3f	; 63
    45dc:	f8 94       	cli
    45de:	de bf       	out	0x3e, r29	; 62
    45e0:	0f be       	out	0x3f, r0	; 63
    45e2:	cd bf       	out	0x3d, r28	; 61
    45e4:	cf 91       	pop	r28
    45e6:	df 91       	pop	r29
    45e8:	1f 91       	pop	r17
    45ea:	0f 91       	pop	r16
    45ec:	ff 90       	pop	r15
    45ee:	ef 90       	pop	r14
    45f0:	08 95       	ret

000045f2 <HLCD_voidSendSpecialCharacter>:

void HLCD_voidSendSpecialCharacter(u8 *A_pu8PatternArr, u8 A_u8PatternNumber,LCD_ROWS A_LcdRowNo,LCD_COLS A_LcdColNo)
{
    45f2:	df 93       	push	r29
    45f4:	cf 93       	push	r28
    45f6:	cd b7       	in	r28, 0x3d	; 61
    45f8:	de b7       	in	r29, 0x3e	; 62
    45fa:	27 97       	sbiw	r28, 0x07	; 7
    45fc:	0f b6       	in	r0, 0x3f	; 63
    45fe:	f8 94       	cli
    4600:	de bf       	out	0x3e, r29	; 62
    4602:	0f be       	out	0x3f, r0	; 63
    4604:	cd bf       	out	0x3d, r28	; 61
    4606:	9c 83       	std	Y+4, r25	; 0x04
    4608:	8b 83       	std	Y+3, r24	; 0x03
    460a:	6d 83       	std	Y+5, r22	; 0x05
    460c:	4e 83       	std	Y+6, r20	; 0x06
    460e:	2f 83       	std	Y+7, r18	; 0x07
	u8 local_u8CGRamAdderss;
	local_u8CGRamAdderss = A_u8PatternNumber * 8;
    4610:	8d 81       	ldd	r24, Y+5	; 0x05
    4612:	88 2f       	mov	r24, r24
    4614:	90 e0       	ldi	r25, 0x00	; 0
    4616:	88 0f       	add	r24, r24
    4618:	99 1f       	adc	r25, r25
    461a:	88 0f       	add	r24, r24
    461c:	99 1f       	adc	r25, r25
    461e:	88 0f       	add	r24, r24
    4620:	99 1f       	adc	r25, r25
    4622:	8a 83       	std	Y+2, r24	; 0x02
	SET_BIT(local_u8CGRamAdderss,6);
    4624:	8a 81       	ldd	r24, Y+2	; 0x02
    4626:	80 64       	ori	r24, 0x40	; 64
    4628:	8a 83       	std	Y+2, r24	; 0x02
	HLCD_voidSendCommand(local_u8CGRamAdderss);
    462a:	8a 81       	ldd	r24, Y+2	; 0x02
    462c:	0e 94 23 1f 	call	0x3e46	; 0x3e46 <HLCD_voidSendCommand>

	for(u8 i=0; i<8;i++)
    4630:	19 82       	std	Y+1, r1	; 0x01
    4632:	0e c0       	rjmp	.+28     	; 0x4650 <HLCD_voidSendSpecialCharacter+0x5e>
	{
		HLCD_voidSendData(A_pu8PatternArr[i]);
    4634:	89 81       	ldd	r24, Y+1	; 0x01
    4636:	28 2f       	mov	r18, r24
    4638:	30 e0       	ldi	r19, 0x00	; 0
    463a:	8b 81       	ldd	r24, Y+3	; 0x03
    463c:	9c 81       	ldd	r25, Y+4	; 0x04
    463e:	fc 01       	movw	r30, r24
    4640:	e2 0f       	add	r30, r18
    4642:	f3 1f       	adc	r31, r19
    4644:	80 81       	ld	r24, Z
    4646:	0e 94 c1 1f 	call	0x3f82	; 0x3f82 <HLCD_voidSendData>
	u8 local_u8CGRamAdderss;
	local_u8CGRamAdderss = A_u8PatternNumber * 8;
	SET_BIT(local_u8CGRamAdderss,6);
	HLCD_voidSendCommand(local_u8CGRamAdderss);

	for(u8 i=0; i<8;i++)
    464a:	89 81       	ldd	r24, Y+1	; 0x01
    464c:	8f 5f       	subi	r24, 0xFF	; 255
    464e:	89 83       	std	Y+1, r24	; 0x01
    4650:	89 81       	ldd	r24, Y+1	; 0x01
    4652:	88 30       	cpi	r24, 0x08	; 8
    4654:	78 f3       	brcs	.-34     	; 0x4634 <HLCD_voidSendSpecialCharacter+0x42>
	{
		HLCD_voidSendData(A_pu8PatternArr[i]);
	}

	HLCD_voidGoToPos(A_LcdRowNo,A_LcdColNo);
    4656:	8e 81       	ldd	r24, Y+6	; 0x06
    4658:	6f 81       	ldd	r22, Y+7	; 0x07
    465a:	0e 94 04 21 	call	0x4208	; 0x4208 <HLCD_voidGoToPos>
	HLCD_voidSendData(A_u8PatternNumber);
    465e:	8d 81       	ldd	r24, Y+5	; 0x05
    4660:	0e 94 c1 1f 	call	0x3f82	; 0x3f82 <HLCD_voidSendData>
}
    4664:	27 96       	adiw	r28, 0x07	; 7
    4666:	0f b6       	in	r0, 0x3f	; 63
    4668:	f8 94       	cli
    466a:	de bf       	out	0x3e, r29	; 62
    466c:	0f be       	out	0x3f, r0	; 63
    466e:	cd bf       	out	0x3d, r28	; 61
    4670:	cf 91       	pop	r28
    4672:	df 91       	pop	r29
    4674:	08 95       	ret

00004676 <str2int>:
#include "../INCLUDE/HAL/KEYPAD/KEYPAD_INTERFACE.h"
#include "../INCLUDE/HAL/LCD/LCD_INTERFACE.h"


u64* str2int (u8 *stParameter, u16 numOfOperations)
{
    4676:	af 92       	push	r10
    4678:	bf 92       	push	r11
    467a:	cf 92       	push	r12
    467c:	df 92       	push	r13
    467e:	ef 92       	push	r14
    4680:	ff 92       	push	r15
    4682:	0f 93       	push	r16
    4684:	1f 93       	push	r17
    4686:	df 93       	push	r29
    4688:	cf 93       	push	r28
    468a:	cd b7       	in	r28, 0x3d	; 61
    468c:	de b7       	in	r29, 0x3e	; 62
    468e:	cc 56       	subi	r28, 0x6C	; 108
    4690:	d0 40       	sbci	r29, 0x00	; 0
    4692:	0f b6       	in	r0, 0x3f	; 63
    4694:	f8 94       	cli
    4696:	de bf       	out	0x3e, r29	; 62
    4698:	0f be       	out	0x3f, r0	; 63
    469a:	cd bf       	out	0x3d, r28	; 61
    469c:	9c 8b       	std	Y+20, r25	; 0x14
    469e:	8b 8b       	std	Y+19, r24	; 0x13
    46a0:	7e 8b       	std	Y+22, r23	; 0x16
    46a2:	6d 8b       	std	Y+21, r22	; 0x15
    u16 valueDigit = 0, lengthNumber = 0;
    46a4:	1a 8a       	std	Y+18, r1	; 0x12
    46a6:	19 8a       	std	Y+17, r1	; 0x11
    46a8:	18 8a       	std	Y+16, r1	; 0x10
    46aa:	1f 86       	std	Y+15, r1	; 0x0f
    u64 valueNumber = 0;
    46ac:	1f 82       	std	Y+7, r1	; 0x07
    46ae:	18 86       	std	Y+8, r1	; 0x08
    46b0:	19 86       	std	Y+9, r1	; 0x09
    46b2:	1a 86       	std	Y+10, r1	; 0x0a
    46b4:	1b 86       	std	Y+11, r1	; 0x0b
    46b6:	1c 86       	std	Y+12, r1	; 0x0c
    46b8:	1d 86       	std	Y+13, r1	; 0x0d
    46ba:	1e 86       	std	Y+14, r1	; 0x0e
    static u64 Parameters[10];

    for(u16 i = 0; i <= numOfOperations; i++)
    46bc:	1e 82       	std	Y+6, r1	; 0x06
    46be:	1d 82       	std	Y+5, r1	; 0x05
    46c0:	cb c3       	rjmp	.+1942   	; 0x4e58 <str2int+0x7e2>
    {
        valueNumber = 0;
    46c2:	1f 82       	std	Y+7, r1	; 0x07
    46c4:	18 86       	std	Y+8, r1	; 0x08
    46c6:	19 86       	std	Y+9, r1	; 0x09
    46c8:	1a 86       	std	Y+10, r1	; 0x0a
    46ca:	1b 86       	std	Y+11, r1	; 0x0b
    46cc:	1c 86       	std	Y+12, r1	; 0x0c
    46ce:	1d 86       	std	Y+13, r1	; 0x0d
    46d0:	1e 86       	std	Y+14, r1	; 0x0e
        lengthNumber = 0;
    46d2:	18 8a       	std	Y+16, r1	; 0x10
    46d4:	1f 86       	std	Y+15, r1	; 0x0f
        for(u16 j = 0; j < 20; j++)
    46d6:	1c 82       	std	Y+4, r1	; 0x04
    46d8:	1b 82       	std	Y+3, r1	; 0x03
    46da:	25 c0       	rjmp	.+74     	; 0x4726 <str2int+0xb0>
        {
            if(stParameter[i*11 + j] == '\0'){ break; }
    46dc:	4d 81       	ldd	r20, Y+5	; 0x05
    46de:	5e 81       	ldd	r21, Y+6	; 0x06
    46e0:	ca 01       	movw	r24, r20
    46e2:	88 0f       	add	r24, r24
    46e4:	99 1f       	adc	r25, r25
    46e6:	9c 01       	movw	r18, r24
    46e8:	22 0f       	add	r18, r18
    46ea:	33 1f       	adc	r19, r19
    46ec:	22 0f       	add	r18, r18
    46ee:	33 1f       	adc	r19, r19
    46f0:	82 0f       	add	r24, r18
    46f2:	93 1f       	adc	r25, r19
    46f4:	9c 01       	movw	r18, r24
    46f6:	24 0f       	add	r18, r20
    46f8:	35 1f       	adc	r19, r21
    46fa:	8b 81       	ldd	r24, Y+3	; 0x03
    46fc:	9c 81       	ldd	r25, Y+4	; 0x04
    46fe:	28 0f       	add	r18, r24
    4700:	39 1f       	adc	r19, r25
    4702:	8b 89       	ldd	r24, Y+19	; 0x13
    4704:	9c 89       	ldd	r25, Y+20	; 0x14
    4706:	fc 01       	movw	r30, r24
    4708:	e2 0f       	add	r30, r18
    470a:	f3 1f       	adc	r31, r19
    470c:	80 81       	ld	r24, Z
    470e:	88 23       	and	r24, r24
    4710:	79 f0       	breq	.+30     	; 0x4730 <str2int+0xba>
            else{ lengthNumber++; }
    4712:	8f 85       	ldd	r24, Y+15	; 0x0f
    4714:	98 89       	ldd	r25, Y+16	; 0x10
    4716:	01 96       	adiw	r24, 0x01	; 1
    4718:	98 8b       	std	Y+16, r25	; 0x10
    471a:	8f 87       	std	Y+15, r24	; 0x0f

    for(u16 i = 0; i <= numOfOperations; i++)
    {
        valueNumber = 0;
        lengthNumber = 0;
        for(u16 j = 0; j < 20; j++)
    471c:	8b 81       	ldd	r24, Y+3	; 0x03
    471e:	9c 81       	ldd	r25, Y+4	; 0x04
    4720:	01 96       	adiw	r24, 0x01	; 1
    4722:	9c 83       	std	Y+4, r25	; 0x04
    4724:	8b 83       	std	Y+3, r24	; 0x03
    4726:	8b 81       	ldd	r24, Y+3	; 0x03
    4728:	9c 81       	ldd	r25, Y+4	; 0x04
    472a:	84 31       	cpi	r24, 0x14	; 20
    472c:	91 05       	cpc	r25, r1
    472e:	b0 f2       	brcs	.-84     	; 0x46dc <str2int+0x66>
        {
            if(stParameter[i*11 + j] == '\0'){ break; }
            else{ lengthNumber++; }
        }
        for(u16 j = 1;  j <= lengthNumber; j++)
    4730:	81 e0       	ldi	r24, 0x01	; 1
    4732:	90 e0       	ldi	r25, 0x00	; 0
    4734:	9a 83       	std	Y+2, r25	; 0x02
    4736:	89 83       	std	Y+1, r24	; 0x01
    4738:	67 c3       	rjmp	.+1742   	; 0x4e08 <str2int+0x792>
        {
            valueDigit = (u16)(stParameter[i*11 + j-1] - '0');
    473a:	4d 81       	ldd	r20, Y+5	; 0x05
    473c:	5e 81       	ldd	r21, Y+6	; 0x06
    473e:	ca 01       	movw	r24, r20
    4740:	88 0f       	add	r24, r24
    4742:	99 1f       	adc	r25, r25
    4744:	9c 01       	movw	r18, r24
    4746:	22 0f       	add	r18, r18
    4748:	33 1f       	adc	r19, r19
    474a:	22 0f       	add	r18, r18
    474c:	33 1f       	adc	r19, r19
    474e:	82 0f       	add	r24, r18
    4750:	93 1f       	adc	r25, r19
    4752:	9c 01       	movw	r18, r24
    4754:	24 0f       	add	r18, r20
    4756:	35 1f       	adc	r19, r21
    4758:	89 81       	ldd	r24, Y+1	; 0x01
    475a:	9a 81       	ldd	r25, Y+2	; 0x02
    475c:	82 0f       	add	r24, r18
    475e:	93 1f       	adc	r25, r19
    4760:	9c 01       	movw	r18, r24
    4762:	21 50       	subi	r18, 0x01	; 1
    4764:	30 40       	sbci	r19, 0x00	; 0
    4766:	8b 89       	ldd	r24, Y+19	; 0x13
    4768:	9c 89       	ldd	r25, Y+20	; 0x14
    476a:	fc 01       	movw	r30, r24
    476c:	e2 0f       	add	r30, r18
    476e:	f3 1f       	adc	r31, r19
    4770:	80 81       	ld	r24, Z
    4772:	88 2f       	mov	r24, r24
    4774:	90 e0       	ldi	r25, 0x00	; 0
    4776:	c0 97       	sbiw	r24, 0x30	; 48
    4778:	9a 8b       	std	Y+18, r25	; 0x12
    477a:	89 8b       	std	Y+17, r24	; 0x11
            valueNumber = (valueNumber * 10) + valueDigit;
    477c:	2f 81       	ldd	r18, Y+7	; 0x07
    477e:	38 85       	ldd	r19, Y+8	; 0x08
    4780:	49 85       	ldd	r20, Y+9	; 0x09
    4782:	5a 85       	ldd	r21, Y+10	; 0x0a
    4784:	6b 85       	ldd	r22, Y+11	; 0x0b
    4786:	7c 85       	ldd	r23, Y+12	; 0x0c
    4788:	8d 85       	ldd	r24, Y+13	; 0x0d
    478a:	9e 85       	ldd	r25, Y+14	; 0x0e
    478c:	a2 2e       	mov	r10, r18
    478e:	b3 2e       	mov	r11, r19
    4790:	c4 2e       	mov	r12, r20
    4792:	d5 2e       	mov	r13, r21
    4794:	e6 2e       	mov	r14, r22
    4796:	f7 2e       	mov	r15, r23
    4798:	08 2f       	mov	r16, r24
    479a:	19 2f       	mov	r17, r25
    479c:	2a 2d       	mov	r18, r10
    479e:	3b 2d       	mov	r19, r11
    47a0:	4c 2d       	mov	r20, r12
    47a2:	5d 2d       	mov	r21, r13
    47a4:	6e 2d       	mov	r22, r14
    47a6:	7f 2d       	mov	r23, r15
    47a8:	80 2f       	mov	r24, r16
    47aa:	91 2f       	mov	r25, r17
    47ac:	01 e0       	ldi	r16, 0x01	; 1
    47ae:	0e 94 44 01 	call	0x288	; 0x288 <__ashldi3>
    47b2:	2f a3       	std	Y+39, r18	; 0x27
    47b4:	38 a7       	std	Y+40, r19	; 0x28
    47b6:	49 a7       	std	Y+41, r20	; 0x29
    47b8:	5a a7       	std	Y+42, r21	; 0x2a
    47ba:	6b a7       	std	Y+43, r22	; 0x2b
    47bc:	7c a7       	std	Y+44, r23	; 0x2c
    47be:	8d a7       	std	Y+45, r24	; 0x2d
    47c0:	9e a7       	std	Y+46, r25	; 0x2e
    47c2:	2f a1       	ldd	r18, Y+39	; 0x27
    47c4:	38 a5       	ldd	r19, Y+40	; 0x28
    47c6:	49 a5       	ldd	r20, Y+41	; 0x29
    47c8:	5a a5       	ldd	r21, Y+42	; 0x2a
    47ca:	6b a5       	ldd	r22, Y+43	; 0x2b
    47cc:	7c a5       	ldd	r23, Y+44	; 0x2c
    47ce:	8d a5       	ldd	r24, Y+45	; 0x2d
    47d0:	9e a5       	ldd	r25, Y+46	; 0x2e
    47d2:	02 e0       	ldi	r16, 0x02	; 2
    47d4:	0e 94 44 01 	call	0x288	; 0x288 <__ashldi3>
    47d8:	2f a7       	std	Y+47, r18	; 0x2f
    47da:	38 ab       	std	Y+48, r19	; 0x30
    47dc:	49 ab       	std	Y+49, r20	; 0x31
    47de:	5a ab       	std	Y+50, r21	; 0x32
    47e0:	6b ab       	std	Y+51, r22	; 0x33
    47e2:	7c ab       	std	Y+52, r23	; 0x34
    47e4:	8d ab       	std	Y+53, r24	; 0x35
    47e6:	9e ab       	std	Y+54, r25	; 0x36
    47e8:	0f a1       	ldd	r16, Y+39	; 0x27
    47ea:	1f a5       	ldd	r17, Y+47	; 0x2f
    47ec:	01 0f       	add	r16, r17
    47ee:	0f ab       	std	Y+55, r16	; 0x37
    47f0:	21 e0       	ldi	r18, 0x01	; 1
    47f2:	2f af       	std	Y+63, r18	; 0x3f
    47f4:	3f a9       	ldd	r19, Y+55	; 0x37
    47f6:	4f a1       	ldd	r20, Y+39	; 0x27
    47f8:	34 17       	cp	r19, r20
    47fa:	08 f0       	brcs	.+2      	; 0x47fe <str2int+0x188>
    47fc:	1f ae       	std	Y+63, r1	; 0x3f
    47fe:	58 a5       	ldd	r21, Y+40	; 0x28
    4800:	68 a9       	ldd	r22, Y+48	; 0x30
    4802:	56 0f       	add	r21, r22
    4804:	58 af       	std	Y+56, r21	; 0x38
    4806:	71 e0       	ldi	r23, 0x01	; 1
    4808:	21 96       	adiw	r28, 0x01	; 1
    480a:	7f af       	std	Y+63, r23	; 0x3f
    480c:	21 97       	sbiw	r28, 0x01	; 1
    480e:	88 ad       	ldd	r24, Y+56	; 0x38
    4810:	98 a5       	ldd	r25, Y+40	; 0x28
    4812:	89 17       	cp	r24, r25
    4814:	18 f0       	brcs	.+6      	; 0x481c <str2int+0x1a6>
    4816:	21 96       	adiw	r28, 0x01	; 1
    4818:	1f ae       	std	Y+63, r1	; 0x3f
    481a:	21 97       	sbiw	r28, 0x01	; 1
    481c:	0f ad       	ldd	r16, Y+63	; 0x3f
    481e:	18 ad       	ldd	r17, Y+56	; 0x38
    4820:	01 0f       	add	r16, r17
    4822:	22 96       	adiw	r28, 0x02	; 2
    4824:	0f af       	std	Y+63, r16	; 0x3f
    4826:	22 97       	sbiw	r28, 0x02	; 2
    4828:	21 e0       	ldi	r18, 0x01	; 1
    482a:	23 96       	adiw	r28, 0x03	; 3
    482c:	2f af       	std	Y+63, r18	; 0x3f
    482e:	23 97       	sbiw	r28, 0x03	; 3
    4830:	22 96       	adiw	r28, 0x02	; 2
    4832:	3f ad       	ldd	r19, Y+63	; 0x3f
    4834:	22 97       	sbiw	r28, 0x02	; 2
    4836:	48 ad       	ldd	r20, Y+56	; 0x38
    4838:	34 17       	cp	r19, r20
    483a:	18 f0       	brcs	.+6      	; 0x4842 <str2int+0x1cc>
    483c:	23 96       	adiw	r28, 0x03	; 3
    483e:	1f ae       	std	Y+63, r1	; 0x3f
    4840:	23 97       	sbiw	r28, 0x03	; 3
    4842:	21 96       	adiw	r28, 0x01	; 1
    4844:	5f ad       	ldd	r21, Y+63	; 0x3f
    4846:	21 97       	sbiw	r28, 0x01	; 1
    4848:	23 96       	adiw	r28, 0x03	; 3
    484a:	6f ad       	ldd	r22, Y+63	; 0x3f
    484c:	23 97       	sbiw	r28, 0x03	; 3
    484e:	56 2b       	or	r21, r22
    4850:	21 96       	adiw	r28, 0x01	; 1
    4852:	5f af       	std	Y+63, r21	; 0x3f
    4854:	21 97       	sbiw	r28, 0x01	; 1
    4856:	22 96       	adiw	r28, 0x02	; 2
    4858:	7f ad       	ldd	r23, Y+63	; 0x3f
    485a:	22 97       	sbiw	r28, 0x02	; 2
    485c:	78 af       	std	Y+56, r23	; 0x38
    485e:	89 a5       	ldd	r24, Y+41	; 0x29
    4860:	99 a9       	ldd	r25, Y+49	; 0x31
    4862:	89 0f       	add	r24, r25
    4864:	89 af       	std	Y+57, r24	; 0x39
    4866:	01 e0       	ldi	r16, 0x01	; 1
    4868:	24 96       	adiw	r28, 0x04	; 4
    486a:	0f af       	std	Y+63, r16	; 0x3f
    486c:	24 97       	sbiw	r28, 0x04	; 4
    486e:	19 ad       	ldd	r17, Y+57	; 0x39
    4870:	29 a5       	ldd	r18, Y+41	; 0x29
    4872:	12 17       	cp	r17, r18
    4874:	18 f0       	brcs	.+6      	; 0x487c <str2int+0x206>
    4876:	24 96       	adiw	r28, 0x04	; 4
    4878:	1f ae       	std	Y+63, r1	; 0x3f
    487a:	24 97       	sbiw	r28, 0x04	; 4
    487c:	21 96       	adiw	r28, 0x01	; 1
    487e:	3f ad       	ldd	r19, Y+63	; 0x3f
    4880:	21 97       	sbiw	r28, 0x01	; 1
    4882:	49 ad       	ldd	r20, Y+57	; 0x39
    4884:	34 0f       	add	r19, r20
    4886:	25 96       	adiw	r28, 0x05	; 5
    4888:	3f af       	std	Y+63, r19	; 0x3f
    488a:	25 97       	sbiw	r28, 0x05	; 5
    488c:	51 e0       	ldi	r21, 0x01	; 1
    488e:	26 96       	adiw	r28, 0x06	; 6
    4890:	5f af       	std	Y+63, r21	; 0x3f
    4892:	26 97       	sbiw	r28, 0x06	; 6
    4894:	25 96       	adiw	r28, 0x05	; 5
    4896:	6f ad       	ldd	r22, Y+63	; 0x3f
    4898:	25 97       	sbiw	r28, 0x05	; 5
    489a:	79 ad       	ldd	r23, Y+57	; 0x39
    489c:	67 17       	cp	r22, r23
    489e:	18 f0       	brcs	.+6      	; 0x48a6 <str2int+0x230>
    48a0:	26 96       	adiw	r28, 0x06	; 6
    48a2:	1f ae       	std	Y+63, r1	; 0x3f
    48a4:	26 97       	sbiw	r28, 0x06	; 6
    48a6:	24 96       	adiw	r28, 0x04	; 4
    48a8:	8f ad       	ldd	r24, Y+63	; 0x3f
    48aa:	24 97       	sbiw	r28, 0x04	; 4
    48ac:	26 96       	adiw	r28, 0x06	; 6
    48ae:	9f ad       	ldd	r25, Y+63	; 0x3f
    48b0:	26 97       	sbiw	r28, 0x06	; 6
    48b2:	89 2b       	or	r24, r25
    48b4:	24 96       	adiw	r28, 0x04	; 4
    48b6:	8f af       	std	Y+63, r24	; 0x3f
    48b8:	24 97       	sbiw	r28, 0x04	; 4
    48ba:	25 96       	adiw	r28, 0x05	; 5
    48bc:	0f ad       	ldd	r16, Y+63	; 0x3f
    48be:	25 97       	sbiw	r28, 0x05	; 5
    48c0:	09 af       	std	Y+57, r16	; 0x39
    48c2:	1a a5       	ldd	r17, Y+42	; 0x2a
    48c4:	2a a9       	ldd	r18, Y+50	; 0x32
    48c6:	12 0f       	add	r17, r18
    48c8:	1a af       	std	Y+58, r17	; 0x3a
    48ca:	31 e0       	ldi	r19, 0x01	; 1
    48cc:	27 96       	adiw	r28, 0x07	; 7
    48ce:	3f af       	std	Y+63, r19	; 0x3f
    48d0:	27 97       	sbiw	r28, 0x07	; 7
    48d2:	4a ad       	ldd	r20, Y+58	; 0x3a
    48d4:	5a a5       	ldd	r21, Y+42	; 0x2a
    48d6:	45 17       	cp	r20, r21
    48d8:	18 f0       	brcs	.+6      	; 0x48e0 <str2int+0x26a>
    48da:	27 96       	adiw	r28, 0x07	; 7
    48dc:	1f ae       	std	Y+63, r1	; 0x3f
    48de:	27 97       	sbiw	r28, 0x07	; 7
    48e0:	24 96       	adiw	r28, 0x04	; 4
    48e2:	6f ad       	ldd	r22, Y+63	; 0x3f
    48e4:	24 97       	sbiw	r28, 0x04	; 4
    48e6:	7a ad       	ldd	r23, Y+58	; 0x3a
    48e8:	67 0f       	add	r22, r23
    48ea:	28 96       	adiw	r28, 0x08	; 8
    48ec:	6f af       	std	Y+63, r22	; 0x3f
    48ee:	28 97       	sbiw	r28, 0x08	; 8
    48f0:	81 e0       	ldi	r24, 0x01	; 1
    48f2:	29 96       	adiw	r28, 0x09	; 9
    48f4:	8f af       	std	Y+63, r24	; 0x3f
    48f6:	29 97       	sbiw	r28, 0x09	; 9
    48f8:	28 96       	adiw	r28, 0x08	; 8
    48fa:	9f ad       	ldd	r25, Y+63	; 0x3f
    48fc:	28 97       	sbiw	r28, 0x08	; 8
    48fe:	0a ad       	ldd	r16, Y+58	; 0x3a
    4900:	90 17       	cp	r25, r16
    4902:	18 f0       	brcs	.+6      	; 0x490a <str2int+0x294>
    4904:	29 96       	adiw	r28, 0x09	; 9
    4906:	1f ae       	std	Y+63, r1	; 0x3f
    4908:	29 97       	sbiw	r28, 0x09	; 9
    490a:	27 96       	adiw	r28, 0x07	; 7
    490c:	1f ad       	ldd	r17, Y+63	; 0x3f
    490e:	27 97       	sbiw	r28, 0x07	; 7
    4910:	29 96       	adiw	r28, 0x09	; 9
    4912:	2f ad       	ldd	r18, Y+63	; 0x3f
    4914:	29 97       	sbiw	r28, 0x09	; 9
    4916:	12 2b       	or	r17, r18
    4918:	27 96       	adiw	r28, 0x07	; 7
    491a:	1f af       	std	Y+63, r17	; 0x3f
    491c:	27 97       	sbiw	r28, 0x07	; 7
    491e:	28 96       	adiw	r28, 0x08	; 8
    4920:	3f ad       	ldd	r19, Y+63	; 0x3f
    4922:	28 97       	sbiw	r28, 0x08	; 8
    4924:	3a af       	std	Y+58, r19	; 0x3a
    4926:	4b a5       	ldd	r20, Y+43	; 0x2b
    4928:	5b a9       	ldd	r21, Y+51	; 0x33
    492a:	45 0f       	add	r20, r21
    492c:	4b af       	std	Y+59, r20	; 0x3b
    492e:	61 e0       	ldi	r22, 0x01	; 1
    4930:	2a 96       	adiw	r28, 0x0a	; 10
    4932:	6f af       	std	Y+63, r22	; 0x3f
    4934:	2a 97       	sbiw	r28, 0x0a	; 10
    4936:	7b ad       	ldd	r23, Y+59	; 0x3b
    4938:	8b a5       	ldd	r24, Y+43	; 0x2b
    493a:	78 17       	cp	r23, r24
    493c:	18 f0       	brcs	.+6      	; 0x4944 <str2int+0x2ce>
    493e:	2a 96       	adiw	r28, 0x0a	; 10
    4940:	1f ae       	std	Y+63, r1	; 0x3f
    4942:	2a 97       	sbiw	r28, 0x0a	; 10
    4944:	27 96       	adiw	r28, 0x07	; 7
    4946:	9f ad       	ldd	r25, Y+63	; 0x3f
    4948:	27 97       	sbiw	r28, 0x07	; 7
    494a:	0b ad       	ldd	r16, Y+59	; 0x3b
    494c:	90 0f       	add	r25, r16
    494e:	2b 96       	adiw	r28, 0x0b	; 11
    4950:	9f af       	std	Y+63, r25	; 0x3f
    4952:	2b 97       	sbiw	r28, 0x0b	; 11
    4954:	11 e0       	ldi	r17, 0x01	; 1
    4956:	2c 96       	adiw	r28, 0x0c	; 12
    4958:	1f af       	std	Y+63, r17	; 0x3f
    495a:	2c 97       	sbiw	r28, 0x0c	; 12
    495c:	2b 96       	adiw	r28, 0x0b	; 11
    495e:	2f ad       	ldd	r18, Y+63	; 0x3f
    4960:	2b 97       	sbiw	r28, 0x0b	; 11
    4962:	3b ad       	ldd	r19, Y+59	; 0x3b
    4964:	23 17       	cp	r18, r19
    4966:	18 f0       	brcs	.+6      	; 0x496e <str2int+0x2f8>
    4968:	2c 96       	adiw	r28, 0x0c	; 12
    496a:	1f ae       	std	Y+63, r1	; 0x3f
    496c:	2c 97       	sbiw	r28, 0x0c	; 12
    496e:	2a 96       	adiw	r28, 0x0a	; 10
    4970:	4f ad       	ldd	r20, Y+63	; 0x3f
    4972:	2a 97       	sbiw	r28, 0x0a	; 10
    4974:	2c 96       	adiw	r28, 0x0c	; 12
    4976:	5f ad       	ldd	r21, Y+63	; 0x3f
    4978:	2c 97       	sbiw	r28, 0x0c	; 12
    497a:	45 2b       	or	r20, r21
    497c:	2a 96       	adiw	r28, 0x0a	; 10
    497e:	4f af       	std	Y+63, r20	; 0x3f
    4980:	2a 97       	sbiw	r28, 0x0a	; 10
    4982:	2b 96       	adiw	r28, 0x0b	; 11
    4984:	6f ad       	ldd	r22, Y+63	; 0x3f
    4986:	2b 97       	sbiw	r28, 0x0b	; 11
    4988:	6b af       	std	Y+59, r22	; 0x3b
    498a:	7c a5       	ldd	r23, Y+44	; 0x2c
    498c:	8c a9       	ldd	r24, Y+52	; 0x34
    498e:	78 0f       	add	r23, r24
    4990:	7c af       	std	Y+60, r23	; 0x3c
    4992:	91 e0       	ldi	r25, 0x01	; 1
    4994:	2d 96       	adiw	r28, 0x0d	; 13
    4996:	9f af       	std	Y+63, r25	; 0x3f
    4998:	2d 97       	sbiw	r28, 0x0d	; 13
    499a:	0c ad       	ldd	r16, Y+60	; 0x3c
    499c:	1c a5       	ldd	r17, Y+44	; 0x2c
    499e:	01 17       	cp	r16, r17
    49a0:	18 f0       	brcs	.+6      	; 0x49a8 <str2int+0x332>
    49a2:	2d 96       	adiw	r28, 0x0d	; 13
    49a4:	1f ae       	std	Y+63, r1	; 0x3f
    49a6:	2d 97       	sbiw	r28, 0x0d	; 13
    49a8:	2a 96       	adiw	r28, 0x0a	; 10
    49aa:	2f ad       	ldd	r18, Y+63	; 0x3f
    49ac:	2a 97       	sbiw	r28, 0x0a	; 10
    49ae:	3c ad       	ldd	r19, Y+60	; 0x3c
    49b0:	23 0f       	add	r18, r19
    49b2:	2e 96       	adiw	r28, 0x0e	; 14
    49b4:	2f af       	std	Y+63, r18	; 0x3f
    49b6:	2e 97       	sbiw	r28, 0x0e	; 14
    49b8:	41 e0       	ldi	r20, 0x01	; 1
    49ba:	2f 96       	adiw	r28, 0x0f	; 15
    49bc:	4f af       	std	Y+63, r20	; 0x3f
    49be:	2f 97       	sbiw	r28, 0x0f	; 15
    49c0:	2e 96       	adiw	r28, 0x0e	; 14
    49c2:	5f ad       	ldd	r21, Y+63	; 0x3f
    49c4:	2e 97       	sbiw	r28, 0x0e	; 14
    49c6:	6c ad       	ldd	r22, Y+60	; 0x3c
    49c8:	56 17       	cp	r21, r22
    49ca:	18 f0       	brcs	.+6      	; 0x49d2 <str2int+0x35c>
    49cc:	2f 96       	adiw	r28, 0x0f	; 15
    49ce:	1f ae       	std	Y+63, r1	; 0x3f
    49d0:	2f 97       	sbiw	r28, 0x0f	; 15
    49d2:	2d 96       	adiw	r28, 0x0d	; 13
    49d4:	7f ad       	ldd	r23, Y+63	; 0x3f
    49d6:	2d 97       	sbiw	r28, 0x0d	; 13
    49d8:	2f 96       	adiw	r28, 0x0f	; 15
    49da:	8f ad       	ldd	r24, Y+63	; 0x3f
    49dc:	2f 97       	sbiw	r28, 0x0f	; 15
    49de:	78 2b       	or	r23, r24
    49e0:	2d 96       	adiw	r28, 0x0d	; 13
    49e2:	7f af       	std	Y+63, r23	; 0x3f
    49e4:	2d 97       	sbiw	r28, 0x0d	; 13
    49e6:	2e 96       	adiw	r28, 0x0e	; 14
    49e8:	9f ad       	ldd	r25, Y+63	; 0x3f
    49ea:	2e 97       	sbiw	r28, 0x0e	; 14
    49ec:	9c af       	std	Y+60, r25	; 0x3c
    49ee:	0d a5       	ldd	r16, Y+45	; 0x2d
    49f0:	1d a9       	ldd	r17, Y+53	; 0x35
    49f2:	01 0f       	add	r16, r17
    49f4:	0d af       	std	Y+61, r16	; 0x3d
    49f6:	21 e0       	ldi	r18, 0x01	; 1
    49f8:	60 96       	adiw	r28, 0x10	; 16
    49fa:	2f af       	std	Y+63, r18	; 0x3f
    49fc:	60 97       	sbiw	r28, 0x10	; 16
    49fe:	3d ad       	ldd	r19, Y+61	; 0x3d
    4a00:	4d a5       	ldd	r20, Y+45	; 0x2d
    4a02:	34 17       	cp	r19, r20
    4a04:	18 f0       	brcs	.+6      	; 0x4a0c <str2int+0x396>
    4a06:	60 96       	adiw	r28, 0x10	; 16
    4a08:	1f ae       	std	Y+63, r1	; 0x3f
    4a0a:	60 97       	sbiw	r28, 0x10	; 16
    4a0c:	2d 96       	adiw	r28, 0x0d	; 13
    4a0e:	5f ad       	ldd	r21, Y+63	; 0x3f
    4a10:	2d 97       	sbiw	r28, 0x0d	; 13
    4a12:	6d ad       	ldd	r22, Y+61	; 0x3d
    4a14:	56 0f       	add	r21, r22
    4a16:	61 96       	adiw	r28, 0x11	; 17
    4a18:	5f af       	std	Y+63, r21	; 0x3f
    4a1a:	61 97       	sbiw	r28, 0x11	; 17
    4a1c:	71 e0       	ldi	r23, 0x01	; 1
    4a1e:	62 96       	adiw	r28, 0x12	; 18
    4a20:	7f af       	std	Y+63, r23	; 0x3f
    4a22:	62 97       	sbiw	r28, 0x12	; 18
    4a24:	61 96       	adiw	r28, 0x11	; 17
    4a26:	8f ad       	ldd	r24, Y+63	; 0x3f
    4a28:	61 97       	sbiw	r28, 0x11	; 17
    4a2a:	9d ad       	ldd	r25, Y+61	; 0x3d
    4a2c:	89 17       	cp	r24, r25
    4a2e:	18 f0       	brcs	.+6      	; 0x4a36 <str2int+0x3c0>
    4a30:	62 96       	adiw	r28, 0x12	; 18
    4a32:	1f ae       	std	Y+63, r1	; 0x3f
    4a34:	62 97       	sbiw	r28, 0x12	; 18
    4a36:	60 96       	adiw	r28, 0x10	; 16
    4a38:	0f ad       	ldd	r16, Y+63	; 0x3f
    4a3a:	60 97       	sbiw	r28, 0x10	; 16
    4a3c:	62 96       	adiw	r28, 0x12	; 18
    4a3e:	1f ad       	ldd	r17, Y+63	; 0x3f
    4a40:	62 97       	sbiw	r28, 0x12	; 18
    4a42:	01 2b       	or	r16, r17
    4a44:	60 96       	adiw	r28, 0x10	; 16
    4a46:	0f af       	std	Y+63, r16	; 0x3f
    4a48:	60 97       	sbiw	r28, 0x10	; 16
    4a4a:	61 96       	adiw	r28, 0x11	; 17
    4a4c:	2f ad       	ldd	r18, Y+63	; 0x3f
    4a4e:	61 97       	sbiw	r28, 0x11	; 17
    4a50:	2d af       	std	Y+61, r18	; 0x3d
    4a52:	3e a5       	ldd	r19, Y+46	; 0x2e
    4a54:	4e a9       	ldd	r20, Y+54	; 0x36
    4a56:	34 0f       	add	r19, r20
    4a58:	3e af       	std	Y+62, r19	; 0x3e
    4a5a:	60 96       	adiw	r28, 0x10	; 16
    4a5c:	8f ad       	ldd	r24, Y+63	; 0x3f
    4a5e:	60 97       	sbiw	r28, 0x10	; 16
    4a60:	5e ad       	ldd	r21, Y+62	; 0x3e
    4a62:	85 0f       	add	r24, r21
    4a64:	8e af       	std	Y+62, r24	; 0x3e
    4a66:	6f a9       	ldd	r22, Y+55	; 0x37
    4a68:	6f 8f       	std	Y+31, r22	; 0x1f
    4a6a:	78 ad       	ldd	r23, Y+56	; 0x38
    4a6c:	78 a3       	std	Y+32, r23	; 0x20
    4a6e:	89 ad       	ldd	r24, Y+57	; 0x39
    4a70:	89 a3       	std	Y+33, r24	; 0x21
    4a72:	9a ad       	ldd	r25, Y+58	; 0x3a
    4a74:	9a a3       	std	Y+34, r25	; 0x22
    4a76:	0b ad       	ldd	r16, Y+59	; 0x3b
    4a78:	0b a3       	std	Y+35, r16	; 0x23
    4a7a:	1c ad       	ldd	r17, Y+60	; 0x3c
    4a7c:	1c a3       	std	Y+36, r17	; 0x24
    4a7e:	2d ad       	ldd	r18, Y+61	; 0x3d
    4a80:	2d a3       	std	Y+37, r18	; 0x25
    4a82:	3e ad       	ldd	r19, Y+62	; 0x3e
    4a84:	3e a3       	std	Y+38, r19	; 0x26
    4a86:	89 89       	ldd	r24, Y+17	; 0x11
    4a88:	9a 89       	ldd	r25, Y+18	; 0x12
    4a8a:	8c 01       	movw	r16, r24
    4a8c:	20 e0       	ldi	r18, 0x00	; 0
    4a8e:	30 e0       	ldi	r19, 0x00	; 0
    4a90:	40 e0       	ldi	r20, 0x00	; 0
    4a92:	50 e0       	ldi	r21, 0x00	; 0
    4a94:	60 e0       	ldi	r22, 0x00	; 0
    4a96:	70 e0       	ldi	r23, 0x00	; 0
    4a98:	0f 8b       	std	Y+23, r16	; 0x17
    4a9a:	18 8f       	std	Y+24, r17	; 0x18
    4a9c:	29 8f       	std	Y+25, r18	; 0x19
    4a9e:	3a 8f       	std	Y+26, r19	; 0x1a
    4aa0:	4b 8f       	std	Y+27, r20	; 0x1b
    4aa2:	5c 8f       	std	Y+28, r21	; 0x1c
    4aa4:	6d 8f       	std	Y+29, r22	; 0x1d
    4aa6:	7e 8f       	std	Y+30, r23	; 0x1e
    4aa8:	1f 8d       	ldd	r17, Y+31	; 0x1f
    4aaa:	2f 89       	ldd	r18, Y+23	; 0x17
    4aac:	12 0f       	add	r17, r18
    4aae:	63 96       	adiw	r28, 0x13	; 19
    4ab0:	1f af       	std	Y+63, r17	; 0x3f
    4ab2:	63 97       	sbiw	r28, 0x13	; 19
    4ab4:	31 e0       	ldi	r19, 0x01	; 1
    4ab6:	6b 96       	adiw	r28, 0x1b	; 27
    4ab8:	3f af       	std	Y+63, r19	; 0x3f
    4aba:	6b 97       	sbiw	r28, 0x1b	; 27
    4abc:	63 96       	adiw	r28, 0x13	; 19
    4abe:	4f ad       	ldd	r20, Y+63	; 0x3f
    4ac0:	63 97       	sbiw	r28, 0x13	; 19
    4ac2:	5f 8d       	ldd	r21, Y+31	; 0x1f
    4ac4:	45 17       	cp	r20, r21
    4ac6:	18 f0       	brcs	.+6      	; 0x4ace <str2int+0x458>
    4ac8:	6b 96       	adiw	r28, 0x1b	; 27
    4aca:	1f ae       	std	Y+63, r1	; 0x3f
    4acc:	6b 97       	sbiw	r28, 0x1b	; 27
    4ace:	68 a1       	ldd	r22, Y+32	; 0x20
    4ad0:	78 8d       	ldd	r23, Y+24	; 0x18
    4ad2:	67 0f       	add	r22, r23
    4ad4:	64 96       	adiw	r28, 0x14	; 20
    4ad6:	6f af       	std	Y+63, r22	; 0x3f
    4ad8:	64 97       	sbiw	r28, 0x14	; 20
    4ada:	81 e0       	ldi	r24, 0x01	; 1
    4adc:	6c 96       	adiw	r28, 0x1c	; 28
    4ade:	8f af       	std	Y+63, r24	; 0x3f
    4ae0:	6c 97       	sbiw	r28, 0x1c	; 28
    4ae2:	64 96       	adiw	r28, 0x14	; 20
    4ae4:	9f ad       	ldd	r25, Y+63	; 0x3f
    4ae6:	64 97       	sbiw	r28, 0x14	; 20
    4ae8:	08 a1       	ldd	r16, Y+32	; 0x20
    4aea:	90 17       	cp	r25, r16
    4aec:	18 f0       	brcs	.+6      	; 0x4af4 <str2int+0x47e>
    4aee:	6c 96       	adiw	r28, 0x1c	; 28
    4af0:	1f ae       	std	Y+63, r1	; 0x3f
    4af2:	6c 97       	sbiw	r28, 0x1c	; 28
    4af4:	6b 96       	adiw	r28, 0x1b	; 27
    4af6:	1f ad       	ldd	r17, Y+63	; 0x3f
    4af8:	6b 97       	sbiw	r28, 0x1b	; 27
    4afa:	64 96       	adiw	r28, 0x14	; 20
    4afc:	2f ad       	ldd	r18, Y+63	; 0x3f
    4afe:	64 97       	sbiw	r28, 0x14	; 20
    4b00:	12 0f       	add	r17, r18
    4b02:	6d 96       	adiw	r28, 0x1d	; 29
    4b04:	1f af       	std	Y+63, r17	; 0x3f
    4b06:	6d 97       	sbiw	r28, 0x1d	; 29
    4b08:	31 e0       	ldi	r19, 0x01	; 1
    4b0a:	6e 96       	adiw	r28, 0x1e	; 30
    4b0c:	3f af       	std	Y+63, r19	; 0x3f
    4b0e:	6e 97       	sbiw	r28, 0x1e	; 30
    4b10:	6d 96       	adiw	r28, 0x1d	; 29
    4b12:	4f ad       	ldd	r20, Y+63	; 0x3f
    4b14:	6d 97       	sbiw	r28, 0x1d	; 29
    4b16:	64 96       	adiw	r28, 0x14	; 20
    4b18:	5f ad       	ldd	r21, Y+63	; 0x3f
    4b1a:	64 97       	sbiw	r28, 0x14	; 20
    4b1c:	45 17       	cp	r20, r21
    4b1e:	18 f0       	brcs	.+6      	; 0x4b26 <str2int+0x4b0>
    4b20:	6e 96       	adiw	r28, 0x1e	; 30
    4b22:	1f ae       	std	Y+63, r1	; 0x3f
    4b24:	6e 97       	sbiw	r28, 0x1e	; 30
    4b26:	6c 96       	adiw	r28, 0x1c	; 28
    4b28:	6f ad       	ldd	r22, Y+63	; 0x3f
    4b2a:	6c 97       	sbiw	r28, 0x1c	; 28
    4b2c:	6e 96       	adiw	r28, 0x1e	; 30
    4b2e:	7f ad       	ldd	r23, Y+63	; 0x3f
    4b30:	6e 97       	sbiw	r28, 0x1e	; 30
    4b32:	67 2b       	or	r22, r23
    4b34:	6c 96       	adiw	r28, 0x1c	; 28
    4b36:	6f af       	std	Y+63, r22	; 0x3f
    4b38:	6c 97       	sbiw	r28, 0x1c	; 28
    4b3a:	6d 96       	adiw	r28, 0x1d	; 29
    4b3c:	8f ad       	ldd	r24, Y+63	; 0x3f
    4b3e:	6d 97       	sbiw	r28, 0x1d	; 29
    4b40:	64 96       	adiw	r28, 0x14	; 20
    4b42:	8f af       	std	Y+63, r24	; 0x3f
    4b44:	64 97       	sbiw	r28, 0x14	; 20
    4b46:	99 a1       	ldd	r25, Y+33	; 0x21
    4b48:	09 8d       	ldd	r16, Y+25	; 0x19
    4b4a:	90 0f       	add	r25, r16
    4b4c:	65 96       	adiw	r28, 0x15	; 21
    4b4e:	9f af       	std	Y+63, r25	; 0x3f
    4b50:	65 97       	sbiw	r28, 0x15	; 21
    4b52:	11 e0       	ldi	r17, 0x01	; 1
    4b54:	6f 96       	adiw	r28, 0x1f	; 31
    4b56:	1f af       	std	Y+63, r17	; 0x3f
    4b58:	6f 97       	sbiw	r28, 0x1f	; 31
    4b5a:	65 96       	adiw	r28, 0x15	; 21
    4b5c:	2f ad       	ldd	r18, Y+63	; 0x3f
    4b5e:	65 97       	sbiw	r28, 0x15	; 21
    4b60:	39 a1       	ldd	r19, Y+33	; 0x21
    4b62:	23 17       	cp	r18, r19
    4b64:	18 f0       	brcs	.+6      	; 0x4b6c <str2int+0x4f6>
    4b66:	6f 96       	adiw	r28, 0x1f	; 31
    4b68:	1f ae       	std	Y+63, r1	; 0x3f
    4b6a:	6f 97       	sbiw	r28, 0x1f	; 31
    4b6c:	6c 96       	adiw	r28, 0x1c	; 28
    4b6e:	4f ad       	ldd	r20, Y+63	; 0x3f
    4b70:	6c 97       	sbiw	r28, 0x1c	; 28
    4b72:	65 96       	adiw	r28, 0x15	; 21
    4b74:	5f ad       	ldd	r21, Y+63	; 0x3f
    4b76:	65 97       	sbiw	r28, 0x15	; 21
    4b78:	45 0f       	add	r20, r21
    4b7a:	a0 96       	adiw	r28, 0x20	; 32
    4b7c:	4f af       	std	Y+63, r20	; 0x3f
    4b7e:	a0 97       	sbiw	r28, 0x20	; 32
    4b80:	61 e0       	ldi	r22, 0x01	; 1
    4b82:	a1 96       	adiw	r28, 0x21	; 33
    4b84:	6f af       	std	Y+63, r22	; 0x3f
    4b86:	a1 97       	sbiw	r28, 0x21	; 33
    4b88:	a0 96       	adiw	r28, 0x20	; 32
    4b8a:	7f ad       	ldd	r23, Y+63	; 0x3f
    4b8c:	a0 97       	sbiw	r28, 0x20	; 32
    4b8e:	65 96       	adiw	r28, 0x15	; 21
    4b90:	8f ad       	ldd	r24, Y+63	; 0x3f
    4b92:	65 97       	sbiw	r28, 0x15	; 21
    4b94:	78 17       	cp	r23, r24
    4b96:	18 f0       	brcs	.+6      	; 0x4b9e <str2int+0x528>
    4b98:	a1 96       	adiw	r28, 0x21	; 33
    4b9a:	1f ae       	std	Y+63, r1	; 0x3f
    4b9c:	a1 97       	sbiw	r28, 0x21	; 33
    4b9e:	6f 96       	adiw	r28, 0x1f	; 31
    4ba0:	9f ad       	ldd	r25, Y+63	; 0x3f
    4ba2:	6f 97       	sbiw	r28, 0x1f	; 31
    4ba4:	a1 96       	adiw	r28, 0x21	; 33
    4ba6:	0f ad       	ldd	r16, Y+63	; 0x3f
    4ba8:	a1 97       	sbiw	r28, 0x21	; 33
    4baa:	90 2b       	or	r25, r16
    4bac:	6f 96       	adiw	r28, 0x1f	; 31
    4bae:	9f af       	std	Y+63, r25	; 0x3f
    4bb0:	6f 97       	sbiw	r28, 0x1f	; 31
    4bb2:	a0 96       	adiw	r28, 0x20	; 32
    4bb4:	1f ad       	ldd	r17, Y+63	; 0x3f
    4bb6:	a0 97       	sbiw	r28, 0x20	; 32
    4bb8:	65 96       	adiw	r28, 0x15	; 21
    4bba:	1f af       	std	Y+63, r17	; 0x3f
    4bbc:	65 97       	sbiw	r28, 0x15	; 21
    4bbe:	2a a1       	ldd	r18, Y+34	; 0x22
    4bc0:	3a 8d       	ldd	r19, Y+26	; 0x1a
    4bc2:	23 0f       	add	r18, r19
    4bc4:	66 96       	adiw	r28, 0x16	; 22
    4bc6:	2f af       	std	Y+63, r18	; 0x3f
    4bc8:	66 97       	sbiw	r28, 0x16	; 22
    4bca:	41 e0       	ldi	r20, 0x01	; 1
    4bcc:	a2 96       	adiw	r28, 0x22	; 34
    4bce:	4f af       	std	Y+63, r20	; 0x3f
    4bd0:	a2 97       	sbiw	r28, 0x22	; 34
    4bd2:	66 96       	adiw	r28, 0x16	; 22
    4bd4:	5f ad       	ldd	r21, Y+63	; 0x3f
    4bd6:	66 97       	sbiw	r28, 0x16	; 22
    4bd8:	6a a1       	ldd	r22, Y+34	; 0x22
    4bda:	56 17       	cp	r21, r22
    4bdc:	18 f0       	brcs	.+6      	; 0x4be4 <str2int+0x56e>
    4bde:	a2 96       	adiw	r28, 0x22	; 34
    4be0:	1f ae       	std	Y+63, r1	; 0x3f
    4be2:	a2 97       	sbiw	r28, 0x22	; 34
    4be4:	6f 96       	adiw	r28, 0x1f	; 31
    4be6:	7f ad       	ldd	r23, Y+63	; 0x3f
    4be8:	6f 97       	sbiw	r28, 0x1f	; 31
    4bea:	66 96       	adiw	r28, 0x16	; 22
    4bec:	8f ad       	ldd	r24, Y+63	; 0x3f
    4bee:	66 97       	sbiw	r28, 0x16	; 22
    4bf0:	78 0f       	add	r23, r24
    4bf2:	a3 96       	adiw	r28, 0x23	; 35
    4bf4:	7f af       	std	Y+63, r23	; 0x3f
    4bf6:	a3 97       	sbiw	r28, 0x23	; 35
    4bf8:	91 e0       	ldi	r25, 0x01	; 1
    4bfa:	a4 96       	adiw	r28, 0x24	; 36
    4bfc:	9f af       	std	Y+63, r25	; 0x3f
    4bfe:	a4 97       	sbiw	r28, 0x24	; 36
    4c00:	a3 96       	adiw	r28, 0x23	; 35
    4c02:	0f ad       	ldd	r16, Y+63	; 0x3f
    4c04:	a3 97       	sbiw	r28, 0x23	; 35
    4c06:	66 96       	adiw	r28, 0x16	; 22
    4c08:	1f ad       	ldd	r17, Y+63	; 0x3f
    4c0a:	66 97       	sbiw	r28, 0x16	; 22
    4c0c:	01 17       	cp	r16, r17
    4c0e:	18 f0       	brcs	.+6      	; 0x4c16 <str2int+0x5a0>
    4c10:	a4 96       	adiw	r28, 0x24	; 36
    4c12:	1f ae       	std	Y+63, r1	; 0x3f
    4c14:	a4 97       	sbiw	r28, 0x24	; 36
    4c16:	a2 96       	adiw	r28, 0x22	; 34
    4c18:	2f ad       	ldd	r18, Y+63	; 0x3f
    4c1a:	a2 97       	sbiw	r28, 0x22	; 34
    4c1c:	a4 96       	adiw	r28, 0x24	; 36
    4c1e:	3f ad       	ldd	r19, Y+63	; 0x3f
    4c20:	a4 97       	sbiw	r28, 0x24	; 36
    4c22:	23 2b       	or	r18, r19
    4c24:	a2 96       	adiw	r28, 0x22	; 34
    4c26:	2f af       	std	Y+63, r18	; 0x3f
    4c28:	a2 97       	sbiw	r28, 0x22	; 34
    4c2a:	a3 96       	adiw	r28, 0x23	; 35
    4c2c:	4f ad       	ldd	r20, Y+63	; 0x3f
    4c2e:	a3 97       	sbiw	r28, 0x23	; 35
    4c30:	66 96       	adiw	r28, 0x16	; 22
    4c32:	4f af       	std	Y+63, r20	; 0x3f
    4c34:	66 97       	sbiw	r28, 0x16	; 22
    4c36:	5b a1       	ldd	r21, Y+35	; 0x23
    4c38:	6b 8d       	ldd	r22, Y+27	; 0x1b
    4c3a:	56 0f       	add	r21, r22
    4c3c:	67 96       	adiw	r28, 0x17	; 23
    4c3e:	5f af       	std	Y+63, r21	; 0x3f
    4c40:	67 97       	sbiw	r28, 0x17	; 23
    4c42:	71 e0       	ldi	r23, 0x01	; 1
    4c44:	a5 96       	adiw	r28, 0x25	; 37
    4c46:	7f af       	std	Y+63, r23	; 0x3f
    4c48:	a5 97       	sbiw	r28, 0x25	; 37
    4c4a:	67 96       	adiw	r28, 0x17	; 23
    4c4c:	8f ad       	ldd	r24, Y+63	; 0x3f
    4c4e:	67 97       	sbiw	r28, 0x17	; 23
    4c50:	9b a1       	ldd	r25, Y+35	; 0x23
    4c52:	89 17       	cp	r24, r25
    4c54:	18 f0       	brcs	.+6      	; 0x4c5c <str2int+0x5e6>
    4c56:	a5 96       	adiw	r28, 0x25	; 37
    4c58:	1f ae       	std	Y+63, r1	; 0x3f
    4c5a:	a5 97       	sbiw	r28, 0x25	; 37
    4c5c:	a2 96       	adiw	r28, 0x22	; 34
    4c5e:	0f ad       	ldd	r16, Y+63	; 0x3f
    4c60:	a2 97       	sbiw	r28, 0x22	; 34
    4c62:	67 96       	adiw	r28, 0x17	; 23
    4c64:	1f ad       	ldd	r17, Y+63	; 0x3f
    4c66:	67 97       	sbiw	r28, 0x17	; 23
    4c68:	01 0f       	add	r16, r17
    4c6a:	a6 96       	adiw	r28, 0x26	; 38
    4c6c:	0f af       	std	Y+63, r16	; 0x3f
    4c6e:	a6 97       	sbiw	r28, 0x26	; 38
    4c70:	21 e0       	ldi	r18, 0x01	; 1
    4c72:	a7 96       	adiw	r28, 0x27	; 39
    4c74:	2f af       	std	Y+63, r18	; 0x3f
    4c76:	a7 97       	sbiw	r28, 0x27	; 39
    4c78:	a6 96       	adiw	r28, 0x26	; 38
    4c7a:	3f ad       	ldd	r19, Y+63	; 0x3f
    4c7c:	a6 97       	sbiw	r28, 0x26	; 38
    4c7e:	67 96       	adiw	r28, 0x17	; 23
    4c80:	4f ad       	ldd	r20, Y+63	; 0x3f
    4c82:	67 97       	sbiw	r28, 0x17	; 23
    4c84:	34 17       	cp	r19, r20
    4c86:	18 f0       	brcs	.+6      	; 0x4c8e <str2int+0x618>
    4c88:	a7 96       	adiw	r28, 0x27	; 39
    4c8a:	1f ae       	std	Y+63, r1	; 0x3f
    4c8c:	a7 97       	sbiw	r28, 0x27	; 39
    4c8e:	a5 96       	adiw	r28, 0x25	; 37
    4c90:	5f ad       	ldd	r21, Y+63	; 0x3f
    4c92:	a5 97       	sbiw	r28, 0x25	; 37
    4c94:	a7 96       	adiw	r28, 0x27	; 39
    4c96:	6f ad       	ldd	r22, Y+63	; 0x3f
    4c98:	a7 97       	sbiw	r28, 0x27	; 39
    4c9a:	56 2b       	or	r21, r22
    4c9c:	a5 96       	adiw	r28, 0x25	; 37
    4c9e:	5f af       	std	Y+63, r21	; 0x3f
    4ca0:	a5 97       	sbiw	r28, 0x25	; 37
    4ca2:	a6 96       	adiw	r28, 0x26	; 38
    4ca4:	7f ad       	ldd	r23, Y+63	; 0x3f
    4ca6:	a6 97       	sbiw	r28, 0x26	; 38
    4ca8:	67 96       	adiw	r28, 0x17	; 23
    4caa:	7f af       	std	Y+63, r23	; 0x3f
    4cac:	67 97       	sbiw	r28, 0x17	; 23
    4cae:	8c a1       	ldd	r24, Y+36	; 0x24
    4cb0:	9c 8d       	ldd	r25, Y+28	; 0x1c
    4cb2:	89 0f       	add	r24, r25
    4cb4:	68 96       	adiw	r28, 0x18	; 24
    4cb6:	8f af       	std	Y+63, r24	; 0x3f
    4cb8:	68 97       	sbiw	r28, 0x18	; 24
    4cba:	01 e0       	ldi	r16, 0x01	; 1
    4cbc:	a8 96       	adiw	r28, 0x28	; 40
    4cbe:	0f af       	std	Y+63, r16	; 0x3f
    4cc0:	a8 97       	sbiw	r28, 0x28	; 40
    4cc2:	68 96       	adiw	r28, 0x18	; 24
    4cc4:	1f ad       	ldd	r17, Y+63	; 0x3f
    4cc6:	68 97       	sbiw	r28, 0x18	; 24
    4cc8:	2c a1       	ldd	r18, Y+36	; 0x24
    4cca:	12 17       	cp	r17, r18
    4ccc:	18 f0       	brcs	.+6      	; 0x4cd4 <str2int+0x65e>
    4cce:	a8 96       	adiw	r28, 0x28	; 40
    4cd0:	1f ae       	std	Y+63, r1	; 0x3f
    4cd2:	a8 97       	sbiw	r28, 0x28	; 40
    4cd4:	a5 96       	adiw	r28, 0x25	; 37
    4cd6:	3f ad       	ldd	r19, Y+63	; 0x3f
    4cd8:	a5 97       	sbiw	r28, 0x25	; 37
    4cda:	68 96       	adiw	r28, 0x18	; 24
    4cdc:	4f ad       	ldd	r20, Y+63	; 0x3f
    4cde:	68 97       	sbiw	r28, 0x18	; 24
    4ce0:	34 0f       	add	r19, r20
    4ce2:	a9 96       	adiw	r28, 0x29	; 41
    4ce4:	3f af       	std	Y+63, r19	; 0x3f
    4ce6:	a9 97       	sbiw	r28, 0x29	; 41
    4ce8:	51 e0       	ldi	r21, 0x01	; 1
    4cea:	aa 96       	adiw	r28, 0x2a	; 42
    4cec:	5f af       	std	Y+63, r21	; 0x3f
    4cee:	aa 97       	sbiw	r28, 0x2a	; 42
    4cf0:	a9 96       	adiw	r28, 0x29	; 41
    4cf2:	6f ad       	ldd	r22, Y+63	; 0x3f
    4cf4:	a9 97       	sbiw	r28, 0x29	; 41
    4cf6:	68 96       	adiw	r28, 0x18	; 24
    4cf8:	7f ad       	ldd	r23, Y+63	; 0x3f
    4cfa:	68 97       	sbiw	r28, 0x18	; 24
    4cfc:	67 17       	cp	r22, r23
    4cfe:	18 f0       	brcs	.+6      	; 0x4d06 <str2int+0x690>
    4d00:	aa 96       	adiw	r28, 0x2a	; 42
    4d02:	1f ae       	std	Y+63, r1	; 0x3f
    4d04:	aa 97       	sbiw	r28, 0x2a	; 42
    4d06:	a8 96       	adiw	r28, 0x28	; 40
    4d08:	8f ad       	ldd	r24, Y+63	; 0x3f
    4d0a:	a8 97       	sbiw	r28, 0x28	; 40
    4d0c:	aa 96       	adiw	r28, 0x2a	; 42
    4d0e:	9f ad       	ldd	r25, Y+63	; 0x3f
    4d10:	aa 97       	sbiw	r28, 0x2a	; 42
    4d12:	89 2b       	or	r24, r25
    4d14:	a8 96       	adiw	r28, 0x28	; 40
    4d16:	8f af       	std	Y+63, r24	; 0x3f
    4d18:	a8 97       	sbiw	r28, 0x28	; 40
    4d1a:	a9 96       	adiw	r28, 0x29	; 41
    4d1c:	0f ad       	ldd	r16, Y+63	; 0x3f
    4d1e:	a9 97       	sbiw	r28, 0x29	; 41
    4d20:	68 96       	adiw	r28, 0x18	; 24
    4d22:	0f af       	std	Y+63, r16	; 0x3f
    4d24:	68 97       	sbiw	r28, 0x18	; 24
    4d26:	1d a1       	ldd	r17, Y+37	; 0x25
    4d28:	2d 8d       	ldd	r18, Y+29	; 0x1d
    4d2a:	12 0f       	add	r17, r18
    4d2c:	69 96       	adiw	r28, 0x19	; 25
    4d2e:	1f af       	std	Y+63, r17	; 0x3f
    4d30:	69 97       	sbiw	r28, 0x19	; 25
    4d32:	31 e0       	ldi	r19, 0x01	; 1
    4d34:	ab 96       	adiw	r28, 0x2b	; 43
    4d36:	3f af       	std	Y+63, r19	; 0x3f
    4d38:	ab 97       	sbiw	r28, 0x2b	; 43
    4d3a:	69 96       	adiw	r28, 0x19	; 25
    4d3c:	4f ad       	ldd	r20, Y+63	; 0x3f
    4d3e:	69 97       	sbiw	r28, 0x19	; 25
    4d40:	5d a1       	ldd	r21, Y+37	; 0x25
    4d42:	45 17       	cp	r20, r21
    4d44:	18 f0       	brcs	.+6      	; 0x4d4c <str2int+0x6d6>
    4d46:	ab 96       	adiw	r28, 0x2b	; 43
    4d48:	1f ae       	std	Y+63, r1	; 0x3f
    4d4a:	ab 97       	sbiw	r28, 0x2b	; 43
    4d4c:	a8 96       	adiw	r28, 0x28	; 40
    4d4e:	6f ad       	ldd	r22, Y+63	; 0x3f
    4d50:	a8 97       	sbiw	r28, 0x28	; 40
    4d52:	69 96       	adiw	r28, 0x19	; 25
    4d54:	7f ad       	ldd	r23, Y+63	; 0x3f
    4d56:	69 97       	sbiw	r28, 0x19	; 25
    4d58:	67 0f       	add	r22, r23
    4d5a:	ac 96       	adiw	r28, 0x2c	; 44
    4d5c:	6f af       	std	Y+63, r22	; 0x3f
    4d5e:	ac 97       	sbiw	r28, 0x2c	; 44
    4d60:	81 e0       	ldi	r24, 0x01	; 1
    4d62:	ad 96       	adiw	r28, 0x2d	; 45
    4d64:	8f af       	std	Y+63, r24	; 0x3f
    4d66:	ad 97       	sbiw	r28, 0x2d	; 45
    4d68:	ac 96       	adiw	r28, 0x2c	; 44
    4d6a:	9f ad       	ldd	r25, Y+63	; 0x3f
    4d6c:	ac 97       	sbiw	r28, 0x2c	; 44
    4d6e:	69 96       	adiw	r28, 0x19	; 25
    4d70:	0f ad       	ldd	r16, Y+63	; 0x3f
    4d72:	69 97       	sbiw	r28, 0x19	; 25
    4d74:	90 17       	cp	r25, r16
    4d76:	18 f0       	brcs	.+6      	; 0x4d7e <str2int+0x708>
    4d78:	ad 96       	adiw	r28, 0x2d	; 45
    4d7a:	1f ae       	std	Y+63, r1	; 0x3f
    4d7c:	ad 97       	sbiw	r28, 0x2d	; 45
    4d7e:	ab 96       	adiw	r28, 0x2b	; 43
    4d80:	1f ad       	ldd	r17, Y+63	; 0x3f
    4d82:	ab 97       	sbiw	r28, 0x2b	; 43
    4d84:	ad 96       	adiw	r28, 0x2d	; 45
    4d86:	2f ad       	ldd	r18, Y+63	; 0x3f
    4d88:	ad 97       	sbiw	r28, 0x2d	; 45
    4d8a:	12 2b       	or	r17, r18
    4d8c:	ab 96       	adiw	r28, 0x2b	; 43
    4d8e:	1f af       	std	Y+63, r17	; 0x3f
    4d90:	ab 97       	sbiw	r28, 0x2b	; 43
    4d92:	ac 96       	adiw	r28, 0x2c	; 44
    4d94:	3f ad       	ldd	r19, Y+63	; 0x3f
    4d96:	ac 97       	sbiw	r28, 0x2c	; 44
    4d98:	69 96       	adiw	r28, 0x19	; 25
    4d9a:	3f af       	std	Y+63, r19	; 0x3f
    4d9c:	69 97       	sbiw	r28, 0x19	; 25
    4d9e:	4e a1       	ldd	r20, Y+38	; 0x26
    4da0:	5e 8d       	ldd	r21, Y+30	; 0x1e
    4da2:	45 0f       	add	r20, r21
    4da4:	6a 96       	adiw	r28, 0x1a	; 26
    4da6:	4f af       	std	Y+63, r20	; 0x3f
    4da8:	6a 97       	sbiw	r28, 0x1a	; 26
    4daa:	ab 96       	adiw	r28, 0x2b	; 43
    4dac:	8f ad       	ldd	r24, Y+63	; 0x3f
    4dae:	ab 97       	sbiw	r28, 0x2b	; 43
    4db0:	6a 96       	adiw	r28, 0x1a	; 26
    4db2:	6f ad       	ldd	r22, Y+63	; 0x3f
    4db4:	6a 97       	sbiw	r28, 0x1a	; 26
    4db6:	86 0f       	add	r24, r22
    4db8:	6a 96       	adiw	r28, 0x1a	; 26
    4dba:	8f af       	std	Y+63, r24	; 0x3f
    4dbc:	6a 97       	sbiw	r28, 0x1a	; 26
    4dbe:	63 96       	adiw	r28, 0x13	; 19
    4dc0:	7f ad       	ldd	r23, Y+63	; 0x3f
    4dc2:	63 97       	sbiw	r28, 0x13	; 19
    4dc4:	7f 83       	std	Y+7, r23	; 0x07
    4dc6:	64 96       	adiw	r28, 0x14	; 20
    4dc8:	8f ad       	ldd	r24, Y+63	; 0x3f
    4dca:	64 97       	sbiw	r28, 0x14	; 20
    4dcc:	88 87       	std	Y+8, r24	; 0x08
    4dce:	65 96       	adiw	r28, 0x15	; 21
    4dd0:	9f ad       	ldd	r25, Y+63	; 0x3f
    4dd2:	65 97       	sbiw	r28, 0x15	; 21
    4dd4:	99 87       	std	Y+9, r25	; 0x09
    4dd6:	66 96       	adiw	r28, 0x16	; 22
    4dd8:	0f ad       	ldd	r16, Y+63	; 0x3f
    4dda:	66 97       	sbiw	r28, 0x16	; 22
    4ddc:	0a 87       	std	Y+10, r16	; 0x0a
    4dde:	67 96       	adiw	r28, 0x17	; 23
    4de0:	1f ad       	ldd	r17, Y+63	; 0x3f
    4de2:	67 97       	sbiw	r28, 0x17	; 23
    4de4:	1b 87       	std	Y+11, r17	; 0x0b
    4de6:	68 96       	adiw	r28, 0x18	; 24
    4de8:	2f ad       	ldd	r18, Y+63	; 0x3f
    4dea:	68 97       	sbiw	r28, 0x18	; 24
    4dec:	2c 87       	std	Y+12, r18	; 0x0c
    4dee:	69 96       	adiw	r28, 0x19	; 25
    4df0:	3f ad       	ldd	r19, Y+63	; 0x3f
    4df2:	69 97       	sbiw	r28, 0x19	; 25
    4df4:	3d 87       	std	Y+13, r19	; 0x0d
    4df6:	6a 96       	adiw	r28, 0x1a	; 26
    4df8:	4f ad       	ldd	r20, Y+63	; 0x3f
    4dfa:	6a 97       	sbiw	r28, 0x1a	; 26
    4dfc:	4e 87       	std	Y+14, r20	; 0x0e
        for(u16 j = 0; j < 20; j++)
        {
            if(stParameter[i*11 + j] == '\0'){ break; }
            else{ lengthNumber++; }
        }
        for(u16 j = 1;  j <= lengthNumber; j++)
    4dfe:	89 81       	ldd	r24, Y+1	; 0x01
    4e00:	9a 81       	ldd	r25, Y+2	; 0x02
    4e02:	01 96       	adiw	r24, 0x01	; 1
    4e04:	9a 83       	std	Y+2, r25	; 0x02
    4e06:	89 83       	std	Y+1, r24	; 0x01
    4e08:	29 81       	ldd	r18, Y+1	; 0x01
    4e0a:	3a 81       	ldd	r19, Y+2	; 0x02
    4e0c:	8f 85       	ldd	r24, Y+15	; 0x0f
    4e0e:	98 89       	ldd	r25, Y+16	; 0x10
    4e10:	82 17       	cp	r24, r18
    4e12:	93 07       	cpc	r25, r19
    4e14:	08 f0       	brcs	.+2      	; 0x4e18 <str2int+0x7a2>
    4e16:	91 cc       	rjmp	.-1758   	; 0x473a <str2int+0xc4>
        {
            valueDigit = (u16)(stParameter[i*11 + j-1] - '0');
            valueNumber = (valueNumber * 10) + valueDigit;
        }
        Parameters[i] = valueNumber;
    4e18:	8d 81       	ldd	r24, Y+5	; 0x05
    4e1a:	9e 81       	ldd	r25, Y+6	; 0x06
    4e1c:	88 0f       	add	r24, r24
    4e1e:	99 1f       	adc	r25, r25
    4e20:	88 0f       	add	r24, r24
    4e22:	99 1f       	adc	r25, r25
    4e24:	88 0f       	add	r24, r24
    4e26:	99 1f       	adc	r25, r25
    4e28:	fc 01       	movw	r30, r24
    4e2a:	ea 55       	subi	r30, 0x5A	; 90
    4e2c:	fe 4f       	sbci	r31, 0xFE	; 254
    4e2e:	8f 81       	ldd	r24, Y+7	; 0x07
    4e30:	80 83       	st	Z, r24
    4e32:	88 85       	ldd	r24, Y+8	; 0x08
    4e34:	81 83       	std	Z+1, r24	; 0x01
    4e36:	89 85       	ldd	r24, Y+9	; 0x09
    4e38:	82 83       	std	Z+2, r24	; 0x02
    4e3a:	8a 85       	ldd	r24, Y+10	; 0x0a
    4e3c:	83 83       	std	Z+3, r24	; 0x03
    4e3e:	8b 85       	ldd	r24, Y+11	; 0x0b
    4e40:	84 83       	std	Z+4, r24	; 0x04
    4e42:	8c 85       	ldd	r24, Y+12	; 0x0c
    4e44:	85 83       	std	Z+5, r24	; 0x05
    4e46:	8d 85       	ldd	r24, Y+13	; 0x0d
    4e48:	86 83       	std	Z+6, r24	; 0x06
    4e4a:	8e 85       	ldd	r24, Y+14	; 0x0e
    4e4c:	87 83       	std	Z+7, r24	; 0x07
{
    u16 valueDigit = 0, lengthNumber = 0;
    u64 valueNumber = 0;
    static u64 Parameters[10];

    for(u16 i = 0; i <= numOfOperations; i++)
    4e4e:	8d 81       	ldd	r24, Y+5	; 0x05
    4e50:	9e 81       	ldd	r25, Y+6	; 0x06
    4e52:	01 96       	adiw	r24, 0x01	; 1
    4e54:	9e 83       	std	Y+6, r25	; 0x06
    4e56:	8d 83       	std	Y+5, r24	; 0x05
    4e58:	2d 81       	ldd	r18, Y+5	; 0x05
    4e5a:	3e 81       	ldd	r19, Y+6	; 0x06
    4e5c:	8d 89       	ldd	r24, Y+21	; 0x15
    4e5e:	9e 89       	ldd	r25, Y+22	; 0x16
    4e60:	82 17       	cp	r24, r18
    4e62:	93 07       	cpc	r25, r19
    4e64:	08 f0       	brcs	.+2      	; 0x4e68 <str2int+0x7f2>
    4e66:	2d cc       	rjmp	.-1958   	; 0x46c2 <str2int+0x4c>
            valueDigit = (u16)(stParameter[i*11 + j-1] - '0');
            valueNumber = (valueNumber * 10) + valueDigit;
        }
        Parameters[i] = valueNumber;
    }
    return Parameters;
    4e68:	86 ea       	ldi	r24, 0xA6	; 166
    4e6a:	91 e0       	ldi	r25, 0x01	; 1
}
    4e6c:	c4 59       	subi	r28, 0x94	; 148
    4e6e:	df 4f       	sbci	r29, 0xFF	; 255
    4e70:	0f b6       	in	r0, 0x3f	; 63
    4e72:	f8 94       	cli
    4e74:	de bf       	out	0x3e, r29	; 62
    4e76:	0f be       	out	0x3f, r0	; 63
    4e78:	cd bf       	out	0x3d, r28	; 61
    4e7a:	cf 91       	pop	r28
    4e7c:	df 91       	pop	r29
    4e7e:	1f 91       	pop	r17
    4e80:	0f 91       	pop	r16
    4e82:	ff 90       	pop	r15
    4e84:	ef 90       	pop	r14
    4e86:	df 90       	pop	r13
    4e88:	cf 90       	pop	r12
    4e8a:	bf 90       	pop	r11
    4e8c:	af 90       	pop	r10
    4e8e:	08 95       	ret

00004e90 <int2str>:

u8 *int2str(s64 Result)
{
    4e90:	af 92       	push	r10
    4e92:	bf 92       	push	r11
    4e94:	cf 92       	push	r12
    4e96:	df 92       	push	r13
    4e98:	ef 92       	push	r14
    4e9a:	ff 92       	push	r15
    4e9c:	0f 93       	push	r16
    4e9e:	1f 93       	push	r17
    4ea0:	df 93       	push	r29
    4ea2:	cf 93       	push	r28
    4ea4:	cd b7       	in	r28, 0x3d	; 61
    4ea6:	de b7       	in	r29, 0x3e	; 62
    4ea8:	c1 55       	subi	r28, 0x51	; 81
    4eaa:	d0 40       	sbci	r29, 0x00	; 0
    4eac:	0f b6       	in	r0, 0x3f	; 63
    4eae:	f8 94       	cli
    4eb0:	de bf       	out	0x3e, r29	; 62
    4eb2:	0f be       	out	0x3f, r0	; 63
    4eb4:	cd bf       	out	0x3d, r28	; 61
    4eb6:	2c 8f       	std	Y+28, r18	; 0x1c
    4eb8:	3d 8f       	std	Y+29, r19	; 0x1d
    4eba:	4e 8f       	std	Y+30, r20	; 0x1e
    4ebc:	5f 8f       	std	Y+31, r21	; 0x1f
    4ebe:	68 a3       	std	Y+32, r22	; 0x20
    4ec0:	79 a3       	std	Y+33, r23	; 0x21
    4ec2:	8a a3       	std	Y+34, r24	; 0x22
    4ec4:	9b a3       	std	Y+35, r25	; 0x23
    u16 digit;
    static u8 stResult[20];
    u8 temp[20];
    u16 tempIndex = 0, stResultIndex = 0;
    4ec6:	1d 82       	std	Y+5, r1	; 0x05
    4ec8:	1c 82       	std	Y+4, r1	; 0x04
    4eca:	1b 82       	std	Y+3, r1	; 0x03
    4ecc:	1a 82       	std	Y+2, r1	; 0x02
    u8 isNegative = 0;
    4ece:	19 82       	std	Y+1, r1	; 0x01

    if(Result == 0)
    4ed0:	8c 8d       	ldd	r24, Y+28	; 0x1c
    4ed2:	9d 8d       	ldd	r25, Y+29	; 0x1d
    4ed4:	89 2b       	or	r24, r25
    4ed6:	9e 8d       	ldd	r25, Y+30	; 0x1e
    4ed8:	89 2b       	or	r24, r25
    4eda:	9f 8d       	ldd	r25, Y+31	; 0x1f
    4edc:	89 2b       	or	r24, r25
    4ede:	98 a1       	ldd	r25, Y+32	; 0x20
    4ee0:	89 2b       	or	r24, r25
    4ee2:	99 a1       	ldd	r25, Y+33	; 0x21
    4ee4:	89 2b       	or	r24, r25
    4ee6:	9a a1       	ldd	r25, Y+34	; 0x22
    4ee8:	89 2b       	or	r24, r25
    4eea:	9b a1       	ldd	r25, Y+35	; 0x23
    4eec:	89 2b       	or	r24, r25
    4eee:	88 23       	and	r24, r24
    4ef0:	51 f4       	brne	.+20     	; 0x4f06 <int2str+0x76>
    {
        stResult[0] = '0';
    4ef2:	80 e3       	ldi	r24, 0x30	; 48
    4ef4:	80 93 f6 01 	sts	0x01F6, r24
        stResult[1] = '\0';
    4ef8:	10 92 f7 01 	sts	0x01F7, r1
        return stResult;
    4efc:	86 ef       	ldi	r24, 0xF6	; 246
    4efe:	91 e0       	ldi	r25, 0x01	; 1
    4f00:	9d a3       	std	Y+37, r25	; 0x25
    4f02:	8c a3       	std	Y+36, r24	; 0x24
    4f04:	3b c2       	rjmp	.+1142   	; 0x537c <int2str+0x4ec>
    }

    if(Result < 0)
    4f06:	8b a1       	ldd	r24, Y+35	; 0x23
    4f08:	88 23       	and	r24, r24
    4f0a:	d4 f0       	brlt	.+52     	; 0x4f40 <int2str+0xb0>
    4f0c:	8b a1       	ldd	r24, Y+35	; 0x23
    4f0e:	88 23       	and	r24, r24
    4f10:	09 f0       	breq	.+2      	; 0x4f14 <int2str+0x84>
    4f12:	ec c1       	rjmp	.+984    	; 0x52ec <int2str+0x45c>
    4f14:	8a a1       	ldd	r24, Y+34	; 0x22
    4f16:	88 23       	and	r24, r24
    4f18:	09 f0       	breq	.+2      	; 0x4f1c <int2str+0x8c>
    4f1a:	e8 c1       	rjmp	.+976    	; 0x52ec <int2str+0x45c>
    4f1c:	89 a1       	ldd	r24, Y+33	; 0x21
    4f1e:	88 23       	and	r24, r24
    4f20:	09 f0       	breq	.+2      	; 0x4f24 <int2str+0x94>
    4f22:	e4 c1       	rjmp	.+968    	; 0x52ec <int2str+0x45c>
    4f24:	88 a1       	ldd	r24, Y+32	; 0x20
    4f26:	88 23       	and	r24, r24
    4f28:	09 f0       	breq	.+2      	; 0x4f2c <int2str+0x9c>
    4f2a:	e0 c1       	rjmp	.+960    	; 0x52ec <int2str+0x45c>
    4f2c:	8f 8d       	ldd	r24, Y+31	; 0x1f
    4f2e:	88 23       	and	r24, r24
    4f30:	09 f0       	breq	.+2      	; 0x4f34 <int2str+0xa4>
    4f32:	dc c1       	rjmp	.+952    	; 0x52ec <int2str+0x45c>
    4f34:	8e 8d       	ldd	r24, Y+30	; 0x1e
    4f36:	88 23       	and	r24, r24
    4f38:	09 f0       	breq	.+2      	; 0x4f3c <int2str+0xac>
    4f3a:	d8 c1       	rjmp	.+944    	; 0x52ec <int2str+0x45c>
    4f3c:	9d 8d       	ldd	r25, Y+29	; 0x1d
    4f3e:	d6 c1       	rjmp	.+940    	; 0x52ec <int2str+0x45c>
    {
        isNegative = 1;
    4f40:	81 e0       	ldi	r24, 0x01	; 1
    4f42:	89 83       	std	Y+1, r24	; 0x01
        Result = -Result;
    4f44:	1f a2       	std	Y+39, r1	; 0x27
    4f46:	18 a6       	std	Y+40, r1	; 0x28
    4f48:	19 a6       	std	Y+41, r1	; 0x29
    4f4a:	1a a6       	std	Y+42, r1	; 0x2a
    4f4c:	1b a6       	std	Y+43, r1	; 0x2b
    4f4e:	1c a6       	std	Y+44, r1	; 0x2c
    4f50:	1d a6       	std	Y+45, r1	; 0x2d
    4f52:	1e a6       	std	Y+46, r1	; 0x2e
    4f54:	8c 8d       	ldd	r24, Y+28	; 0x1c
    4f56:	8f a7       	std	Y+47, r24	; 0x2f
    4f58:	9d 8d       	ldd	r25, Y+29	; 0x1d
    4f5a:	98 ab       	std	Y+48, r25	; 0x30
    4f5c:	8e 8d       	ldd	r24, Y+30	; 0x1e
    4f5e:	89 ab       	std	Y+49, r24	; 0x31
    4f60:	9f 8d       	ldd	r25, Y+31	; 0x1f
    4f62:	9a ab       	std	Y+50, r25	; 0x32
    4f64:	88 a1       	ldd	r24, Y+32	; 0x20
    4f66:	8b ab       	std	Y+51, r24	; 0x33
    4f68:	99 a1       	ldd	r25, Y+33	; 0x21
    4f6a:	9c ab       	std	Y+52, r25	; 0x34
    4f6c:	8a a1       	ldd	r24, Y+34	; 0x22
    4f6e:	8d ab       	std	Y+53, r24	; 0x35
    4f70:	9b a1       	ldd	r25, Y+35	; 0x23
    4f72:	9e ab       	std	Y+54, r25	; 0x36
    4f74:	8f a1       	ldd	r24, Y+39	; 0x27
    4f76:	9f a5       	ldd	r25, Y+47	; 0x2f
    4f78:	89 1b       	sub	r24, r25
    4f7a:	8f ab       	std	Y+55, r24	; 0x37
    4f7c:	81 e0       	ldi	r24, 0x01	; 1
    4f7e:	8f af       	std	Y+63, r24	; 0x3f
    4f80:	9f a9       	ldd	r25, Y+55	; 0x37
    4f82:	8f a1       	ldd	r24, Y+39	; 0x27
    4f84:	89 17       	cp	r24, r25
    4f86:	08 f0       	brcs	.+2      	; 0x4f8a <int2str+0xfa>
    4f88:	1f ae       	std	Y+63, r1	; 0x3f
    4f8a:	98 a5       	ldd	r25, Y+40	; 0x28
    4f8c:	88 a9       	ldd	r24, Y+48	; 0x30
    4f8e:	98 1b       	sub	r25, r24
    4f90:	98 af       	std	Y+56, r25	; 0x38
    4f92:	91 e0       	ldi	r25, 0x01	; 1
    4f94:	21 96       	adiw	r28, 0x01	; 1
    4f96:	9f af       	std	Y+63, r25	; 0x3f
    4f98:	21 97       	sbiw	r28, 0x01	; 1
    4f9a:	88 ad       	ldd	r24, Y+56	; 0x38
    4f9c:	98 a5       	ldd	r25, Y+40	; 0x28
    4f9e:	98 17       	cp	r25, r24
    4fa0:	18 f0       	brcs	.+6      	; 0x4fa8 <int2str+0x118>
    4fa2:	21 96       	adiw	r28, 0x01	; 1
    4fa4:	1f ae       	std	Y+63, r1	; 0x3f
    4fa6:	21 97       	sbiw	r28, 0x01	; 1
    4fa8:	88 ad       	ldd	r24, Y+56	; 0x38
    4faa:	9f ad       	ldd	r25, Y+63	; 0x3f
    4fac:	89 1b       	sub	r24, r25
    4fae:	22 96       	adiw	r28, 0x02	; 2
    4fb0:	8f af       	std	Y+63, r24	; 0x3f
    4fb2:	22 97       	sbiw	r28, 0x02	; 2
    4fb4:	81 e0       	ldi	r24, 0x01	; 1
    4fb6:	23 96       	adiw	r28, 0x03	; 3
    4fb8:	8f af       	std	Y+63, r24	; 0x3f
    4fba:	23 97       	sbiw	r28, 0x03	; 3
    4fbc:	22 96       	adiw	r28, 0x02	; 2
    4fbe:	9f ad       	ldd	r25, Y+63	; 0x3f
    4fc0:	22 97       	sbiw	r28, 0x02	; 2
    4fc2:	88 ad       	ldd	r24, Y+56	; 0x38
    4fc4:	89 17       	cp	r24, r25
    4fc6:	18 f0       	brcs	.+6      	; 0x4fce <int2str+0x13e>
    4fc8:	23 96       	adiw	r28, 0x03	; 3
    4fca:	1f ae       	std	Y+63, r1	; 0x3f
    4fcc:	23 97       	sbiw	r28, 0x03	; 3
    4fce:	21 96       	adiw	r28, 0x01	; 1
    4fd0:	9f ad       	ldd	r25, Y+63	; 0x3f
    4fd2:	21 97       	sbiw	r28, 0x01	; 1
    4fd4:	23 96       	adiw	r28, 0x03	; 3
    4fd6:	8f ad       	ldd	r24, Y+63	; 0x3f
    4fd8:	23 97       	sbiw	r28, 0x03	; 3
    4fda:	98 2b       	or	r25, r24
    4fdc:	21 96       	adiw	r28, 0x01	; 1
    4fde:	9f af       	std	Y+63, r25	; 0x3f
    4fe0:	21 97       	sbiw	r28, 0x01	; 1
    4fe2:	22 96       	adiw	r28, 0x02	; 2
    4fe4:	9f ad       	ldd	r25, Y+63	; 0x3f
    4fe6:	22 97       	sbiw	r28, 0x02	; 2
    4fe8:	98 af       	std	Y+56, r25	; 0x38
    4fea:	89 a5       	ldd	r24, Y+41	; 0x29
    4fec:	99 a9       	ldd	r25, Y+49	; 0x31
    4fee:	89 1b       	sub	r24, r25
    4ff0:	89 af       	std	Y+57, r24	; 0x39
    4ff2:	81 e0       	ldi	r24, 0x01	; 1
    4ff4:	24 96       	adiw	r28, 0x04	; 4
    4ff6:	8f af       	std	Y+63, r24	; 0x3f
    4ff8:	24 97       	sbiw	r28, 0x04	; 4
    4ffa:	99 ad       	ldd	r25, Y+57	; 0x39
    4ffc:	89 a5       	ldd	r24, Y+41	; 0x29
    4ffe:	89 17       	cp	r24, r25
    5000:	18 f0       	brcs	.+6      	; 0x5008 <int2str+0x178>
    5002:	24 96       	adiw	r28, 0x04	; 4
    5004:	1f ae       	std	Y+63, r1	; 0x3f
    5006:	24 97       	sbiw	r28, 0x04	; 4
    5008:	99 ad       	ldd	r25, Y+57	; 0x39
    500a:	21 96       	adiw	r28, 0x01	; 1
    500c:	8f ad       	ldd	r24, Y+63	; 0x3f
    500e:	21 97       	sbiw	r28, 0x01	; 1
    5010:	98 1b       	sub	r25, r24
    5012:	25 96       	adiw	r28, 0x05	; 5
    5014:	9f af       	std	Y+63, r25	; 0x3f
    5016:	25 97       	sbiw	r28, 0x05	; 5
    5018:	91 e0       	ldi	r25, 0x01	; 1
    501a:	26 96       	adiw	r28, 0x06	; 6
    501c:	9f af       	std	Y+63, r25	; 0x3f
    501e:	26 97       	sbiw	r28, 0x06	; 6
    5020:	25 96       	adiw	r28, 0x05	; 5
    5022:	8f ad       	ldd	r24, Y+63	; 0x3f
    5024:	25 97       	sbiw	r28, 0x05	; 5
    5026:	99 ad       	ldd	r25, Y+57	; 0x39
    5028:	98 17       	cp	r25, r24
    502a:	18 f0       	brcs	.+6      	; 0x5032 <int2str+0x1a2>
    502c:	26 96       	adiw	r28, 0x06	; 6
    502e:	1f ae       	std	Y+63, r1	; 0x3f
    5030:	26 97       	sbiw	r28, 0x06	; 6
    5032:	24 96       	adiw	r28, 0x04	; 4
    5034:	8f ad       	ldd	r24, Y+63	; 0x3f
    5036:	24 97       	sbiw	r28, 0x04	; 4
    5038:	26 96       	adiw	r28, 0x06	; 6
    503a:	9f ad       	ldd	r25, Y+63	; 0x3f
    503c:	26 97       	sbiw	r28, 0x06	; 6
    503e:	89 2b       	or	r24, r25
    5040:	24 96       	adiw	r28, 0x04	; 4
    5042:	8f af       	std	Y+63, r24	; 0x3f
    5044:	24 97       	sbiw	r28, 0x04	; 4
    5046:	25 96       	adiw	r28, 0x05	; 5
    5048:	8f ad       	ldd	r24, Y+63	; 0x3f
    504a:	25 97       	sbiw	r28, 0x05	; 5
    504c:	89 af       	std	Y+57, r24	; 0x39
    504e:	9a a5       	ldd	r25, Y+42	; 0x2a
    5050:	8a a9       	ldd	r24, Y+50	; 0x32
    5052:	98 1b       	sub	r25, r24
    5054:	9a af       	std	Y+58, r25	; 0x3a
    5056:	91 e0       	ldi	r25, 0x01	; 1
    5058:	27 96       	adiw	r28, 0x07	; 7
    505a:	9f af       	std	Y+63, r25	; 0x3f
    505c:	27 97       	sbiw	r28, 0x07	; 7
    505e:	8a ad       	ldd	r24, Y+58	; 0x3a
    5060:	9a a5       	ldd	r25, Y+42	; 0x2a
    5062:	98 17       	cp	r25, r24
    5064:	18 f0       	brcs	.+6      	; 0x506c <int2str+0x1dc>
    5066:	27 96       	adiw	r28, 0x07	; 7
    5068:	1f ae       	std	Y+63, r1	; 0x3f
    506a:	27 97       	sbiw	r28, 0x07	; 7
    506c:	8a ad       	ldd	r24, Y+58	; 0x3a
    506e:	24 96       	adiw	r28, 0x04	; 4
    5070:	9f ad       	ldd	r25, Y+63	; 0x3f
    5072:	24 97       	sbiw	r28, 0x04	; 4
    5074:	89 1b       	sub	r24, r25
    5076:	28 96       	adiw	r28, 0x08	; 8
    5078:	8f af       	std	Y+63, r24	; 0x3f
    507a:	28 97       	sbiw	r28, 0x08	; 8
    507c:	81 e0       	ldi	r24, 0x01	; 1
    507e:	29 96       	adiw	r28, 0x09	; 9
    5080:	8f af       	std	Y+63, r24	; 0x3f
    5082:	29 97       	sbiw	r28, 0x09	; 9
    5084:	28 96       	adiw	r28, 0x08	; 8
    5086:	9f ad       	ldd	r25, Y+63	; 0x3f
    5088:	28 97       	sbiw	r28, 0x08	; 8
    508a:	8a ad       	ldd	r24, Y+58	; 0x3a
    508c:	89 17       	cp	r24, r25
    508e:	18 f0       	brcs	.+6      	; 0x5096 <int2str+0x206>
    5090:	29 96       	adiw	r28, 0x09	; 9
    5092:	1f ae       	std	Y+63, r1	; 0x3f
    5094:	29 97       	sbiw	r28, 0x09	; 9
    5096:	27 96       	adiw	r28, 0x07	; 7
    5098:	9f ad       	ldd	r25, Y+63	; 0x3f
    509a:	27 97       	sbiw	r28, 0x07	; 7
    509c:	29 96       	adiw	r28, 0x09	; 9
    509e:	8f ad       	ldd	r24, Y+63	; 0x3f
    50a0:	29 97       	sbiw	r28, 0x09	; 9
    50a2:	98 2b       	or	r25, r24
    50a4:	27 96       	adiw	r28, 0x07	; 7
    50a6:	9f af       	std	Y+63, r25	; 0x3f
    50a8:	27 97       	sbiw	r28, 0x07	; 7
    50aa:	28 96       	adiw	r28, 0x08	; 8
    50ac:	9f ad       	ldd	r25, Y+63	; 0x3f
    50ae:	28 97       	sbiw	r28, 0x08	; 8
    50b0:	9a af       	std	Y+58, r25	; 0x3a
    50b2:	8b a5       	ldd	r24, Y+43	; 0x2b
    50b4:	9b a9       	ldd	r25, Y+51	; 0x33
    50b6:	89 1b       	sub	r24, r25
    50b8:	8b af       	std	Y+59, r24	; 0x3b
    50ba:	81 e0       	ldi	r24, 0x01	; 1
    50bc:	2a 96       	adiw	r28, 0x0a	; 10
    50be:	8f af       	std	Y+63, r24	; 0x3f
    50c0:	2a 97       	sbiw	r28, 0x0a	; 10
    50c2:	9b ad       	ldd	r25, Y+59	; 0x3b
    50c4:	8b a5       	ldd	r24, Y+43	; 0x2b
    50c6:	89 17       	cp	r24, r25
    50c8:	18 f0       	brcs	.+6      	; 0x50d0 <int2str+0x240>
    50ca:	2a 96       	adiw	r28, 0x0a	; 10
    50cc:	1f ae       	std	Y+63, r1	; 0x3f
    50ce:	2a 97       	sbiw	r28, 0x0a	; 10
    50d0:	9b ad       	ldd	r25, Y+59	; 0x3b
    50d2:	27 96       	adiw	r28, 0x07	; 7
    50d4:	8f ad       	ldd	r24, Y+63	; 0x3f
    50d6:	27 97       	sbiw	r28, 0x07	; 7
    50d8:	98 1b       	sub	r25, r24
    50da:	2b 96       	adiw	r28, 0x0b	; 11
    50dc:	9f af       	std	Y+63, r25	; 0x3f
    50de:	2b 97       	sbiw	r28, 0x0b	; 11
    50e0:	91 e0       	ldi	r25, 0x01	; 1
    50e2:	2c 96       	adiw	r28, 0x0c	; 12
    50e4:	9f af       	std	Y+63, r25	; 0x3f
    50e6:	2c 97       	sbiw	r28, 0x0c	; 12
    50e8:	2b 96       	adiw	r28, 0x0b	; 11
    50ea:	8f ad       	ldd	r24, Y+63	; 0x3f
    50ec:	2b 97       	sbiw	r28, 0x0b	; 11
    50ee:	9b ad       	ldd	r25, Y+59	; 0x3b
    50f0:	98 17       	cp	r25, r24
    50f2:	18 f0       	brcs	.+6      	; 0x50fa <int2str+0x26a>
    50f4:	2c 96       	adiw	r28, 0x0c	; 12
    50f6:	1f ae       	std	Y+63, r1	; 0x3f
    50f8:	2c 97       	sbiw	r28, 0x0c	; 12
    50fa:	2a 96       	adiw	r28, 0x0a	; 10
    50fc:	8f ad       	ldd	r24, Y+63	; 0x3f
    50fe:	2a 97       	sbiw	r28, 0x0a	; 10
    5100:	2c 96       	adiw	r28, 0x0c	; 12
    5102:	9f ad       	ldd	r25, Y+63	; 0x3f
    5104:	2c 97       	sbiw	r28, 0x0c	; 12
    5106:	89 2b       	or	r24, r25
    5108:	2a 96       	adiw	r28, 0x0a	; 10
    510a:	8f af       	std	Y+63, r24	; 0x3f
    510c:	2a 97       	sbiw	r28, 0x0a	; 10
    510e:	2b 96       	adiw	r28, 0x0b	; 11
    5110:	8f ad       	ldd	r24, Y+63	; 0x3f
    5112:	2b 97       	sbiw	r28, 0x0b	; 11
    5114:	8b af       	std	Y+59, r24	; 0x3b
    5116:	9c a5       	ldd	r25, Y+44	; 0x2c
    5118:	8c a9       	ldd	r24, Y+52	; 0x34
    511a:	98 1b       	sub	r25, r24
    511c:	9c af       	std	Y+60, r25	; 0x3c
    511e:	91 e0       	ldi	r25, 0x01	; 1
    5120:	2d 96       	adiw	r28, 0x0d	; 13
    5122:	9f af       	std	Y+63, r25	; 0x3f
    5124:	2d 97       	sbiw	r28, 0x0d	; 13
    5126:	8c ad       	ldd	r24, Y+60	; 0x3c
    5128:	9c a5       	ldd	r25, Y+44	; 0x2c
    512a:	98 17       	cp	r25, r24
    512c:	18 f0       	brcs	.+6      	; 0x5134 <int2str+0x2a4>
    512e:	2d 96       	adiw	r28, 0x0d	; 13
    5130:	1f ae       	std	Y+63, r1	; 0x3f
    5132:	2d 97       	sbiw	r28, 0x0d	; 13
    5134:	8c ad       	ldd	r24, Y+60	; 0x3c
    5136:	2a 96       	adiw	r28, 0x0a	; 10
    5138:	9f ad       	ldd	r25, Y+63	; 0x3f
    513a:	2a 97       	sbiw	r28, 0x0a	; 10
    513c:	89 1b       	sub	r24, r25
    513e:	2e 96       	adiw	r28, 0x0e	; 14
    5140:	8f af       	std	Y+63, r24	; 0x3f
    5142:	2e 97       	sbiw	r28, 0x0e	; 14
    5144:	81 e0       	ldi	r24, 0x01	; 1
    5146:	2f 96       	adiw	r28, 0x0f	; 15
    5148:	8f af       	std	Y+63, r24	; 0x3f
    514a:	2f 97       	sbiw	r28, 0x0f	; 15
    514c:	2e 96       	adiw	r28, 0x0e	; 14
    514e:	9f ad       	ldd	r25, Y+63	; 0x3f
    5150:	2e 97       	sbiw	r28, 0x0e	; 14
    5152:	8c ad       	ldd	r24, Y+60	; 0x3c
    5154:	89 17       	cp	r24, r25
    5156:	18 f0       	brcs	.+6      	; 0x515e <int2str+0x2ce>
    5158:	2f 96       	adiw	r28, 0x0f	; 15
    515a:	1f ae       	std	Y+63, r1	; 0x3f
    515c:	2f 97       	sbiw	r28, 0x0f	; 15
    515e:	2d 96       	adiw	r28, 0x0d	; 13
    5160:	9f ad       	ldd	r25, Y+63	; 0x3f
    5162:	2d 97       	sbiw	r28, 0x0d	; 13
    5164:	2f 96       	adiw	r28, 0x0f	; 15
    5166:	8f ad       	ldd	r24, Y+63	; 0x3f
    5168:	2f 97       	sbiw	r28, 0x0f	; 15
    516a:	98 2b       	or	r25, r24
    516c:	2d 96       	adiw	r28, 0x0d	; 13
    516e:	9f af       	std	Y+63, r25	; 0x3f
    5170:	2d 97       	sbiw	r28, 0x0d	; 13
    5172:	2e 96       	adiw	r28, 0x0e	; 14
    5174:	9f ad       	ldd	r25, Y+63	; 0x3f
    5176:	2e 97       	sbiw	r28, 0x0e	; 14
    5178:	9c af       	std	Y+60, r25	; 0x3c
    517a:	8d a5       	ldd	r24, Y+45	; 0x2d
    517c:	9d a9       	ldd	r25, Y+53	; 0x35
    517e:	89 1b       	sub	r24, r25
    5180:	8d af       	std	Y+61, r24	; 0x3d
    5182:	81 e0       	ldi	r24, 0x01	; 1
    5184:	60 96       	adiw	r28, 0x10	; 16
    5186:	8f af       	std	Y+63, r24	; 0x3f
    5188:	60 97       	sbiw	r28, 0x10	; 16
    518a:	9d ad       	ldd	r25, Y+61	; 0x3d
    518c:	8d a5       	ldd	r24, Y+45	; 0x2d
    518e:	89 17       	cp	r24, r25
    5190:	18 f0       	brcs	.+6      	; 0x5198 <int2str+0x308>
    5192:	60 96       	adiw	r28, 0x10	; 16
    5194:	1f ae       	std	Y+63, r1	; 0x3f
    5196:	60 97       	sbiw	r28, 0x10	; 16
    5198:	9d ad       	ldd	r25, Y+61	; 0x3d
    519a:	2d 96       	adiw	r28, 0x0d	; 13
    519c:	8f ad       	ldd	r24, Y+63	; 0x3f
    519e:	2d 97       	sbiw	r28, 0x0d	; 13
    51a0:	98 1b       	sub	r25, r24
    51a2:	61 96       	adiw	r28, 0x11	; 17
    51a4:	9f af       	std	Y+63, r25	; 0x3f
    51a6:	61 97       	sbiw	r28, 0x11	; 17
    51a8:	91 e0       	ldi	r25, 0x01	; 1
    51aa:	62 96       	adiw	r28, 0x12	; 18
    51ac:	9f af       	std	Y+63, r25	; 0x3f
    51ae:	62 97       	sbiw	r28, 0x12	; 18
    51b0:	61 96       	adiw	r28, 0x11	; 17
    51b2:	8f ad       	ldd	r24, Y+63	; 0x3f
    51b4:	61 97       	sbiw	r28, 0x11	; 17
    51b6:	9d ad       	ldd	r25, Y+61	; 0x3d
    51b8:	98 17       	cp	r25, r24
    51ba:	18 f0       	brcs	.+6      	; 0x51c2 <int2str+0x332>
    51bc:	62 96       	adiw	r28, 0x12	; 18
    51be:	1f ae       	std	Y+63, r1	; 0x3f
    51c0:	62 97       	sbiw	r28, 0x12	; 18
    51c2:	60 96       	adiw	r28, 0x10	; 16
    51c4:	8f ad       	ldd	r24, Y+63	; 0x3f
    51c6:	60 97       	sbiw	r28, 0x10	; 16
    51c8:	62 96       	adiw	r28, 0x12	; 18
    51ca:	9f ad       	ldd	r25, Y+63	; 0x3f
    51cc:	62 97       	sbiw	r28, 0x12	; 18
    51ce:	89 2b       	or	r24, r25
    51d0:	60 96       	adiw	r28, 0x10	; 16
    51d2:	8f af       	std	Y+63, r24	; 0x3f
    51d4:	60 97       	sbiw	r28, 0x10	; 16
    51d6:	61 96       	adiw	r28, 0x11	; 17
    51d8:	8f ad       	ldd	r24, Y+63	; 0x3f
    51da:	61 97       	sbiw	r28, 0x11	; 17
    51dc:	8d af       	std	Y+61, r24	; 0x3d
    51de:	9e a5       	ldd	r25, Y+46	; 0x2e
    51e0:	8e a9       	ldd	r24, Y+54	; 0x36
    51e2:	98 1b       	sub	r25, r24
    51e4:	9e af       	std	Y+62, r25	; 0x3e
    51e6:	8e ad       	ldd	r24, Y+62	; 0x3e
    51e8:	60 96       	adiw	r28, 0x10	; 16
    51ea:	9f ad       	ldd	r25, Y+63	; 0x3f
    51ec:	60 97       	sbiw	r28, 0x10	; 16
    51ee:	89 1b       	sub	r24, r25
    51f0:	8e af       	std	Y+62, r24	; 0x3e
    51f2:	8f a9       	ldd	r24, Y+55	; 0x37
    51f4:	8c 8f       	std	Y+28, r24	; 0x1c
    51f6:	98 ad       	ldd	r25, Y+56	; 0x38
    51f8:	9d 8f       	std	Y+29, r25	; 0x1d
    51fa:	89 ad       	ldd	r24, Y+57	; 0x39
    51fc:	8e 8f       	std	Y+30, r24	; 0x1e
    51fe:	9a ad       	ldd	r25, Y+58	; 0x3a
    5200:	9f 8f       	std	Y+31, r25	; 0x1f
    5202:	8b ad       	ldd	r24, Y+59	; 0x3b
    5204:	88 a3       	std	Y+32, r24	; 0x20
    5206:	9c ad       	ldd	r25, Y+60	; 0x3c
    5208:	99 a3       	std	Y+33, r25	; 0x21
    520a:	8d ad       	ldd	r24, Y+61	; 0x3d
    520c:	8a a3       	std	Y+34, r24	; 0x22
    520e:	9e ad       	ldd	r25, Y+62	; 0x3e
    5210:	9b a3       	std	Y+35, r25	; 0x23
    5212:	6c c0       	rjmp	.+216    	; 0x52ec <int2str+0x45c>
    }

    while(Result != 0)
    {
        digit = Result % 10;
    5214:	ac 8c       	ldd	r10, Y+28	; 0x1c
    5216:	bd 8c       	ldd	r11, Y+29	; 0x1d
    5218:	ce 8c       	ldd	r12, Y+30	; 0x1e
    521a:	df 8c       	ldd	r13, Y+31	; 0x1f
    521c:	e8 a0       	ldd	r14, Y+32	; 0x20
    521e:	f9 a0       	ldd	r15, Y+33	; 0x21
    5220:	0a a1       	ldd	r16, Y+34	; 0x22
    5222:	1b a1       	ldd	r17, Y+35	; 0x23
    5224:	2a 2d       	mov	r18, r10
    5226:	3b 2d       	mov	r19, r11
    5228:	4c 2d       	mov	r20, r12
    522a:	5d 2d       	mov	r21, r13
    522c:	6e 2d       	mov	r22, r14
    522e:	7f 2d       	mov	r23, r15
    5230:	80 2f       	mov	r24, r16
    5232:	91 2f       	mov	r25, r17
    5234:	0f 2e       	mov	r0, r31
    5236:	fa e0       	ldi	r31, 0x0A	; 10
    5238:	af 2e       	mov	r10, r31
    523a:	f0 2d       	mov	r31, r0
    523c:	bb 24       	eor	r11, r11
    523e:	cc 24       	eor	r12, r12
    5240:	dd 24       	eor	r13, r13
    5242:	ee 24       	eor	r14, r14
    5244:	ff 24       	eor	r15, r15
    5246:	00 e0       	ldi	r16, 0x00	; 0
    5248:	10 e0       	ldi	r17, 0x00	; 0
    524a:	0e 94 17 0a 	call	0x142e	; 0x142e <__moddi3>
    524e:	a2 2e       	mov	r10, r18
    5250:	b3 2e       	mov	r11, r19
    5252:	c4 2e       	mov	r12, r20
    5254:	d5 2e       	mov	r13, r21
    5256:	e6 2e       	mov	r14, r22
    5258:	f7 2e       	mov	r15, r23
    525a:	08 2f       	mov	r16, r24
    525c:	19 2f       	mov	r17, r25
    525e:	2a 2d       	mov	r18, r10
    5260:	3b 2d       	mov	r19, r11
    5262:	4c 2d       	mov	r20, r12
    5264:	5d 2d       	mov	r21, r13
    5266:	6e 2d       	mov	r22, r14
    5268:	7f 2d       	mov	r23, r15
    526a:	80 2f       	mov	r24, r16
    526c:	91 2f       	mov	r25, r17
    526e:	3f 83       	std	Y+7, r19	; 0x07
    5270:	2e 83       	std	Y+6, r18	; 0x06
        temp[tempIndex] = '0' + digit;
    5272:	2c 81       	ldd	r18, Y+4	; 0x04
    5274:	3d 81       	ldd	r19, Y+5	; 0x05
    5276:	8e 81       	ldd	r24, Y+6	; 0x06
    5278:	48 2f       	mov	r20, r24
    527a:	40 5d       	subi	r20, 0xD0	; 208
    527c:	ce 01       	movw	r24, r28
    527e:	08 96       	adiw	r24, 0x08	; 8
    5280:	fc 01       	movw	r30, r24
    5282:	e2 0f       	add	r30, r18
    5284:	f3 1f       	adc	r31, r19
    5286:	40 83       	st	Z, r20
        tempIndex++;
    5288:	8c 81       	ldd	r24, Y+4	; 0x04
    528a:	9d 81       	ldd	r25, Y+5	; 0x05
    528c:	01 96       	adiw	r24, 0x01	; 1
    528e:	9d 83       	std	Y+5, r25	; 0x05
    5290:	8c 83       	std	Y+4, r24	; 0x04
        Result /= 10;
    5292:	ac 8c       	ldd	r10, Y+28	; 0x1c
    5294:	bd 8c       	ldd	r11, Y+29	; 0x1d
    5296:	ce 8c       	ldd	r12, Y+30	; 0x1e
    5298:	df 8c       	ldd	r13, Y+31	; 0x1f
    529a:	e8 a0       	ldd	r14, Y+32	; 0x20
    529c:	f9 a0       	ldd	r15, Y+33	; 0x21
    529e:	0a a1       	ldd	r16, Y+34	; 0x22
    52a0:	1b a1       	ldd	r17, Y+35	; 0x23
    52a2:	2a 2d       	mov	r18, r10
    52a4:	3b 2d       	mov	r19, r11
    52a6:	4c 2d       	mov	r20, r12
    52a8:	5d 2d       	mov	r21, r13
    52aa:	6e 2d       	mov	r22, r14
    52ac:	7f 2d       	mov	r23, r15
    52ae:	80 2f       	mov	r24, r16
    52b0:	91 2f       	mov	r25, r17
    52b2:	0f 2e       	mov	r0, r31
    52b4:	fa e0       	ldi	r31, 0x0A	; 10
    52b6:	af 2e       	mov	r10, r31
    52b8:	f0 2d       	mov	r31, r0
    52ba:	bb 24       	eor	r11, r11
    52bc:	cc 24       	eor	r12, r12
    52be:	dd 24       	eor	r13, r13
    52c0:	ee 24       	eor	r14, r14
    52c2:	ff 24       	eor	r15, r15
    52c4:	00 e0       	ldi	r16, 0x00	; 0
    52c6:	10 e0       	ldi	r17, 0x00	; 0
    52c8:	0e 94 ef 01 	call	0x3de	; 0x3de <__divdi3>
    52cc:	a2 2e       	mov	r10, r18
    52ce:	b3 2e       	mov	r11, r19
    52d0:	c4 2e       	mov	r12, r20
    52d2:	d5 2e       	mov	r13, r21
    52d4:	e6 2e       	mov	r14, r22
    52d6:	f7 2e       	mov	r15, r23
    52d8:	08 2f       	mov	r16, r24
    52da:	19 2f       	mov	r17, r25
    52dc:	ac 8e       	std	Y+28, r10	; 0x1c
    52de:	bd 8e       	std	Y+29, r11	; 0x1d
    52e0:	ce 8e       	std	Y+30, r12	; 0x1e
    52e2:	df 8e       	std	Y+31, r13	; 0x1f
    52e4:	e8 a2       	std	Y+32, r14	; 0x20
    52e6:	f9 a2       	std	Y+33, r15	; 0x21
    52e8:	0a a3       	std	Y+34, r16	; 0x22
    52ea:	1b a3       	std	Y+35, r17	; 0x23
    {
        isNegative = 1;
        Result = -Result;
    }

    while(Result != 0)
    52ec:	8c 8d       	ldd	r24, Y+28	; 0x1c
    52ee:	9d 8d       	ldd	r25, Y+29	; 0x1d
    52f0:	89 2b       	or	r24, r25
    52f2:	9e 8d       	ldd	r25, Y+30	; 0x1e
    52f4:	89 2b       	or	r24, r25
    52f6:	9f 8d       	ldd	r25, Y+31	; 0x1f
    52f8:	89 2b       	or	r24, r25
    52fa:	98 a1       	ldd	r25, Y+32	; 0x20
    52fc:	89 2b       	or	r24, r25
    52fe:	99 a1       	ldd	r25, Y+33	; 0x21
    5300:	89 2b       	or	r24, r25
    5302:	9a a1       	ldd	r25, Y+34	; 0x22
    5304:	89 2b       	or	r24, r25
    5306:	9b a1       	ldd	r25, Y+35	; 0x23
    5308:	89 2b       	or	r24, r25
    530a:	88 23       	and	r24, r24
    530c:	09 f0       	breq	.+2      	; 0x5310 <int2str+0x480>
    530e:	82 cf       	rjmp	.-252    	; 0x5214 <int2str+0x384>
        temp[tempIndex] = '0' + digit;
        tempIndex++;
        Result /= 10;
    }

    if(isNegative)
    5310:	89 81       	ldd	r24, Y+1	; 0x01
    5312:	88 23       	and	r24, r24
    5314:	29 f1       	breq	.+74     	; 0x5360 <int2str+0x4d0>
    {
        stResult[stResultIndex] = '-';
    5316:	8a 81       	ldd	r24, Y+2	; 0x02
    5318:	9b 81       	ldd	r25, Y+3	; 0x03
    531a:	fc 01       	movw	r30, r24
    531c:	ea 50       	subi	r30, 0x0A	; 10
    531e:	fe 4f       	sbci	r31, 0xFE	; 254
    5320:	8d e2       	ldi	r24, 0x2D	; 45
    5322:	80 83       	st	Z, r24
        stResultIndex++;
    5324:	8a 81       	ldd	r24, Y+2	; 0x02
    5326:	9b 81       	ldd	r25, Y+3	; 0x03
    5328:	01 96       	adiw	r24, 0x01	; 1
    532a:	9b 83       	std	Y+3, r25	; 0x03
    532c:	8a 83       	std	Y+2, r24	; 0x02
    532e:	18 c0       	rjmp	.+48     	; 0x5360 <int2str+0x4d0>
    }

    while(tempIndex > 0)
    {
        tempIndex--;
    5330:	8c 81       	ldd	r24, Y+4	; 0x04
    5332:	9d 81       	ldd	r25, Y+5	; 0x05
    5334:	01 97       	sbiw	r24, 0x01	; 1
    5336:	9d 83       	std	Y+5, r25	; 0x05
    5338:	8c 83       	std	Y+4, r24	; 0x04
        stResult[stResultIndex] = temp[tempIndex];
    533a:	4a 81       	ldd	r20, Y+2	; 0x02
    533c:	5b 81       	ldd	r21, Y+3	; 0x03
    533e:	2c 81       	ldd	r18, Y+4	; 0x04
    5340:	3d 81       	ldd	r19, Y+5	; 0x05
    5342:	ce 01       	movw	r24, r28
    5344:	08 96       	adiw	r24, 0x08	; 8
    5346:	fc 01       	movw	r30, r24
    5348:	e2 0f       	add	r30, r18
    534a:	f3 1f       	adc	r31, r19
    534c:	80 81       	ld	r24, Z
    534e:	fa 01       	movw	r30, r20
    5350:	ea 50       	subi	r30, 0x0A	; 10
    5352:	fe 4f       	sbci	r31, 0xFE	; 254
    5354:	80 83       	st	Z, r24
        stResultIndex++;
    5356:	8a 81       	ldd	r24, Y+2	; 0x02
    5358:	9b 81       	ldd	r25, Y+3	; 0x03
    535a:	01 96       	adiw	r24, 0x01	; 1
    535c:	9b 83       	std	Y+3, r25	; 0x03
    535e:	8a 83       	std	Y+2, r24	; 0x02
    {
        stResult[stResultIndex] = '-';
        stResultIndex++;
    }

    while(tempIndex > 0)
    5360:	8c 81       	ldd	r24, Y+4	; 0x04
    5362:	9d 81       	ldd	r25, Y+5	; 0x05
    5364:	00 97       	sbiw	r24, 0x00	; 0
    5366:	21 f7       	brne	.-56     	; 0x5330 <int2str+0x4a0>
        tempIndex--;
        stResult[stResultIndex] = temp[tempIndex];
        stResultIndex++;
    }

    stResult[stResultIndex] = '\0';
    5368:	8a 81       	ldd	r24, Y+2	; 0x02
    536a:	9b 81       	ldd	r25, Y+3	; 0x03
    536c:	fc 01       	movw	r30, r24
    536e:	ea 50       	subi	r30, 0x0A	; 10
    5370:	fe 4f       	sbci	r31, 0xFE	; 254
    5372:	10 82       	st	Z, r1
    return stResult;
    5374:	86 ef       	ldi	r24, 0xF6	; 246
    5376:	91 e0       	ldi	r25, 0x01	; 1
    5378:	9d a3       	std	Y+37, r25	; 0x25
    537a:	8c a3       	std	Y+36, r24	; 0x24
    537c:	8c a1       	ldd	r24, Y+36	; 0x24
    537e:	9d a1       	ldd	r25, Y+37	; 0x25
}
    5380:	cf 5a       	subi	r28, 0xAF	; 175
    5382:	df 4f       	sbci	r29, 0xFF	; 255
    5384:	0f b6       	in	r0, 0x3f	; 63
    5386:	f8 94       	cli
    5388:	de bf       	out	0x3e, r29	; 62
    538a:	0f be       	out	0x3f, r0	; 63
    538c:	cd bf       	out	0x3d, r28	; 61
    538e:	cf 91       	pop	r28
    5390:	df 91       	pop	r29
    5392:	1f 91       	pop	r17
    5394:	0f 91       	pop	r16
    5396:	ff 90       	pop	r15
    5398:	ef 90       	pop	r14
    539a:	df 90       	pop	r13
    539c:	cf 90       	pop	r12
    539e:	bf 90       	pop	r11
    53a0:	af 90       	pop	r10
    53a2:	08 95       	ret

000053a4 <sum>:

s64 sum(s64 x ,s64 y){return x+y;}
    53a4:	af 92       	push	r10
    53a6:	bf 92       	push	r11
    53a8:	cf 92       	push	r12
    53aa:	df 92       	push	r13
    53ac:	ef 92       	push	r14
    53ae:	ff 92       	push	r15
    53b0:	0f 93       	push	r16
    53b2:	1f 93       	push	r17
    53b4:	df 93       	push	r29
    53b6:	cf 93       	push	r28
    53b8:	cd b7       	in	r28, 0x3d	; 61
    53ba:	de b7       	in	r29, 0x3e	; 62
    53bc:	eb 97       	sbiw	r28, 0x3b	; 59
    53be:	0f b6       	in	r0, 0x3f	; 63
    53c0:	f8 94       	cli
    53c2:	de bf       	out	0x3e, r29	; 62
    53c4:	0f be       	out	0x3f, r0	; 63
    53c6:	cd bf       	out	0x3d, r28	; 61
    53c8:	29 83       	std	Y+1, r18	; 0x01
    53ca:	3a 83       	std	Y+2, r19	; 0x02
    53cc:	4b 83       	std	Y+3, r20	; 0x03
    53ce:	5c 83       	std	Y+4, r21	; 0x04
    53d0:	6d 83       	std	Y+5, r22	; 0x05
    53d2:	7e 83       	std	Y+6, r23	; 0x06
    53d4:	8f 83       	std	Y+7, r24	; 0x07
    53d6:	98 87       	std	Y+8, r25	; 0x08
    53d8:	a9 86       	std	Y+9, r10	; 0x09
    53da:	ba 86       	std	Y+10, r11	; 0x0a
    53dc:	cb 86       	std	Y+11, r12	; 0x0b
    53de:	dc 86       	std	Y+12, r13	; 0x0c
    53e0:	ed 86       	std	Y+13, r14	; 0x0d
    53e2:	fe 86       	std	Y+14, r15	; 0x0e
    53e4:	0f 87       	std	Y+15, r16	; 0x0f
    53e6:	18 8b       	std	Y+16, r17	; 0x10
    53e8:	89 81       	ldd	r24, Y+1	; 0x01
    53ea:	89 8b       	std	Y+17, r24	; 0x11
    53ec:	9a 81       	ldd	r25, Y+2	; 0x02
    53ee:	9a 8b       	std	Y+18, r25	; 0x12
    53f0:	8b 81       	ldd	r24, Y+3	; 0x03
    53f2:	8b 8b       	std	Y+19, r24	; 0x13
    53f4:	9c 81       	ldd	r25, Y+4	; 0x04
    53f6:	9c 8b       	std	Y+20, r25	; 0x14
    53f8:	8d 81       	ldd	r24, Y+5	; 0x05
    53fa:	8d 8b       	std	Y+21, r24	; 0x15
    53fc:	9e 81       	ldd	r25, Y+6	; 0x06
    53fe:	9e 8b       	std	Y+22, r25	; 0x16
    5400:	8f 81       	ldd	r24, Y+7	; 0x07
    5402:	8f 8b       	std	Y+23, r24	; 0x17
    5404:	98 85       	ldd	r25, Y+8	; 0x08
    5406:	98 8f       	std	Y+24, r25	; 0x18
    5408:	89 85       	ldd	r24, Y+9	; 0x09
    540a:	89 8f       	std	Y+25, r24	; 0x19
    540c:	9a 85       	ldd	r25, Y+10	; 0x0a
    540e:	9a 8f       	std	Y+26, r25	; 0x1a
    5410:	8b 85       	ldd	r24, Y+11	; 0x0b
    5412:	8b 8f       	std	Y+27, r24	; 0x1b
    5414:	9c 85       	ldd	r25, Y+12	; 0x0c
    5416:	9c 8f       	std	Y+28, r25	; 0x1c
    5418:	8d 85       	ldd	r24, Y+13	; 0x0d
    541a:	8d 8f       	std	Y+29, r24	; 0x1d
    541c:	9e 85       	ldd	r25, Y+14	; 0x0e
    541e:	9e 8f       	std	Y+30, r25	; 0x1e
    5420:	8f 85       	ldd	r24, Y+15	; 0x0f
    5422:	8f 8f       	std	Y+31, r24	; 0x1f
    5424:	98 89       	ldd	r25, Y+16	; 0x10
    5426:	98 a3       	std	Y+32, r25	; 0x20
    5428:	89 89       	ldd	r24, Y+17	; 0x11
    542a:	99 8d       	ldd	r25, Y+25	; 0x19
    542c:	89 0f       	add	r24, r25
    542e:	89 a3       	std	Y+33, r24	; 0x21
    5430:	81 e0       	ldi	r24, 0x01	; 1
    5432:	89 a7       	std	Y+41, r24	; 0x29
    5434:	99 a1       	ldd	r25, Y+33	; 0x21
    5436:	89 89       	ldd	r24, Y+17	; 0x11
    5438:	98 17       	cp	r25, r24
    543a:	08 f0       	brcs	.+2      	; 0x543e <sum+0x9a>
    543c:	19 a6       	std	Y+41, r1	; 0x29
    543e:	9a 89       	ldd	r25, Y+18	; 0x12
    5440:	8a 8d       	ldd	r24, Y+26	; 0x1a
    5442:	98 0f       	add	r25, r24
    5444:	9a a3       	std	Y+34, r25	; 0x22
    5446:	91 e0       	ldi	r25, 0x01	; 1
    5448:	9a a7       	std	Y+42, r25	; 0x2a
    544a:	8a a1       	ldd	r24, Y+34	; 0x22
    544c:	9a 89       	ldd	r25, Y+18	; 0x12
    544e:	89 17       	cp	r24, r25
    5450:	08 f0       	brcs	.+2      	; 0x5454 <sum+0xb0>
    5452:	1a a6       	std	Y+42, r1	; 0x2a
    5454:	89 a5       	ldd	r24, Y+41	; 0x29
    5456:	9a a1       	ldd	r25, Y+34	; 0x22
    5458:	89 0f       	add	r24, r25
    545a:	8b a7       	std	Y+43, r24	; 0x2b
    545c:	81 e0       	ldi	r24, 0x01	; 1
    545e:	8c a7       	std	Y+44, r24	; 0x2c
    5460:	9b a5       	ldd	r25, Y+43	; 0x2b
    5462:	8a a1       	ldd	r24, Y+34	; 0x22
    5464:	98 17       	cp	r25, r24
    5466:	08 f0       	brcs	.+2      	; 0x546a <sum+0xc6>
    5468:	1c a6       	std	Y+44, r1	; 0x2c
    546a:	9a a5       	ldd	r25, Y+42	; 0x2a
    546c:	8c a5       	ldd	r24, Y+44	; 0x2c
    546e:	98 2b       	or	r25, r24
    5470:	9a a7       	std	Y+42, r25	; 0x2a
    5472:	9b a5       	ldd	r25, Y+43	; 0x2b
    5474:	9a a3       	std	Y+34, r25	; 0x22
    5476:	8b 89       	ldd	r24, Y+19	; 0x13
    5478:	9b 8d       	ldd	r25, Y+27	; 0x1b
    547a:	89 0f       	add	r24, r25
    547c:	8b a3       	std	Y+35, r24	; 0x23
    547e:	81 e0       	ldi	r24, 0x01	; 1
    5480:	8d a7       	std	Y+45, r24	; 0x2d
    5482:	9b a1       	ldd	r25, Y+35	; 0x23
    5484:	8b 89       	ldd	r24, Y+19	; 0x13
    5486:	98 17       	cp	r25, r24
    5488:	08 f0       	brcs	.+2      	; 0x548c <sum+0xe8>
    548a:	1d a6       	std	Y+45, r1	; 0x2d
    548c:	9a a5       	ldd	r25, Y+42	; 0x2a
    548e:	8b a1       	ldd	r24, Y+35	; 0x23
    5490:	98 0f       	add	r25, r24
    5492:	9e a7       	std	Y+46, r25	; 0x2e
    5494:	91 e0       	ldi	r25, 0x01	; 1
    5496:	9f a7       	std	Y+47, r25	; 0x2f
    5498:	8e a5       	ldd	r24, Y+46	; 0x2e
    549a:	9b a1       	ldd	r25, Y+35	; 0x23
    549c:	89 17       	cp	r24, r25
    549e:	08 f0       	brcs	.+2      	; 0x54a2 <sum+0xfe>
    54a0:	1f a6       	std	Y+47, r1	; 0x2f
    54a2:	8d a5       	ldd	r24, Y+45	; 0x2d
    54a4:	9f a5       	ldd	r25, Y+47	; 0x2f
    54a6:	89 2b       	or	r24, r25
    54a8:	8d a7       	std	Y+45, r24	; 0x2d
    54aa:	8e a5       	ldd	r24, Y+46	; 0x2e
    54ac:	8b a3       	std	Y+35, r24	; 0x23
    54ae:	9c 89       	ldd	r25, Y+20	; 0x14
    54b0:	8c 8d       	ldd	r24, Y+28	; 0x1c
    54b2:	98 0f       	add	r25, r24
    54b4:	9c a3       	std	Y+36, r25	; 0x24
    54b6:	91 e0       	ldi	r25, 0x01	; 1
    54b8:	98 ab       	std	Y+48, r25	; 0x30
    54ba:	8c a1       	ldd	r24, Y+36	; 0x24
    54bc:	9c 89       	ldd	r25, Y+20	; 0x14
    54be:	89 17       	cp	r24, r25
    54c0:	08 f0       	brcs	.+2      	; 0x54c4 <sum+0x120>
    54c2:	18 aa       	std	Y+48, r1	; 0x30
    54c4:	8d a5       	ldd	r24, Y+45	; 0x2d
    54c6:	9c a1       	ldd	r25, Y+36	; 0x24
    54c8:	89 0f       	add	r24, r25
    54ca:	89 ab       	std	Y+49, r24	; 0x31
    54cc:	81 e0       	ldi	r24, 0x01	; 1
    54ce:	8a ab       	std	Y+50, r24	; 0x32
    54d0:	99 a9       	ldd	r25, Y+49	; 0x31
    54d2:	8c a1       	ldd	r24, Y+36	; 0x24
    54d4:	98 17       	cp	r25, r24
    54d6:	08 f0       	brcs	.+2      	; 0x54da <sum+0x136>
    54d8:	1a aa       	std	Y+50, r1	; 0x32
    54da:	98 a9       	ldd	r25, Y+48	; 0x30
    54dc:	8a a9       	ldd	r24, Y+50	; 0x32
    54de:	98 2b       	or	r25, r24
    54e0:	98 ab       	std	Y+48, r25	; 0x30
    54e2:	99 a9       	ldd	r25, Y+49	; 0x31
    54e4:	9c a3       	std	Y+36, r25	; 0x24
    54e6:	8d 89       	ldd	r24, Y+21	; 0x15
    54e8:	9d 8d       	ldd	r25, Y+29	; 0x1d
    54ea:	89 0f       	add	r24, r25
    54ec:	8d a3       	std	Y+37, r24	; 0x25
    54ee:	81 e0       	ldi	r24, 0x01	; 1
    54f0:	8b ab       	std	Y+51, r24	; 0x33
    54f2:	9d a1       	ldd	r25, Y+37	; 0x25
    54f4:	8d 89       	ldd	r24, Y+21	; 0x15
    54f6:	98 17       	cp	r25, r24
    54f8:	08 f0       	brcs	.+2      	; 0x54fc <sum+0x158>
    54fa:	1b aa       	std	Y+51, r1	; 0x33
    54fc:	98 a9       	ldd	r25, Y+48	; 0x30
    54fe:	8d a1       	ldd	r24, Y+37	; 0x25
    5500:	98 0f       	add	r25, r24
    5502:	9c ab       	std	Y+52, r25	; 0x34
    5504:	91 e0       	ldi	r25, 0x01	; 1
    5506:	9d ab       	std	Y+53, r25	; 0x35
    5508:	8c a9       	ldd	r24, Y+52	; 0x34
    550a:	9d a1       	ldd	r25, Y+37	; 0x25
    550c:	89 17       	cp	r24, r25
    550e:	08 f0       	brcs	.+2      	; 0x5512 <sum+0x16e>
    5510:	1d aa       	std	Y+53, r1	; 0x35
    5512:	8b a9       	ldd	r24, Y+51	; 0x33
    5514:	9d a9       	ldd	r25, Y+53	; 0x35
    5516:	89 2b       	or	r24, r25
    5518:	8b ab       	std	Y+51, r24	; 0x33
    551a:	8c a9       	ldd	r24, Y+52	; 0x34
    551c:	8d a3       	std	Y+37, r24	; 0x25
    551e:	9e 89       	ldd	r25, Y+22	; 0x16
    5520:	8e 8d       	ldd	r24, Y+30	; 0x1e
    5522:	98 0f       	add	r25, r24
    5524:	9e a3       	std	Y+38, r25	; 0x26
    5526:	91 e0       	ldi	r25, 0x01	; 1
    5528:	9e ab       	std	Y+54, r25	; 0x36
    552a:	8e a1       	ldd	r24, Y+38	; 0x26
    552c:	9e 89       	ldd	r25, Y+22	; 0x16
    552e:	89 17       	cp	r24, r25
    5530:	08 f0       	brcs	.+2      	; 0x5534 <sum+0x190>
    5532:	1e aa       	std	Y+54, r1	; 0x36
    5534:	8b a9       	ldd	r24, Y+51	; 0x33
    5536:	9e a1       	ldd	r25, Y+38	; 0x26
    5538:	89 0f       	add	r24, r25
    553a:	8f ab       	std	Y+55, r24	; 0x37
    553c:	81 e0       	ldi	r24, 0x01	; 1
    553e:	88 af       	std	Y+56, r24	; 0x38
    5540:	9f a9       	ldd	r25, Y+55	; 0x37
    5542:	8e a1       	ldd	r24, Y+38	; 0x26
    5544:	98 17       	cp	r25, r24
    5546:	08 f0       	brcs	.+2      	; 0x554a <sum+0x1a6>
    5548:	18 ae       	std	Y+56, r1	; 0x38
    554a:	9e a9       	ldd	r25, Y+54	; 0x36
    554c:	88 ad       	ldd	r24, Y+56	; 0x38
    554e:	98 2b       	or	r25, r24
    5550:	9e ab       	std	Y+54, r25	; 0x36
    5552:	9f a9       	ldd	r25, Y+55	; 0x37
    5554:	9e a3       	std	Y+38, r25	; 0x26
    5556:	8f 89       	ldd	r24, Y+23	; 0x17
    5558:	9f 8d       	ldd	r25, Y+31	; 0x1f
    555a:	89 0f       	add	r24, r25
    555c:	8f a3       	std	Y+39, r24	; 0x27
    555e:	81 e0       	ldi	r24, 0x01	; 1
    5560:	89 af       	std	Y+57, r24	; 0x39
    5562:	9f a1       	ldd	r25, Y+39	; 0x27
    5564:	8f 89       	ldd	r24, Y+23	; 0x17
    5566:	98 17       	cp	r25, r24
    5568:	08 f0       	brcs	.+2      	; 0x556c <sum+0x1c8>
    556a:	19 ae       	std	Y+57, r1	; 0x39
    556c:	9e a9       	ldd	r25, Y+54	; 0x36
    556e:	8f a1       	ldd	r24, Y+39	; 0x27
    5570:	98 0f       	add	r25, r24
    5572:	9a af       	std	Y+58, r25	; 0x3a
    5574:	91 e0       	ldi	r25, 0x01	; 1
    5576:	9b af       	std	Y+59, r25	; 0x3b
    5578:	8a ad       	ldd	r24, Y+58	; 0x3a
    557a:	9f a1       	ldd	r25, Y+39	; 0x27
    557c:	89 17       	cp	r24, r25
    557e:	08 f0       	brcs	.+2      	; 0x5582 <sum+0x1de>
    5580:	1b ae       	std	Y+59, r1	; 0x3b
    5582:	89 ad       	ldd	r24, Y+57	; 0x39
    5584:	9b ad       	ldd	r25, Y+59	; 0x3b
    5586:	89 2b       	or	r24, r25
    5588:	89 af       	std	Y+57, r24	; 0x39
    558a:	8a ad       	ldd	r24, Y+58	; 0x3a
    558c:	8f a3       	std	Y+39, r24	; 0x27
    558e:	98 8d       	ldd	r25, Y+24	; 0x18
    5590:	88 a1       	ldd	r24, Y+32	; 0x20
    5592:	98 0f       	add	r25, r24
    5594:	98 a7       	std	Y+40, r25	; 0x28
    5596:	89 ad       	ldd	r24, Y+57	; 0x39
    5598:	98 a5       	ldd	r25, Y+40	; 0x28
    559a:	89 0f       	add	r24, r25
    559c:	88 a7       	std	Y+40, r24	; 0x28
    559e:	29 a1       	ldd	r18, Y+33	; 0x21
    55a0:	3a a1       	ldd	r19, Y+34	; 0x22
    55a2:	4b a1       	ldd	r20, Y+35	; 0x23
    55a4:	5c a1       	ldd	r21, Y+36	; 0x24
    55a6:	6d a1       	ldd	r22, Y+37	; 0x25
    55a8:	7e a1       	ldd	r23, Y+38	; 0x26
    55aa:	8f a1       	ldd	r24, Y+39	; 0x27
    55ac:	98 a5       	ldd	r25, Y+40	; 0x28
    55ae:	a2 2e       	mov	r10, r18
    55b0:	b3 2e       	mov	r11, r19
    55b2:	c4 2e       	mov	r12, r20
    55b4:	d5 2e       	mov	r13, r21
    55b6:	e6 2e       	mov	r14, r22
    55b8:	f7 2e       	mov	r15, r23
    55ba:	08 2f       	mov	r16, r24
    55bc:	19 2f       	mov	r17, r25
    55be:	2a 2d       	mov	r18, r10
    55c0:	3b 2d       	mov	r19, r11
    55c2:	4c 2d       	mov	r20, r12
    55c4:	5d 2d       	mov	r21, r13
    55c6:	6e 2d       	mov	r22, r14
    55c8:	7f 2d       	mov	r23, r15
    55ca:	80 2f       	mov	r24, r16
    55cc:	91 2f       	mov	r25, r17
    55ce:	eb 96       	adiw	r28, 0x3b	; 59
    55d0:	0f b6       	in	r0, 0x3f	; 63
    55d2:	f8 94       	cli
    55d4:	de bf       	out	0x3e, r29	; 62
    55d6:	0f be       	out	0x3f, r0	; 63
    55d8:	cd bf       	out	0x3d, r28	; 61
    55da:	cf 91       	pop	r28
    55dc:	df 91       	pop	r29
    55de:	1f 91       	pop	r17
    55e0:	0f 91       	pop	r16
    55e2:	ff 90       	pop	r15
    55e4:	ef 90       	pop	r14
    55e6:	df 90       	pop	r13
    55e8:	cf 90       	pop	r12
    55ea:	bf 90       	pop	r11
    55ec:	af 90       	pop	r10
    55ee:	08 95       	ret

000055f0 <sub>:
s64 sub(s64 x ,s64 y){return x-y;}
    55f0:	af 92       	push	r10
    55f2:	bf 92       	push	r11
    55f4:	cf 92       	push	r12
    55f6:	df 92       	push	r13
    55f8:	ef 92       	push	r14
    55fa:	ff 92       	push	r15
    55fc:	0f 93       	push	r16
    55fe:	1f 93       	push	r17
    5600:	df 93       	push	r29
    5602:	cf 93       	push	r28
    5604:	cd b7       	in	r28, 0x3d	; 61
    5606:	de b7       	in	r29, 0x3e	; 62
    5608:	eb 97       	sbiw	r28, 0x3b	; 59
    560a:	0f b6       	in	r0, 0x3f	; 63
    560c:	f8 94       	cli
    560e:	de bf       	out	0x3e, r29	; 62
    5610:	0f be       	out	0x3f, r0	; 63
    5612:	cd bf       	out	0x3d, r28	; 61
    5614:	29 83       	std	Y+1, r18	; 0x01
    5616:	3a 83       	std	Y+2, r19	; 0x02
    5618:	4b 83       	std	Y+3, r20	; 0x03
    561a:	5c 83       	std	Y+4, r21	; 0x04
    561c:	6d 83       	std	Y+5, r22	; 0x05
    561e:	7e 83       	std	Y+6, r23	; 0x06
    5620:	8f 83       	std	Y+7, r24	; 0x07
    5622:	98 87       	std	Y+8, r25	; 0x08
    5624:	a9 86       	std	Y+9, r10	; 0x09
    5626:	ba 86       	std	Y+10, r11	; 0x0a
    5628:	cb 86       	std	Y+11, r12	; 0x0b
    562a:	dc 86       	std	Y+12, r13	; 0x0c
    562c:	ed 86       	std	Y+13, r14	; 0x0d
    562e:	fe 86       	std	Y+14, r15	; 0x0e
    5630:	0f 87       	std	Y+15, r16	; 0x0f
    5632:	18 8b       	std	Y+16, r17	; 0x10
    5634:	89 81       	ldd	r24, Y+1	; 0x01
    5636:	89 8b       	std	Y+17, r24	; 0x11
    5638:	9a 81       	ldd	r25, Y+2	; 0x02
    563a:	9a 8b       	std	Y+18, r25	; 0x12
    563c:	8b 81       	ldd	r24, Y+3	; 0x03
    563e:	8b 8b       	std	Y+19, r24	; 0x13
    5640:	9c 81       	ldd	r25, Y+4	; 0x04
    5642:	9c 8b       	std	Y+20, r25	; 0x14
    5644:	8d 81       	ldd	r24, Y+5	; 0x05
    5646:	8d 8b       	std	Y+21, r24	; 0x15
    5648:	9e 81       	ldd	r25, Y+6	; 0x06
    564a:	9e 8b       	std	Y+22, r25	; 0x16
    564c:	8f 81       	ldd	r24, Y+7	; 0x07
    564e:	8f 8b       	std	Y+23, r24	; 0x17
    5650:	98 85       	ldd	r25, Y+8	; 0x08
    5652:	98 8f       	std	Y+24, r25	; 0x18
    5654:	89 85       	ldd	r24, Y+9	; 0x09
    5656:	89 8f       	std	Y+25, r24	; 0x19
    5658:	9a 85       	ldd	r25, Y+10	; 0x0a
    565a:	9a 8f       	std	Y+26, r25	; 0x1a
    565c:	8b 85       	ldd	r24, Y+11	; 0x0b
    565e:	8b 8f       	std	Y+27, r24	; 0x1b
    5660:	9c 85       	ldd	r25, Y+12	; 0x0c
    5662:	9c 8f       	std	Y+28, r25	; 0x1c
    5664:	8d 85       	ldd	r24, Y+13	; 0x0d
    5666:	8d 8f       	std	Y+29, r24	; 0x1d
    5668:	9e 85       	ldd	r25, Y+14	; 0x0e
    566a:	9e 8f       	std	Y+30, r25	; 0x1e
    566c:	8f 85       	ldd	r24, Y+15	; 0x0f
    566e:	8f 8f       	std	Y+31, r24	; 0x1f
    5670:	98 89       	ldd	r25, Y+16	; 0x10
    5672:	98 a3       	std	Y+32, r25	; 0x20
    5674:	89 89       	ldd	r24, Y+17	; 0x11
    5676:	99 8d       	ldd	r25, Y+25	; 0x19
    5678:	89 1b       	sub	r24, r25
    567a:	89 a3       	std	Y+33, r24	; 0x21
    567c:	81 e0       	ldi	r24, 0x01	; 1
    567e:	89 a7       	std	Y+41, r24	; 0x29
    5680:	99 a1       	ldd	r25, Y+33	; 0x21
    5682:	89 89       	ldd	r24, Y+17	; 0x11
    5684:	89 17       	cp	r24, r25
    5686:	08 f0       	brcs	.+2      	; 0x568a <sub+0x9a>
    5688:	19 a6       	std	Y+41, r1	; 0x29
    568a:	9a 89       	ldd	r25, Y+18	; 0x12
    568c:	8a 8d       	ldd	r24, Y+26	; 0x1a
    568e:	98 1b       	sub	r25, r24
    5690:	9a a3       	std	Y+34, r25	; 0x22
    5692:	91 e0       	ldi	r25, 0x01	; 1
    5694:	9a a7       	std	Y+42, r25	; 0x2a
    5696:	8a a1       	ldd	r24, Y+34	; 0x22
    5698:	9a 89       	ldd	r25, Y+18	; 0x12
    569a:	98 17       	cp	r25, r24
    569c:	08 f0       	brcs	.+2      	; 0x56a0 <sub+0xb0>
    569e:	1a a6       	std	Y+42, r1	; 0x2a
    56a0:	8a a1       	ldd	r24, Y+34	; 0x22
    56a2:	99 a5       	ldd	r25, Y+41	; 0x29
    56a4:	89 1b       	sub	r24, r25
    56a6:	8b a7       	std	Y+43, r24	; 0x2b
    56a8:	81 e0       	ldi	r24, 0x01	; 1
    56aa:	8c a7       	std	Y+44, r24	; 0x2c
    56ac:	9b a5       	ldd	r25, Y+43	; 0x2b
    56ae:	8a a1       	ldd	r24, Y+34	; 0x22
    56b0:	89 17       	cp	r24, r25
    56b2:	08 f0       	brcs	.+2      	; 0x56b6 <sub+0xc6>
    56b4:	1c a6       	std	Y+44, r1	; 0x2c
    56b6:	9a a5       	ldd	r25, Y+42	; 0x2a
    56b8:	8c a5       	ldd	r24, Y+44	; 0x2c
    56ba:	98 2b       	or	r25, r24
    56bc:	9a a7       	std	Y+42, r25	; 0x2a
    56be:	9b a5       	ldd	r25, Y+43	; 0x2b
    56c0:	9a a3       	std	Y+34, r25	; 0x22
    56c2:	8b 89       	ldd	r24, Y+19	; 0x13
    56c4:	9b 8d       	ldd	r25, Y+27	; 0x1b
    56c6:	89 1b       	sub	r24, r25
    56c8:	8b a3       	std	Y+35, r24	; 0x23
    56ca:	81 e0       	ldi	r24, 0x01	; 1
    56cc:	8d a7       	std	Y+45, r24	; 0x2d
    56ce:	9b a1       	ldd	r25, Y+35	; 0x23
    56d0:	8b 89       	ldd	r24, Y+19	; 0x13
    56d2:	89 17       	cp	r24, r25
    56d4:	08 f0       	brcs	.+2      	; 0x56d8 <sub+0xe8>
    56d6:	1d a6       	std	Y+45, r1	; 0x2d
    56d8:	9b a1       	ldd	r25, Y+35	; 0x23
    56da:	8a a5       	ldd	r24, Y+42	; 0x2a
    56dc:	98 1b       	sub	r25, r24
    56de:	9e a7       	std	Y+46, r25	; 0x2e
    56e0:	91 e0       	ldi	r25, 0x01	; 1
    56e2:	9f a7       	std	Y+47, r25	; 0x2f
    56e4:	8e a5       	ldd	r24, Y+46	; 0x2e
    56e6:	9b a1       	ldd	r25, Y+35	; 0x23
    56e8:	98 17       	cp	r25, r24
    56ea:	08 f0       	brcs	.+2      	; 0x56ee <sub+0xfe>
    56ec:	1f a6       	std	Y+47, r1	; 0x2f
    56ee:	8d a5       	ldd	r24, Y+45	; 0x2d
    56f0:	9f a5       	ldd	r25, Y+47	; 0x2f
    56f2:	89 2b       	or	r24, r25
    56f4:	8d a7       	std	Y+45, r24	; 0x2d
    56f6:	8e a5       	ldd	r24, Y+46	; 0x2e
    56f8:	8b a3       	std	Y+35, r24	; 0x23
    56fa:	9c 89       	ldd	r25, Y+20	; 0x14
    56fc:	8c 8d       	ldd	r24, Y+28	; 0x1c
    56fe:	98 1b       	sub	r25, r24
    5700:	9c a3       	std	Y+36, r25	; 0x24
    5702:	91 e0       	ldi	r25, 0x01	; 1
    5704:	98 ab       	std	Y+48, r25	; 0x30
    5706:	8c a1       	ldd	r24, Y+36	; 0x24
    5708:	9c 89       	ldd	r25, Y+20	; 0x14
    570a:	98 17       	cp	r25, r24
    570c:	08 f0       	brcs	.+2      	; 0x5710 <sub+0x120>
    570e:	18 aa       	std	Y+48, r1	; 0x30
    5710:	8c a1       	ldd	r24, Y+36	; 0x24
    5712:	9d a5       	ldd	r25, Y+45	; 0x2d
    5714:	89 1b       	sub	r24, r25
    5716:	89 ab       	std	Y+49, r24	; 0x31
    5718:	81 e0       	ldi	r24, 0x01	; 1
    571a:	8a ab       	std	Y+50, r24	; 0x32
    571c:	99 a9       	ldd	r25, Y+49	; 0x31
    571e:	8c a1       	ldd	r24, Y+36	; 0x24
    5720:	89 17       	cp	r24, r25
    5722:	08 f0       	brcs	.+2      	; 0x5726 <sub+0x136>
    5724:	1a aa       	std	Y+50, r1	; 0x32
    5726:	98 a9       	ldd	r25, Y+48	; 0x30
    5728:	8a a9       	ldd	r24, Y+50	; 0x32
    572a:	98 2b       	or	r25, r24
    572c:	98 ab       	std	Y+48, r25	; 0x30
    572e:	99 a9       	ldd	r25, Y+49	; 0x31
    5730:	9c a3       	std	Y+36, r25	; 0x24
    5732:	8d 89       	ldd	r24, Y+21	; 0x15
    5734:	9d 8d       	ldd	r25, Y+29	; 0x1d
    5736:	89 1b       	sub	r24, r25
    5738:	8d a3       	std	Y+37, r24	; 0x25
    573a:	81 e0       	ldi	r24, 0x01	; 1
    573c:	8b ab       	std	Y+51, r24	; 0x33
    573e:	9d a1       	ldd	r25, Y+37	; 0x25
    5740:	8d 89       	ldd	r24, Y+21	; 0x15
    5742:	89 17       	cp	r24, r25
    5744:	08 f0       	brcs	.+2      	; 0x5748 <sub+0x158>
    5746:	1b aa       	std	Y+51, r1	; 0x33
    5748:	9d a1       	ldd	r25, Y+37	; 0x25
    574a:	88 a9       	ldd	r24, Y+48	; 0x30
    574c:	98 1b       	sub	r25, r24
    574e:	9c ab       	std	Y+52, r25	; 0x34
    5750:	91 e0       	ldi	r25, 0x01	; 1
    5752:	9d ab       	std	Y+53, r25	; 0x35
    5754:	8c a9       	ldd	r24, Y+52	; 0x34
    5756:	9d a1       	ldd	r25, Y+37	; 0x25
    5758:	98 17       	cp	r25, r24
    575a:	08 f0       	brcs	.+2      	; 0x575e <sub+0x16e>
    575c:	1d aa       	std	Y+53, r1	; 0x35
    575e:	8b a9       	ldd	r24, Y+51	; 0x33
    5760:	9d a9       	ldd	r25, Y+53	; 0x35
    5762:	89 2b       	or	r24, r25
    5764:	8b ab       	std	Y+51, r24	; 0x33
    5766:	8c a9       	ldd	r24, Y+52	; 0x34
    5768:	8d a3       	std	Y+37, r24	; 0x25
    576a:	9e 89       	ldd	r25, Y+22	; 0x16
    576c:	8e 8d       	ldd	r24, Y+30	; 0x1e
    576e:	98 1b       	sub	r25, r24
    5770:	9e a3       	std	Y+38, r25	; 0x26
    5772:	91 e0       	ldi	r25, 0x01	; 1
    5774:	9e ab       	std	Y+54, r25	; 0x36
    5776:	8e a1       	ldd	r24, Y+38	; 0x26
    5778:	9e 89       	ldd	r25, Y+22	; 0x16
    577a:	98 17       	cp	r25, r24
    577c:	08 f0       	brcs	.+2      	; 0x5780 <sub+0x190>
    577e:	1e aa       	std	Y+54, r1	; 0x36
    5780:	8e a1       	ldd	r24, Y+38	; 0x26
    5782:	9b a9       	ldd	r25, Y+51	; 0x33
    5784:	89 1b       	sub	r24, r25
    5786:	8f ab       	std	Y+55, r24	; 0x37
    5788:	81 e0       	ldi	r24, 0x01	; 1
    578a:	88 af       	std	Y+56, r24	; 0x38
    578c:	9f a9       	ldd	r25, Y+55	; 0x37
    578e:	8e a1       	ldd	r24, Y+38	; 0x26
    5790:	89 17       	cp	r24, r25
    5792:	08 f0       	brcs	.+2      	; 0x5796 <sub+0x1a6>
    5794:	18 ae       	std	Y+56, r1	; 0x38
    5796:	9e a9       	ldd	r25, Y+54	; 0x36
    5798:	88 ad       	ldd	r24, Y+56	; 0x38
    579a:	98 2b       	or	r25, r24
    579c:	9e ab       	std	Y+54, r25	; 0x36
    579e:	9f a9       	ldd	r25, Y+55	; 0x37
    57a0:	9e a3       	std	Y+38, r25	; 0x26
    57a2:	8f 89       	ldd	r24, Y+23	; 0x17
    57a4:	9f 8d       	ldd	r25, Y+31	; 0x1f
    57a6:	89 1b       	sub	r24, r25
    57a8:	8f a3       	std	Y+39, r24	; 0x27
    57aa:	81 e0       	ldi	r24, 0x01	; 1
    57ac:	89 af       	std	Y+57, r24	; 0x39
    57ae:	9f a1       	ldd	r25, Y+39	; 0x27
    57b0:	8f 89       	ldd	r24, Y+23	; 0x17
    57b2:	89 17       	cp	r24, r25
    57b4:	08 f0       	brcs	.+2      	; 0x57b8 <sub+0x1c8>
    57b6:	19 ae       	std	Y+57, r1	; 0x39
    57b8:	9f a1       	ldd	r25, Y+39	; 0x27
    57ba:	8e a9       	ldd	r24, Y+54	; 0x36
    57bc:	98 1b       	sub	r25, r24
    57be:	9a af       	std	Y+58, r25	; 0x3a
    57c0:	91 e0       	ldi	r25, 0x01	; 1
    57c2:	9b af       	std	Y+59, r25	; 0x3b
    57c4:	8a ad       	ldd	r24, Y+58	; 0x3a
    57c6:	9f a1       	ldd	r25, Y+39	; 0x27
    57c8:	98 17       	cp	r25, r24
    57ca:	08 f0       	brcs	.+2      	; 0x57ce <sub+0x1de>
    57cc:	1b ae       	std	Y+59, r1	; 0x3b
    57ce:	89 ad       	ldd	r24, Y+57	; 0x39
    57d0:	9b ad       	ldd	r25, Y+59	; 0x3b
    57d2:	89 2b       	or	r24, r25
    57d4:	89 af       	std	Y+57, r24	; 0x39
    57d6:	8a ad       	ldd	r24, Y+58	; 0x3a
    57d8:	8f a3       	std	Y+39, r24	; 0x27
    57da:	98 8d       	ldd	r25, Y+24	; 0x18
    57dc:	88 a1       	ldd	r24, Y+32	; 0x20
    57de:	98 1b       	sub	r25, r24
    57e0:	98 a7       	std	Y+40, r25	; 0x28
    57e2:	88 a5       	ldd	r24, Y+40	; 0x28
    57e4:	99 ad       	ldd	r25, Y+57	; 0x39
    57e6:	89 1b       	sub	r24, r25
    57e8:	88 a7       	std	Y+40, r24	; 0x28
    57ea:	29 a1       	ldd	r18, Y+33	; 0x21
    57ec:	3a a1       	ldd	r19, Y+34	; 0x22
    57ee:	4b a1       	ldd	r20, Y+35	; 0x23
    57f0:	5c a1       	ldd	r21, Y+36	; 0x24
    57f2:	6d a1       	ldd	r22, Y+37	; 0x25
    57f4:	7e a1       	ldd	r23, Y+38	; 0x26
    57f6:	8f a1       	ldd	r24, Y+39	; 0x27
    57f8:	98 a5       	ldd	r25, Y+40	; 0x28
    57fa:	a2 2e       	mov	r10, r18
    57fc:	b3 2e       	mov	r11, r19
    57fe:	c4 2e       	mov	r12, r20
    5800:	d5 2e       	mov	r13, r21
    5802:	e6 2e       	mov	r14, r22
    5804:	f7 2e       	mov	r15, r23
    5806:	08 2f       	mov	r16, r24
    5808:	19 2f       	mov	r17, r25
    580a:	2a 2d       	mov	r18, r10
    580c:	3b 2d       	mov	r19, r11
    580e:	4c 2d       	mov	r20, r12
    5810:	5d 2d       	mov	r21, r13
    5812:	6e 2d       	mov	r22, r14
    5814:	7f 2d       	mov	r23, r15
    5816:	80 2f       	mov	r24, r16
    5818:	91 2f       	mov	r25, r17
    581a:	eb 96       	adiw	r28, 0x3b	; 59
    581c:	0f b6       	in	r0, 0x3f	; 63
    581e:	f8 94       	cli
    5820:	de bf       	out	0x3e, r29	; 62
    5822:	0f be       	out	0x3f, r0	; 63
    5824:	cd bf       	out	0x3d, r28	; 61
    5826:	cf 91       	pop	r28
    5828:	df 91       	pop	r29
    582a:	1f 91       	pop	r17
    582c:	0f 91       	pop	r16
    582e:	ff 90       	pop	r15
    5830:	ef 90       	pop	r14
    5832:	df 90       	pop	r13
    5834:	cf 90       	pop	r12
    5836:	bf 90       	pop	r11
    5838:	af 90       	pop	r10
    583a:	08 95       	ret

0000583c <mul>:
s64 mul(s64 x ,s64 y){return x * y;}
    583c:	af 92       	push	r10
    583e:	bf 92       	push	r11
    5840:	cf 92       	push	r12
    5842:	df 92       	push	r13
    5844:	ef 92       	push	r14
    5846:	ff 92       	push	r15
    5848:	0f 93       	push	r16
    584a:	1f 93       	push	r17
    584c:	df 93       	push	r29
    584e:	cf 93       	push	r28
    5850:	cd b7       	in	r28, 0x3d	; 61
    5852:	de b7       	in	r29, 0x3e	; 62
    5854:	60 97       	sbiw	r28, 0x10	; 16
    5856:	0f b6       	in	r0, 0x3f	; 63
    5858:	f8 94       	cli
    585a:	de bf       	out	0x3e, r29	; 62
    585c:	0f be       	out	0x3f, r0	; 63
    585e:	cd bf       	out	0x3d, r28	; 61
    5860:	29 83       	std	Y+1, r18	; 0x01
    5862:	3a 83       	std	Y+2, r19	; 0x02
    5864:	4b 83       	std	Y+3, r20	; 0x03
    5866:	5c 83       	std	Y+4, r21	; 0x04
    5868:	6d 83       	std	Y+5, r22	; 0x05
    586a:	7e 83       	std	Y+6, r23	; 0x06
    586c:	8f 83       	std	Y+7, r24	; 0x07
    586e:	98 87       	std	Y+8, r25	; 0x08
    5870:	a9 86       	std	Y+9, r10	; 0x09
    5872:	ba 86       	std	Y+10, r11	; 0x0a
    5874:	cb 86       	std	Y+11, r12	; 0x0b
    5876:	dc 86       	std	Y+12, r13	; 0x0c
    5878:	ed 86       	std	Y+13, r14	; 0x0d
    587a:	fe 86       	std	Y+14, r15	; 0x0e
    587c:	0f 87       	std	Y+15, r16	; 0x0f
    587e:	18 8b       	std	Y+16, r17	; 0x10
    5880:	29 81       	ldd	r18, Y+1	; 0x01
    5882:	3a 81       	ldd	r19, Y+2	; 0x02
    5884:	4b 81       	ldd	r20, Y+3	; 0x03
    5886:	5c 81       	ldd	r21, Y+4	; 0x04
    5888:	6d 81       	ldd	r22, Y+5	; 0x05
    588a:	7e 81       	ldd	r23, Y+6	; 0x06
    588c:	8f 81       	ldd	r24, Y+7	; 0x07
    588e:	98 85       	ldd	r25, Y+8	; 0x08
    5890:	a9 84       	ldd	r10, Y+9	; 0x09
    5892:	ba 84       	ldd	r11, Y+10	; 0x0a
    5894:	cb 84       	ldd	r12, Y+11	; 0x0b
    5896:	dc 84       	ldd	r13, Y+12	; 0x0c
    5898:	ed 84       	ldd	r14, Y+13	; 0x0d
    589a:	fe 84       	ldd	r15, Y+14	; 0x0e
    589c:	0f 85       	ldd	r16, Y+15	; 0x0f
    589e:	18 89       	ldd	r17, Y+16	; 0x10
    58a0:	0e 94 49 00 	call	0x92	; 0x92 <__muldi3>
    58a4:	a2 2e       	mov	r10, r18
    58a6:	b3 2e       	mov	r11, r19
    58a8:	c4 2e       	mov	r12, r20
    58aa:	d5 2e       	mov	r13, r21
    58ac:	e6 2e       	mov	r14, r22
    58ae:	f7 2e       	mov	r15, r23
    58b0:	08 2f       	mov	r16, r24
    58b2:	19 2f       	mov	r17, r25
    58b4:	2a 2d       	mov	r18, r10
    58b6:	3b 2d       	mov	r19, r11
    58b8:	4c 2d       	mov	r20, r12
    58ba:	5d 2d       	mov	r21, r13
    58bc:	6e 2d       	mov	r22, r14
    58be:	7f 2d       	mov	r23, r15
    58c0:	80 2f       	mov	r24, r16
    58c2:	91 2f       	mov	r25, r17
    58c4:	a2 2e       	mov	r10, r18
    58c6:	b3 2e       	mov	r11, r19
    58c8:	c4 2e       	mov	r12, r20
    58ca:	d5 2e       	mov	r13, r21
    58cc:	e6 2e       	mov	r14, r22
    58ce:	f7 2e       	mov	r15, r23
    58d0:	08 2f       	mov	r16, r24
    58d2:	19 2f       	mov	r17, r25
    58d4:	2a 2d       	mov	r18, r10
    58d6:	3b 2d       	mov	r19, r11
    58d8:	4c 2d       	mov	r20, r12
    58da:	5d 2d       	mov	r21, r13
    58dc:	6e 2d       	mov	r22, r14
    58de:	7f 2d       	mov	r23, r15
    58e0:	80 2f       	mov	r24, r16
    58e2:	91 2f       	mov	r25, r17
    58e4:	60 96       	adiw	r28, 0x10	; 16
    58e6:	0f b6       	in	r0, 0x3f	; 63
    58e8:	f8 94       	cli
    58ea:	de bf       	out	0x3e, r29	; 62
    58ec:	0f be       	out	0x3f, r0	; 63
    58ee:	cd bf       	out	0x3d, r28	; 61
    58f0:	cf 91       	pop	r28
    58f2:	df 91       	pop	r29
    58f4:	1f 91       	pop	r17
    58f6:	0f 91       	pop	r16
    58f8:	ff 90       	pop	r15
    58fa:	ef 90       	pop	r14
    58fc:	df 90       	pop	r13
    58fe:	cf 90       	pop	r12
    5900:	bf 90       	pop	r11
    5902:	af 90       	pop	r10
    5904:	08 95       	ret

00005906 <div>:
s64 div(s64 x ,s64 y)
{
    5906:	af 92       	push	r10
    5908:	bf 92       	push	r11
    590a:	cf 92       	push	r12
    590c:	df 92       	push	r13
    590e:	ef 92       	push	r14
    5910:	ff 92       	push	r15
    5912:	0f 93       	push	r16
    5914:	1f 93       	push	r17
    5916:	df 93       	push	r29
    5918:	cf 93       	push	r28
    591a:	cd b7       	in	r28, 0x3d	; 61
    591c:	de b7       	in	r29, 0x3e	; 62
    591e:	68 97       	sbiw	r28, 0x18	; 24
    5920:	0f b6       	in	r0, 0x3f	; 63
    5922:	f8 94       	cli
    5924:	de bf       	out	0x3e, r29	; 62
    5926:	0f be       	out	0x3f, r0	; 63
    5928:	cd bf       	out	0x3d, r28	; 61
    592a:	29 83       	std	Y+1, r18	; 0x01
    592c:	3a 83       	std	Y+2, r19	; 0x02
    592e:	4b 83       	std	Y+3, r20	; 0x03
    5930:	5c 83       	std	Y+4, r21	; 0x04
    5932:	6d 83       	std	Y+5, r22	; 0x05
    5934:	7e 83       	std	Y+6, r23	; 0x06
    5936:	8f 83       	std	Y+7, r24	; 0x07
    5938:	98 87       	std	Y+8, r25	; 0x08
    593a:	a9 86       	std	Y+9, r10	; 0x09
    593c:	ba 86       	std	Y+10, r11	; 0x0a
    593e:	cb 86       	std	Y+11, r12	; 0x0b
    5940:	dc 86       	std	Y+12, r13	; 0x0c
    5942:	ed 86       	std	Y+13, r14	; 0x0d
    5944:	fe 86       	std	Y+14, r15	; 0x0e
    5946:	0f 87       	std	Y+15, r16	; 0x0f
    5948:	18 8b       	std	Y+16, r17	; 0x10
	if (y == 0)
    594a:	89 85       	ldd	r24, Y+9	; 0x09
    594c:	9a 85       	ldd	r25, Y+10	; 0x0a
    594e:	89 2b       	or	r24, r25
    5950:	9b 85       	ldd	r25, Y+11	; 0x0b
    5952:	89 2b       	or	r24, r25
    5954:	9c 85       	ldd	r25, Y+12	; 0x0c
    5956:	89 2b       	or	r24, r25
    5958:	9d 85       	ldd	r25, Y+13	; 0x0d
    595a:	89 2b       	or	r24, r25
    595c:	9e 85       	ldd	r25, Y+14	; 0x0e
    595e:	89 2b       	or	r24, r25
    5960:	9f 85       	ldd	r25, Y+15	; 0x0f
    5962:	89 2b       	or	r24, r25
    5964:	98 89       	ldd	r25, Y+16	; 0x10
    5966:	89 2b       	or	r24, r25
    5968:	88 23       	and	r24, r24
    596a:	59 f4       	brne	.+22     	; 0x5982 <div+0x7c>
	{
		return 0xFFFF ;
    596c:	8f ef       	ldi	r24, 0xFF	; 255
    596e:	89 8b       	std	Y+17, r24	; 0x11
    5970:	8f ef       	ldi	r24, 0xFF	; 255
    5972:	8a 8b       	std	Y+18, r24	; 0x12
    5974:	1b 8a       	std	Y+19, r1	; 0x13
    5976:	1c 8a       	std	Y+20, r1	; 0x14
    5978:	1d 8a       	std	Y+21, r1	; 0x15
    597a:	1e 8a       	std	Y+22, r1	; 0x16
    597c:	1f 8a       	std	Y+23, r1	; 0x17
    597e:	18 8e       	std	Y+24, r1	; 0x18
    5980:	22 c0       	rjmp	.+68     	; 0x59c6 <div+0xc0>
	}
	return x / y;
    5982:	29 81       	ldd	r18, Y+1	; 0x01
    5984:	3a 81       	ldd	r19, Y+2	; 0x02
    5986:	4b 81       	ldd	r20, Y+3	; 0x03
    5988:	5c 81       	ldd	r21, Y+4	; 0x04
    598a:	6d 81       	ldd	r22, Y+5	; 0x05
    598c:	7e 81       	ldd	r23, Y+6	; 0x06
    598e:	8f 81       	ldd	r24, Y+7	; 0x07
    5990:	98 85       	ldd	r25, Y+8	; 0x08
    5992:	a9 84       	ldd	r10, Y+9	; 0x09
    5994:	ba 84       	ldd	r11, Y+10	; 0x0a
    5996:	cb 84       	ldd	r12, Y+11	; 0x0b
    5998:	dc 84       	ldd	r13, Y+12	; 0x0c
    599a:	ed 84       	ldd	r14, Y+13	; 0x0d
    599c:	fe 84       	ldd	r15, Y+14	; 0x0e
    599e:	0f 85       	ldd	r16, Y+15	; 0x0f
    59a0:	18 89       	ldd	r17, Y+16	; 0x10
    59a2:	0e 94 ef 01 	call	0x3de	; 0x3de <__divdi3>
    59a6:	a2 2e       	mov	r10, r18
    59a8:	b3 2e       	mov	r11, r19
    59aa:	c4 2e       	mov	r12, r20
    59ac:	d5 2e       	mov	r13, r21
    59ae:	e6 2e       	mov	r14, r22
    59b0:	f7 2e       	mov	r15, r23
    59b2:	08 2f       	mov	r16, r24
    59b4:	19 2f       	mov	r17, r25
    59b6:	a9 8a       	std	Y+17, r10	; 0x11
    59b8:	ba 8a       	std	Y+18, r11	; 0x12
    59ba:	cb 8a       	std	Y+19, r12	; 0x13
    59bc:	dc 8a       	std	Y+20, r13	; 0x14
    59be:	ed 8a       	std	Y+21, r14	; 0x15
    59c0:	fe 8a       	std	Y+22, r15	; 0x16
    59c2:	0f 8b       	std	Y+23, r16	; 0x17
    59c4:	18 8f       	std	Y+24, r17	; 0x18
    59c6:	a9 88       	ldd	r10, Y+17	; 0x11
    59c8:	ba 88       	ldd	r11, Y+18	; 0x12
    59ca:	cb 88       	ldd	r12, Y+19	; 0x13
    59cc:	dc 88       	ldd	r13, Y+20	; 0x14
    59ce:	ed 88       	ldd	r14, Y+21	; 0x15
    59d0:	fe 88       	ldd	r15, Y+22	; 0x16
    59d2:	0f 89       	ldd	r16, Y+23	; 0x17
    59d4:	18 8d       	ldd	r17, Y+24	; 0x18
}
    59d6:	2a 2d       	mov	r18, r10
    59d8:	3b 2d       	mov	r19, r11
    59da:	4c 2d       	mov	r20, r12
    59dc:	5d 2d       	mov	r21, r13
    59de:	6e 2d       	mov	r22, r14
    59e0:	7f 2d       	mov	r23, r15
    59e2:	80 2f       	mov	r24, r16
    59e4:	91 2f       	mov	r25, r17
    59e6:	68 96       	adiw	r28, 0x18	; 24
    59e8:	0f b6       	in	r0, 0x3f	; 63
    59ea:	f8 94       	cli
    59ec:	de bf       	out	0x3e, r29	; 62
    59ee:	0f be       	out	0x3f, r0	; 63
    59f0:	cd bf       	out	0x3d, r28	; 61
    59f2:	cf 91       	pop	r28
    59f4:	df 91       	pop	r29
    59f6:	1f 91       	pop	r17
    59f8:	0f 91       	pop	r16
    59fa:	ff 90       	pop	r15
    59fc:	ef 90       	pop	r14
    59fe:	df 90       	pop	r13
    5a00:	cf 90       	pop	r12
    5a02:	bf 90       	pop	r11
    5a04:	af 90       	pop	r10
    5a06:	08 95       	ret

00005a08 <calculate>:

s64 calculate(u64 *Parameter, u8* Operation, u8 numOfOperations)
{
    5a08:	2f 92       	push	r2
    5a0a:	3f 92       	push	r3
    5a0c:	4f 92       	push	r4
    5a0e:	5f 92       	push	r5
    5a10:	6f 92       	push	r6
    5a12:	7f 92       	push	r7
    5a14:	8f 92       	push	r8
    5a16:	9f 92       	push	r9
    5a18:	af 92       	push	r10
    5a1a:	bf 92       	push	r11
    5a1c:	cf 92       	push	r12
    5a1e:	df 92       	push	r13
    5a20:	ef 92       	push	r14
    5a22:	ff 92       	push	r15
    5a24:	0f 93       	push	r16
    5a26:	1f 93       	push	r17
    5a28:	df 93       	push	r29
    5a2a:	cf 93       	push	r28
    5a2c:	cd b7       	in	r28, 0x3d	; 61
    5a2e:	de b7       	in	r29, 0x3e	; 62
    5a30:	61 97       	sbiw	r28, 0x11	; 17
    5a32:	0f b6       	in	r0, 0x3f	; 63
    5a34:	f8 94       	cli
    5a36:	de bf       	out	0x3e, r29	; 62
    5a38:	0f be       	out	0x3f, r0	; 63
    5a3a:	cd bf       	out	0x3d, r28	; 61
    5a3c:	9c 87       	std	Y+12, r25	; 0x0c
    5a3e:	8b 87       	std	Y+11, r24	; 0x0b
    5a40:	7e 87       	std	Y+14, r23	; 0x0e
    5a42:	6d 87       	std	Y+13, r22	; 0x0d
    5a44:	4f 87       	std	Y+15, r20	; 0x0f
	u64 Result = Parameter[0];
    5a46:	eb 85       	ldd	r30, Y+11	; 0x0b
    5a48:	fc 85       	ldd	r31, Y+12	; 0x0c
    5a4a:	80 81       	ld	r24, Z
    5a4c:	8b 83       	std	Y+3, r24	; 0x03
    5a4e:	81 81       	ldd	r24, Z+1	; 0x01
    5a50:	8c 83       	std	Y+4, r24	; 0x04
    5a52:	82 81       	ldd	r24, Z+2	; 0x02
    5a54:	8d 83       	std	Y+5, r24	; 0x05
    5a56:	83 81       	ldd	r24, Z+3	; 0x03
    5a58:	8e 83       	std	Y+6, r24	; 0x06
    5a5a:	84 81       	ldd	r24, Z+4	; 0x04
    5a5c:	8f 83       	std	Y+7, r24	; 0x07
    5a5e:	85 81       	ldd	r24, Z+5	; 0x05
    5a60:	88 87       	std	Y+8, r24	; 0x08
    5a62:	86 81       	ldd	r24, Z+6	; 0x06
    5a64:	89 87       	std	Y+9, r24	; 0x09
    5a66:	87 81       	ldd	r24, Z+7	; 0x07
    5a68:	8a 87       	std	Y+10, r24	; 0x0a

	for(int i = 0; i < numOfOperations; i++)
    5a6a:	1a 82       	std	Y+2, r1	; 0x02
    5a6c:	19 82       	std	Y+1, r1	; 0x01
    5a6e:	6e c1       	rjmp	.+732    	; 0x5d4c <calculate+0x344>
	{
		switch(Operation[i])
    5a70:	29 81       	ldd	r18, Y+1	; 0x01
    5a72:	3a 81       	ldd	r19, Y+2	; 0x02
    5a74:	8d 85       	ldd	r24, Y+13	; 0x0d
    5a76:	9e 85       	ldd	r25, Y+14	; 0x0e
    5a78:	fc 01       	movw	r30, r24
    5a7a:	e2 0f       	add	r30, r18
    5a7c:	f3 1f       	adc	r31, r19
    5a7e:	80 81       	ld	r24, Z
    5a80:	28 2f       	mov	r18, r24
    5a82:	30 e0       	ldi	r19, 0x00	; 0
    5a84:	39 8b       	std	Y+17, r19	; 0x11
    5a86:	28 8b       	std	Y+16, r18	; 0x10
    5a88:	88 89       	ldd	r24, Y+16	; 0x10
    5a8a:	99 89       	ldd	r25, Y+17	; 0x11
    5a8c:	8b 32       	cpi	r24, 0x2B	; 43
    5a8e:	91 05       	cpc	r25, r1
    5a90:	c9 f0       	breq	.+50     	; 0x5ac4 <calculate+0xbc>
    5a92:	28 89       	ldd	r18, Y+16	; 0x10
    5a94:	39 89       	ldd	r19, Y+17	; 0x11
    5a96:	2c 32       	cpi	r18, 0x2C	; 44
    5a98:	31 05       	cpc	r19, r1
    5a9a:	3c f4       	brge	.+14     	; 0x5aaa <calculate+0xa2>
    5a9c:	88 89       	ldd	r24, Y+16	; 0x10
    5a9e:	99 89       	ldd	r25, Y+17	; 0x11
    5aa0:	8a 32       	cpi	r24, 0x2A	; 42
    5aa2:	91 05       	cpc	r25, r1
    5aa4:	09 f4       	brne	.+2      	; 0x5aa8 <calculate+0xa0>
    5aa6:	ec c0       	rjmp	.+472    	; 0x5c80 <calculate+0x278>
    5aa8:	34 c1       	rjmp	.+616    	; 0x5d12 <calculate+0x30a>
    5aaa:	28 89       	ldd	r18, Y+16	; 0x10
    5aac:	39 89       	ldd	r19, Y+17	; 0x11
    5aae:	2d 32       	cpi	r18, 0x2D	; 45
    5ab0:	31 05       	cpc	r19, r1
    5ab2:	09 f4       	brne	.+2      	; 0x5ab6 <calculate+0xae>
    5ab4:	51 c0       	rjmp	.+162    	; 0x5b58 <calculate+0x150>
    5ab6:	88 89       	ldd	r24, Y+16	; 0x10
    5ab8:	99 89       	ldd	r25, Y+17	; 0x11
    5aba:	8f 32       	cpi	r24, 0x2F	; 47
    5abc:	91 05       	cpc	r25, r1
    5abe:	09 f4       	brne	.+2      	; 0x5ac2 <calculate+0xba>
    5ac0:	95 c0       	rjmp	.+298    	; 0x5bec <calculate+0x1e4>
    5ac2:	27 c1       	rjmp	.+590    	; 0x5d12 <calculate+0x30a>
		{
		case '+':
			Result = sum(Result, Parameter[i+1]);
    5ac4:	ab 80       	ldd	r10, Y+3	; 0x03
    5ac6:	bc 80       	ldd	r11, Y+4	; 0x04
    5ac8:	cd 80       	ldd	r12, Y+5	; 0x05
    5aca:	de 80       	ldd	r13, Y+6	; 0x06
    5acc:	ef 80       	ldd	r14, Y+7	; 0x07
    5ace:	f8 84       	ldd	r15, Y+8	; 0x08
    5ad0:	09 85       	ldd	r16, Y+9	; 0x09
    5ad2:	1a 85       	ldd	r17, Y+10	; 0x0a
    5ad4:	89 81       	ldd	r24, Y+1	; 0x01
    5ad6:	9a 81       	ldd	r25, Y+2	; 0x02
    5ad8:	01 96       	adiw	r24, 0x01	; 1
    5ada:	9c 01       	movw	r18, r24
    5adc:	22 0f       	add	r18, r18
    5ade:	33 1f       	adc	r19, r19
    5ae0:	22 0f       	add	r18, r18
    5ae2:	33 1f       	adc	r19, r19
    5ae4:	22 0f       	add	r18, r18
    5ae6:	33 1f       	adc	r19, r19
    5ae8:	8b 85       	ldd	r24, Y+11	; 0x0b
    5aea:	9c 85       	ldd	r25, Y+12	; 0x0c
    5aec:	fc 01       	movw	r30, r24
    5aee:	e2 0f       	add	r30, r18
    5af0:	f3 1f       	adc	r31, r19
    5af2:	20 81       	ld	r18, Z
    5af4:	31 81       	ldd	r19, Z+1	; 0x01
    5af6:	42 81       	ldd	r20, Z+2	; 0x02
    5af8:	53 81       	ldd	r21, Z+3	; 0x03
    5afa:	64 81       	ldd	r22, Z+4	; 0x04
    5afc:	75 81       	ldd	r23, Z+5	; 0x05
    5afe:	86 81       	ldd	r24, Z+6	; 0x06
    5b00:	97 81       	ldd	r25, Z+7	; 0x07
    5b02:	22 2e       	mov	r2, r18
    5b04:	33 2e       	mov	r3, r19
    5b06:	44 2e       	mov	r4, r20
    5b08:	55 2e       	mov	r5, r21
    5b0a:	66 2e       	mov	r6, r22
    5b0c:	77 2e       	mov	r7, r23
    5b0e:	88 2e       	mov	r8, r24
    5b10:	99 2e       	mov	r9, r25
    5b12:	2a 2d       	mov	r18, r10
    5b14:	3b 2d       	mov	r19, r11
    5b16:	4c 2d       	mov	r20, r12
    5b18:	5d 2d       	mov	r21, r13
    5b1a:	6e 2d       	mov	r22, r14
    5b1c:	7f 2d       	mov	r23, r15
    5b1e:	80 2f       	mov	r24, r16
    5b20:	91 2f       	mov	r25, r17
    5b22:	a2 2c       	mov	r10, r2
    5b24:	b3 2c       	mov	r11, r3
    5b26:	c4 2c       	mov	r12, r4
    5b28:	d5 2c       	mov	r13, r5
    5b2a:	e6 2c       	mov	r14, r6
    5b2c:	f7 2c       	mov	r15, r7
    5b2e:	08 2d       	mov	r16, r8
    5b30:	19 2d       	mov	r17, r9
    5b32:	0e 94 d2 29 	call	0x53a4	; 0x53a4 <sum>
    5b36:	a2 2e       	mov	r10, r18
    5b38:	b3 2e       	mov	r11, r19
    5b3a:	c4 2e       	mov	r12, r20
    5b3c:	d5 2e       	mov	r13, r21
    5b3e:	e6 2e       	mov	r14, r22
    5b40:	f7 2e       	mov	r15, r23
    5b42:	08 2f       	mov	r16, r24
    5b44:	19 2f       	mov	r17, r25
    5b46:	ab 82       	std	Y+3, r10	; 0x03
    5b48:	bc 82       	std	Y+4, r11	; 0x04
    5b4a:	cd 82       	std	Y+5, r12	; 0x05
    5b4c:	de 82       	std	Y+6, r13	; 0x06
    5b4e:	ef 82       	std	Y+7, r14	; 0x07
    5b50:	f8 86       	std	Y+8, r15	; 0x08
    5b52:	09 87       	std	Y+9, r16	; 0x09
    5b54:	1a 87       	std	Y+10, r17	; 0x0a
    5b56:	dd c0       	rjmp	.+442    	; 0x5d12 <calculate+0x30a>
			break;
		case '-':
			Result = sub(Result, Parameter[i+1]);
    5b58:	ab 80       	ldd	r10, Y+3	; 0x03
    5b5a:	bc 80       	ldd	r11, Y+4	; 0x04
    5b5c:	cd 80       	ldd	r12, Y+5	; 0x05
    5b5e:	de 80       	ldd	r13, Y+6	; 0x06
    5b60:	ef 80       	ldd	r14, Y+7	; 0x07
    5b62:	f8 84       	ldd	r15, Y+8	; 0x08
    5b64:	09 85       	ldd	r16, Y+9	; 0x09
    5b66:	1a 85       	ldd	r17, Y+10	; 0x0a
    5b68:	89 81       	ldd	r24, Y+1	; 0x01
    5b6a:	9a 81       	ldd	r25, Y+2	; 0x02
    5b6c:	01 96       	adiw	r24, 0x01	; 1
    5b6e:	9c 01       	movw	r18, r24
    5b70:	22 0f       	add	r18, r18
    5b72:	33 1f       	adc	r19, r19
    5b74:	22 0f       	add	r18, r18
    5b76:	33 1f       	adc	r19, r19
    5b78:	22 0f       	add	r18, r18
    5b7a:	33 1f       	adc	r19, r19
    5b7c:	8b 85       	ldd	r24, Y+11	; 0x0b
    5b7e:	9c 85       	ldd	r25, Y+12	; 0x0c
    5b80:	fc 01       	movw	r30, r24
    5b82:	e2 0f       	add	r30, r18
    5b84:	f3 1f       	adc	r31, r19
    5b86:	20 81       	ld	r18, Z
    5b88:	31 81       	ldd	r19, Z+1	; 0x01
    5b8a:	42 81       	ldd	r20, Z+2	; 0x02
    5b8c:	53 81       	ldd	r21, Z+3	; 0x03
    5b8e:	64 81       	ldd	r22, Z+4	; 0x04
    5b90:	75 81       	ldd	r23, Z+5	; 0x05
    5b92:	86 81       	ldd	r24, Z+6	; 0x06
    5b94:	97 81       	ldd	r25, Z+7	; 0x07
    5b96:	22 2e       	mov	r2, r18
    5b98:	33 2e       	mov	r3, r19
    5b9a:	44 2e       	mov	r4, r20
    5b9c:	55 2e       	mov	r5, r21
    5b9e:	66 2e       	mov	r6, r22
    5ba0:	77 2e       	mov	r7, r23
    5ba2:	88 2e       	mov	r8, r24
    5ba4:	99 2e       	mov	r9, r25
    5ba6:	2a 2d       	mov	r18, r10
    5ba8:	3b 2d       	mov	r19, r11
    5baa:	4c 2d       	mov	r20, r12
    5bac:	5d 2d       	mov	r21, r13
    5bae:	6e 2d       	mov	r22, r14
    5bb0:	7f 2d       	mov	r23, r15
    5bb2:	80 2f       	mov	r24, r16
    5bb4:	91 2f       	mov	r25, r17
    5bb6:	a2 2c       	mov	r10, r2
    5bb8:	b3 2c       	mov	r11, r3
    5bba:	c4 2c       	mov	r12, r4
    5bbc:	d5 2c       	mov	r13, r5
    5bbe:	e6 2c       	mov	r14, r6
    5bc0:	f7 2c       	mov	r15, r7
    5bc2:	08 2d       	mov	r16, r8
    5bc4:	19 2d       	mov	r17, r9
    5bc6:	0e 94 f8 2a 	call	0x55f0	; 0x55f0 <sub>
    5bca:	a2 2e       	mov	r10, r18
    5bcc:	b3 2e       	mov	r11, r19
    5bce:	c4 2e       	mov	r12, r20
    5bd0:	d5 2e       	mov	r13, r21
    5bd2:	e6 2e       	mov	r14, r22
    5bd4:	f7 2e       	mov	r15, r23
    5bd6:	08 2f       	mov	r16, r24
    5bd8:	19 2f       	mov	r17, r25
    5bda:	ab 82       	std	Y+3, r10	; 0x03
    5bdc:	bc 82       	std	Y+4, r11	; 0x04
    5bde:	cd 82       	std	Y+5, r12	; 0x05
    5be0:	de 82       	std	Y+6, r13	; 0x06
    5be2:	ef 82       	std	Y+7, r14	; 0x07
    5be4:	f8 86       	std	Y+8, r15	; 0x08
    5be6:	09 87       	std	Y+9, r16	; 0x09
    5be8:	1a 87       	std	Y+10, r17	; 0x0a
    5bea:	93 c0       	rjmp	.+294    	; 0x5d12 <calculate+0x30a>
			break;
		case '/':
			Result = div(Result, Parameter[i+1]);
    5bec:	ab 80       	ldd	r10, Y+3	; 0x03
    5bee:	bc 80       	ldd	r11, Y+4	; 0x04
    5bf0:	cd 80       	ldd	r12, Y+5	; 0x05
    5bf2:	de 80       	ldd	r13, Y+6	; 0x06
    5bf4:	ef 80       	ldd	r14, Y+7	; 0x07
    5bf6:	f8 84       	ldd	r15, Y+8	; 0x08
    5bf8:	09 85       	ldd	r16, Y+9	; 0x09
    5bfa:	1a 85       	ldd	r17, Y+10	; 0x0a
    5bfc:	89 81       	ldd	r24, Y+1	; 0x01
    5bfe:	9a 81       	ldd	r25, Y+2	; 0x02
    5c00:	01 96       	adiw	r24, 0x01	; 1
    5c02:	9c 01       	movw	r18, r24
    5c04:	22 0f       	add	r18, r18
    5c06:	33 1f       	adc	r19, r19
    5c08:	22 0f       	add	r18, r18
    5c0a:	33 1f       	adc	r19, r19
    5c0c:	22 0f       	add	r18, r18
    5c0e:	33 1f       	adc	r19, r19
    5c10:	8b 85       	ldd	r24, Y+11	; 0x0b
    5c12:	9c 85       	ldd	r25, Y+12	; 0x0c
    5c14:	fc 01       	movw	r30, r24
    5c16:	e2 0f       	add	r30, r18
    5c18:	f3 1f       	adc	r31, r19
    5c1a:	20 81       	ld	r18, Z
    5c1c:	31 81       	ldd	r19, Z+1	; 0x01
    5c1e:	42 81       	ldd	r20, Z+2	; 0x02
    5c20:	53 81       	ldd	r21, Z+3	; 0x03
    5c22:	64 81       	ldd	r22, Z+4	; 0x04
    5c24:	75 81       	ldd	r23, Z+5	; 0x05
    5c26:	86 81       	ldd	r24, Z+6	; 0x06
    5c28:	97 81       	ldd	r25, Z+7	; 0x07
    5c2a:	22 2e       	mov	r2, r18
    5c2c:	33 2e       	mov	r3, r19
    5c2e:	44 2e       	mov	r4, r20
    5c30:	55 2e       	mov	r5, r21
    5c32:	66 2e       	mov	r6, r22
    5c34:	77 2e       	mov	r7, r23
    5c36:	88 2e       	mov	r8, r24
    5c38:	99 2e       	mov	r9, r25
    5c3a:	2a 2d       	mov	r18, r10
    5c3c:	3b 2d       	mov	r19, r11
    5c3e:	4c 2d       	mov	r20, r12
    5c40:	5d 2d       	mov	r21, r13
    5c42:	6e 2d       	mov	r22, r14
    5c44:	7f 2d       	mov	r23, r15
    5c46:	80 2f       	mov	r24, r16
    5c48:	91 2f       	mov	r25, r17
    5c4a:	a2 2c       	mov	r10, r2
    5c4c:	b3 2c       	mov	r11, r3
    5c4e:	c4 2c       	mov	r12, r4
    5c50:	d5 2c       	mov	r13, r5
    5c52:	e6 2c       	mov	r14, r6
    5c54:	f7 2c       	mov	r15, r7
    5c56:	08 2d       	mov	r16, r8
    5c58:	19 2d       	mov	r17, r9
    5c5a:	0e 94 83 2c 	call	0x5906	; 0x5906 <div>
    5c5e:	a2 2e       	mov	r10, r18
    5c60:	b3 2e       	mov	r11, r19
    5c62:	c4 2e       	mov	r12, r20
    5c64:	d5 2e       	mov	r13, r21
    5c66:	e6 2e       	mov	r14, r22
    5c68:	f7 2e       	mov	r15, r23
    5c6a:	08 2f       	mov	r16, r24
    5c6c:	19 2f       	mov	r17, r25
    5c6e:	ab 82       	std	Y+3, r10	; 0x03
    5c70:	bc 82       	std	Y+4, r11	; 0x04
    5c72:	cd 82       	std	Y+5, r12	; 0x05
    5c74:	de 82       	std	Y+6, r13	; 0x06
    5c76:	ef 82       	std	Y+7, r14	; 0x07
    5c78:	f8 86       	std	Y+8, r15	; 0x08
    5c7a:	09 87       	std	Y+9, r16	; 0x09
    5c7c:	1a 87       	std	Y+10, r17	; 0x0a
    5c7e:	49 c0       	rjmp	.+146    	; 0x5d12 <calculate+0x30a>
			break;
		case '*':
			Result = mul(Result, Parameter[i+1]);
    5c80:	ab 80       	ldd	r10, Y+3	; 0x03
    5c82:	bc 80       	ldd	r11, Y+4	; 0x04
    5c84:	cd 80       	ldd	r12, Y+5	; 0x05
    5c86:	de 80       	ldd	r13, Y+6	; 0x06
    5c88:	ef 80       	ldd	r14, Y+7	; 0x07
    5c8a:	f8 84       	ldd	r15, Y+8	; 0x08
    5c8c:	09 85       	ldd	r16, Y+9	; 0x09
    5c8e:	1a 85       	ldd	r17, Y+10	; 0x0a
    5c90:	89 81       	ldd	r24, Y+1	; 0x01
    5c92:	9a 81       	ldd	r25, Y+2	; 0x02
    5c94:	01 96       	adiw	r24, 0x01	; 1
    5c96:	9c 01       	movw	r18, r24
    5c98:	22 0f       	add	r18, r18
    5c9a:	33 1f       	adc	r19, r19
    5c9c:	22 0f       	add	r18, r18
    5c9e:	33 1f       	adc	r19, r19
    5ca0:	22 0f       	add	r18, r18
    5ca2:	33 1f       	adc	r19, r19
    5ca4:	8b 85       	ldd	r24, Y+11	; 0x0b
    5ca6:	9c 85       	ldd	r25, Y+12	; 0x0c
    5ca8:	fc 01       	movw	r30, r24
    5caa:	e2 0f       	add	r30, r18
    5cac:	f3 1f       	adc	r31, r19
    5cae:	20 81       	ld	r18, Z
    5cb0:	31 81       	ldd	r19, Z+1	; 0x01
    5cb2:	42 81       	ldd	r20, Z+2	; 0x02
    5cb4:	53 81       	ldd	r21, Z+3	; 0x03
    5cb6:	64 81       	ldd	r22, Z+4	; 0x04
    5cb8:	75 81       	ldd	r23, Z+5	; 0x05
    5cba:	86 81       	ldd	r24, Z+6	; 0x06
    5cbc:	97 81       	ldd	r25, Z+7	; 0x07
    5cbe:	22 2e       	mov	r2, r18
    5cc0:	33 2e       	mov	r3, r19
    5cc2:	44 2e       	mov	r4, r20
    5cc4:	55 2e       	mov	r5, r21
    5cc6:	66 2e       	mov	r6, r22
    5cc8:	77 2e       	mov	r7, r23
    5cca:	88 2e       	mov	r8, r24
    5ccc:	99 2e       	mov	r9, r25
    5cce:	2a 2d       	mov	r18, r10
    5cd0:	3b 2d       	mov	r19, r11
    5cd2:	4c 2d       	mov	r20, r12
    5cd4:	5d 2d       	mov	r21, r13
    5cd6:	6e 2d       	mov	r22, r14
    5cd8:	7f 2d       	mov	r23, r15
    5cda:	80 2f       	mov	r24, r16
    5cdc:	91 2f       	mov	r25, r17
    5cde:	a2 2c       	mov	r10, r2
    5ce0:	b3 2c       	mov	r11, r3
    5ce2:	c4 2c       	mov	r12, r4
    5ce4:	d5 2c       	mov	r13, r5
    5ce6:	e6 2c       	mov	r14, r6
    5ce8:	f7 2c       	mov	r15, r7
    5cea:	08 2d       	mov	r16, r8
    5cec:	19 2d       	mov	r17, r9
    5cee:	0e 94 1e 2c 	call	0x583c	; 0x583c <mul>
    5cf2:	a2 2e       	mov	r10, r18
    5cf4:	b3 2e       	mov	r11, r19
    5cf6:	c4 2e       	mov	r12, r20
    5cf8:	d5 2e       	mov	r13, r21
    5cfa:	e6 2e       	mov	r14, r22
    5cfc:	f7 2e       	mov	r15, r23
    5cfe:	08 2f       	mov	r16, r24
    5d00:	19 2f       	mov	r17, r25
    5d02:	ab 82       	std	Y+3, r10	; 0x03
    5d04:	bc 82       	std	Y+4, r11	; 0x04
    5d06:	cd 82       	std	Y+5, r12	; 0x05
    5d08:	de 82       	std	Y+6, r13	; 0x06
    5d0a:	ef 82       	std	Y+7, r14	; 0x07
    5d0c:	f8 86       	std	Y+8, r15	; 0x08
    5d0e:	09 87       	std	Y+9, r16	; 0x09
    5d10:	1a 87       	std	Y+10, r17	; 0x0a
			break;
		}
		if(Result == 0xFFFF){break;}
    5d12:	8b 81       	ldd	r24, Y+3	; 0x03
    5d14:	8f 3f       	cpi	r24, 0xFF	; 255
    5d16:	a9 f4       	brne	.+42     	; 0x5d42 <calculate+0x33a>
    5d18:	8c 81       	ldd	r24, Y+4	; 0x04
    5d1a:	8f 3f       	cpi	r24, 0xFF	; 255
    5d1c:	91 f4       	brne	.+36     	; 0x5d42 <calculate+0x33a>
    5d1e:	8d 81       	ldd	r24, Y+5	; 0x05
    5d20:	88 23       	and	r24, r24
    5d22:	79 f4       	brne	.+30     	; 0x5d42 <calculate+0x33a>
    5d24:	8e 81       	ldd	r24, Y+6	; 0x06
    5d26:	88 23       	and	r24, r24
    5d28:	61 f4       	brne	.+24     	; 0x5d42 <calculate+0x33a>
    5d2a:	8f 81       	ldd	r24, Y+7	; 0x07
    5d2c:	88 23       	and	r24, r24
    5d2e:	49 f4       	brne	.+18     	; 0x5d42 <calculate+0x33a>
    5d30:	88 85       	ldd	r24, Y+8	; 0x08
    5d32:	88 23       	and	r24, r24
    5d34:	31 f4       	brne	.+12     	; 0x5d42 <calculate+0x33a>
    5d36:	89 85       	ldd	r24, Y+9	; 0x09
    5d38:	88 23       	and	r24, r24
    5d3a:	19 f4       	brne	.+6      	; 0x5d42 <calculate+0x33a>
    5d3c:	8a 85       	ldd	r24, Y+10	; 0x0a
    5d3e:	88 23       	and	r24, r24
    5d40:	71 f0       	breq	.+28     	; 0x5d5e <calculate+0x356>

s64 calculate(u64 *Parameter, u8* Operation, u8 numOfOperations)
{
	u64 Result = Parameter[0];

	for(int i = 0; i < numOfOperations; i++)
    5d42:	89 81       	ldd	r24, Y+1	; 0x01
    5d44:	9a 81       	ldd	r25, Y+2	; 0x02
    5d46:	01 96       	adiw	r24, 0x01	; 1
    5d48:	9a 83       	std	Y+2, r25	; 0x02
    5d4a:	89 83       	std	Y+1, r24	; 0x01
    5d4c:	8f 85       	ldd	r24, Y+15	; 0x0f
    5d4e:	28 2f       	mov	r18, r24
    5d50:	30 e0       	ldi	r19, 0x00	; 0
    5d52:	89 81       	ldd	r24, Y+1	; 0x01
    5d54:	9a 81       	ldd	r25, Y+2	; 0x02
    5d56:	82 17       	cp	r24, r18
    5d58:	93 07       	cpc	r25, r19
    5d5a:	0c f4       	brge	.+2      	; 0x5d5e <calculate+0x356>
    5d5c:	89 ce       	rjmp	.-750    	; 0x5a70 <calculate+0x68>
			Result = mul(Result, Parameter[i+1]);
			break;
		}
		if(Result == 0xFFFF){break;}
	}
	return Result;
    5d5e:	2b 81       	ldd	r18, Y+3	; 0x03
    5d60:	3c 81       	ldd	r19, Y+4	; 0x04
    5d62:	4d 81       	ldd	r20, Y+5	; 0x05
    5d64:	5e 81       	ldd	r21, Y+6	; 0x06
    5d66:	6f 81       	ldd	r22, Y+7	; 0x07
    5d68:	78 85       	ldd	r23, Y+8	; 0x08
    5d6a:	89 85       	ldd	r24, Y+9	; 0x09
    5d6c:	9a 85       	ldd	r25, Y+10	; 0x0a
    5d6e:	a2 2e       	mov	r10, r18
    5d70:	b3 2e       	mov	r11, r19
    5d72:	c4 2e       	mov	r12, r20
    5d74:	d5 2e       	mov	r13, r21
    5d76:	e6 2e       	mov	r14, r22
    5d78:	f7 2e       	mov	r15, r23
    5d7a:	08 2f       	mov	r16, r24
    5d7c:	19 2f       	mov	r17, r25
}
    5d7e:	2a 2d       	mov	r18, r10
    5d80:	3b 2d       	mov	r19, r11
    5d82:	4c 2d       	mov	r20, r12
    5d84:	5d 2d       	mov	r21, r13
    5d86:	6e 2d       	mov	r22, r14
    5d88:	7f 2d       	mov	r23, r15
    5d8a:	80 2f       	mov	r24, r16
    5d8c:	91 2f       	mov	r25, r17
    5d8e:	61 96       	adiw	r28, 0x11	; 17
    5d90:	0f b6       	in	r0, 0x3f	; 63
    5d92:	f8 94       	cli
    5d94:	de bf       	out	0x3e, r29	; 62
    5d96:	0f be       	out	0x3f, r0	; 63
    5d98:	cd bf       	out	0x3d, r28	; 61
    5d9a:	cf 91       	pop	r28
    5d9c:	df 91       	pop	r29
    5d9e:	1f 91       	pop	r17
    5da0:	0f 91       	pop	r16
    5da2:	ff 90       	pop	r15
    5da4:	ef 90       	pop	r14
    5da6:	df 90       	pop	r13
    5da8:	cf 90       	pop	r12
    5daa:	bf 90       	pop	r11
    5dac:	af 90       	pop	r10
    5dae:	9f 90       	pop	r9
    5db0:	8f 90       	pop	r8
    5db2:	7f 90       	pop	r7
    5db4:	6f 90       	pop	r6
    5db6:	5f 90       	pop	r5
    5db8:	4f 90       	pop	r4
    5dba:	3f 90       	pop	r3
    5dbc:	2f 90       	pop	r2
    5dbe:	08 95       	ret

00005dc0 <main>:

int main()
{
    5dc0:	af 92       	push	r10
    5dc2:	bf 92       	push	r11
    5dc4:	cf 92       	push	r12
    5dc6:	df 92       	push	r13
    5dc8:	ef 92       	push	r14
    5dca:	ff 92       	push	r15
    5dcc:	0f 93       	push	r16
    5dce:	1f 93       	push	r17
    5dd0:	df 93       	push	r29
    5dd2:	cf 93       	push	r28
    5dd4:	cd b7       	in	r28, 0x3d	; 61
    5dd6:	de b7       	in	r29, 0x3e	; 62
    5dd8:	c9 59       	subi	r28, 0x99	; 153
    5dda:	d0 40       	sbci	r29, 0x00	; 0
    5ddc:	0f b6       	in	r0, 0x3f	; 63
    5dde:	f8 94       	cli
    5de0:	de bf       	out	0x3e, r29	; 62
    5de2:	0f be       	out	0x3f, r0	; 63
    5de4:	cd bf       	out	0x3d, r28	; 61
	HLCD_voidInit();
    5de6:	0e 94 2c 1d 	call	0x3a58	; 0x3a58 <HLCD_voidInit>
	KEYPAD_voidInit();
    5dea:	0e 94 fc 1b 	call	0x37f8	; 0x37f8 <KEYPAD_voidInit>

	HLCD_voidSendString("WELCOME");
    5dee:	80 e6       	ldi	r24, 0x60	; 96
    5df0:	90 e0       	ldi	r25, 0x00	; 0
    5df2:	0e 94 5f 20 	call	0x40be	; 0x40be <HLCD_voidSendString>
    5df6:	80 e0       	ldi	r24, 0x00	; 0
    5df8:	90 e0       	ldi	r25, 0x00	; 0
    5dfa:	aa e7       	ldi	r26, 0x7A	; 122
    5dfc:	b4 e4       	ldi	r27, 0x44	; 68
    5dfe:	8b 87       	std	Y+11, r24	; 0x0b
    5e00:	9c 87       	std	Y+12, r25	; 0x0c
    5e02:	ad 87       	std	Y+13, r26	; 0x0d
    5e04:	be 87       	std	Y+14, r27	; 0x0e
 */
void
_delay_ms(double __ms)
{
	uint16_t __ticks;
	double __tmp = ((F_CPU) / 4e3) * __ms;
    5e06:	6b 85       	ldd	r22, Y+11	; 0x0b
    5e08:	7c 85       	ldd	r23, Y+12	; 0x0c
    5e0a:	8d 85       	ldd	r24, Y+13	; 0x0d
    5e0c:	9e 85       	ldd	r25, Y+14	; 0x0e
    5e0e:	20 e0       	ldi	r18, 0x00	; 0
    5e10:	30 e0       	ldi	r19, 0x00	; 0
    5e12:	4a ef       	ldi	r20, 0xFA	; 250
    5e14:	54 e4       	ldi	r21, 0x44	; 68
    5e16:	0e 94 fe 13 	call	0x27fc	; 0x27fc <__mulsf3>
    5e1a:	dc 01       	movw	r26, r24
    5e1c:	cb 01       	movw	r24, r22
    5e1e:	8f 83       	std	Y+7, r24	; 0x07
    5e20:	98 87       	std	Y+8, r25	; 0x08
    5e22:	a9 87       	std	Y+9, r26	; 0x09
    5e24:	ba 87       	std	Y+10, r27	; 0x0a
	if (__tmp < 1.0)
    5e26:	6f 81       	ldd	r22, Y+7	; 0x07
    5e28:	78 85       	ldd	r23, Y+8	; 0x08
    5e2a:	89 85       	ldd	r24, Y+9	; 0x09
    5e2c:	9a 85       	ldd	r25, Y+10	; 0x0a
    5e2e:	20 e0       	ldi	r18, 0x00	; 0
    5e30:	30 e0       	ldi	r19, 0x00	; 0
    5e32:	40 e8       	ldi	r20, 0x80	; 128
    5e34:	5f e3       	ldi	r21, 0x3F	; 63
    5e36:	0e 94 58 15 	call	0x2ab0	; 0x2ab0 <__ltsf2>
    5e3a:	88 23       	and	r24, r24
    5e3c:	2c f4       	brge	.+10     	; 0x5e48 <main+0x88>
		__ticks = 1;
    5e3e:	81 e0       	ldi	r24, 0x01	; 1
    5e40:	90 e0       	ldi	r25, 0x00	; 0
    5e42:	9e 83       	std	Y+6, r25	; 0x06
    5e44:	8d 83       	std	Y+5, r24	; 0x05
    5e46:	3f c0       	rjmp	.+126    	; 0x5ec6 <main+0x106>
	else if (__tmp > 65535)
    5e48:	6f 81       	ldd	r22, Y+7	; 0x07
    5e4a:	78 85       	ldd	r23, Y+8	; 0x08
    5e4c:	89 85       	ldd	r24, Y+9	; 0x09
    5e4e:	9a 85       	ldd	r25, Y+10	; 0x0a
    5e50:	20 e0       	ldi	r18, 0x00	; 0
    5e52:	3f ef       	ldi	r19, 0xFF	; 255
    5e54:	4f e7       	ldi	r20, 0x7F	; 127
    5e56:	57 e4       	ldi	r21, 0x47	; 71
    5e58:	0e 94 f8 14 	call	0x29f0	; 0x29f0 <__gtsf2>
    5e5c:	18 16       	cp	r1, r24
    5e5e:	4c f5       	brge	.+82     	; 0x5eb2 <main+0xf2>
	{
		//	__ticks = requested delay in 1/10 ms
		__ticks = (uint16_t) (__ms * 10.0);
    5e60:	6b 85       	ldd	r22, Y+11	; 0x0b
    5e62:	7c 85       	ldd	r23, Y+12	; 0x0c
    5e64:	8d 85       	ldd	r24, Y+13	; 0x0d
    5e66:	9e 85       	ldd	r25, Y+14	; 0x0e
    5e68:	20 e0       	ldi	r18, 0x00	; 0
    5e6a:	30 e0       	ldi	r19, 0x00	; 0
    5e6c:	40 e2       	ldi	r20, 0x20	; 32
    5e6e:	51 e4       	ldi	r21, 0x41	; 65
    5e70:	0e 94 fe 13 	call	0x27fc	; 0x27fc <__mulsf3>
    5e74:	dc 01       	movw	r26, r24
    5e76:	cb 01       	movw	r24, r22
    5e78:	bc 01       	movw	r22, r24
    5e7a:	cd 01       	movw	r24, r26
    5e7c:	0e 94 c3 01 	call	0x386	; 0x386 <__fixunssfsi>
    5e80:	dc 01       	movw	r26, r24
    5e82:	cb 01       	movw	r24, r22
    5e84:	9e 83       	std	Y+6, r25	; 0x06
    5e86:	8d 83       	std	Y+5, r24	; 0x05
    5e88:	0f c0       	rjmp	.+30     	; 0x5ea8 <main+0xe8>
    5e8a:	88 ec       	ldi	r24, 0xC8	; 200
    5e8c:	90 e0       	ldi	r25, 0x00	; 0
    5e8e:	9c 83       	std	Y+4, r25	; 0x04
    5e90:	8b 83       	std	Y+3, r24	; 0x03
    5e92:	8b 81       	ldd	r24, Y+3	; 0x03
    5e94:	9c 81       	ldd	r25, Y+4	; 0x04
    5e96:	01 97       	sbiw	r24, 0x01	; 1
    5e98:	f1 f7       	brne	.-4      	; 0x5e96 <main+0xd6>
    5e9a:	9c 83       	std	Y+4, r25	; 0x04
    5e9c:	8b 83       	std	Y+3, r24	; 0x03
		while(__ticks)
		{
			// wait 1/10 ms
			_delay_loop_2(((F_CPU) / 4e3) / 10);
			__ticks --;
    5e9e:	8d 81       	ldd	r24, Y+5	; 0x05
    5ea0:	9e 81       	ldd	r25, Y+6	; 0x06
    5ea2:	01 97       	sbiw	r24, 0x01	; 1
    5ea4:	9e 83       	std	Y+6, r25	; 0x06
    5ea6:	8d 83       	std	Y+5, r24	; 0x05
		__ticks = 1;
	else if (__tmp > 65535)
	{
		//	__ticks = requested delay in 1/10 ms
		__ticks = (uint16_t) (__ms * 10.0);
		while(__ticks)
    5ea8:	8d 81       	ldd	r24, Y+5	; 0x05
    5eaa:	9e 81       	ldd	r25, Y+6	; 0x06
    5eac:	00 97       	sbiw	r24, 0x00	; 0
    5eae:	69 f7       	brne	.-38     	; 0x5e8a <main+0xca>
    5eb0:	14 c0       	rjmp	.+40     	; 0x5eda <main+0x11a>
			__ticks --;
		}
		return;
	}
	else
		__ticks = (uint16_t)__tmp;
    5eb2:	6f 81       	ldd	r22, Y+7	; 0x07
    5eb4:	78 85       	ldd	r23, Y+8	; 0x08
    5eb6:	89 85       	ldd	r24, Y+9	; 0x09
    5eb8:	9a 85       	ldd	r25, Y+10	; 0x0a
    5eba:	0e 94 c3 01 	call	0x386	; 0x386 <__fixunssfsi>
    5ebe:	dc 01       	movw	r26, r24
    5ec0:	cb 01       	movw	r24, r22
    5ec2:	9e 83       	std	Y+6, r25	; 0x06
    5ec4:	8d 83       	std	Y+5, r24	; 0x05
    5ec6:	8d 81       	ldd	r24, Y+5	; 0x05
    5ec8:	9e 81       	ldd	r25, Y+6	; 0x06
    5eca:	9a 83       	std	Y+2, r25	; 0x02
    5ecc:	89 83       	std	Y+1, r24	; 0x01
    5ece:	89 81       	ldd	r24, Y+1	; 0x01
    5ed0:	9a 81       	ldd	r25, Y+2	; 0x02
    5ed2:	01 97       	sbiw	r24, 0x01	; 1
    5ed4:	f1 f7       	brne	.-4      	; 0x5ed2 <main+0x112>
    5ed6:	9a 83       	std	Y+2, r25	; 0x02
    5ed8:	89 83       	std	Y+1, r24	; 0x01
	_delay_ms(1000);
	HLCD_voidClearDisplay();
    5eda:	0e 94 7c 20 	call	0x40f8	; 0x40f8 <HLCD_voidClearDisplay>
	u64 *Parameter;

	s64 Result;
	u8 key;

	u8 numOfOperations = 0, numOfParameters = 0, ParameterIndex = 0, numOfchars = 0;
    5ede:	1c 8a       	std	Y+20, r1	; 0x14
    5ee0:	1b 8a       	std	Y+19, r1	; 0x13
    5ee2:	1a 8a       	std	Y+18, r1	; 0x12
    5ee4:	19 8a       	std	Y+17, r1	; 0x11

	while(1)
	{
		key = KEYPAD_u8GetPressedKey();
    5ee6:	0e 94 2f 1c 	call	0x385e	; 0x385e <KEYPAD_u8GetPressedKey>
    5eea:	8d 8b       	std	Y+21, r24	; 0x15
		switch(key)
    5eec:	8d 89       	ldd	r24, Y+21	; 0x15
    5eee:	28 2f       	mov	r18, r24
    5ef0:	30 e0       	ldi	r19, 0x00	; 0
    5ef2:	c8 56       	subi	r28, 0x68	; 104
    5ef4:	df 4f       	sbci	r29, 0xFF	; 255
    5ef6:	39 83       	std	Y+1, r19	; 0x01
    5ef8:	28 83       	st	Y, r18
    5efa:	c8 59       	subi	r28, 0x98	; 152
    5efc:	d0 40       	sbci	r29, 0x00	; 0
    5efe:	c8 56       	subi	r28, 0x68	; 104
    5f00:	df 4f       	sbci	r29, 0xFF	; 255
    5f02:	88 81       	ld	r24, Y
    5f04:	99 81       	ldd	r25, Y+1	; 0x01
    5f06:	c8 59       	subi	r28, 0x98	; 152
    5f08:	d0 40       	sbci	r29, 0x00	; 0
    5f0a:	8f 32       	cpi	r24, 0x2F	; 47
    5f0c:	91 05       	cpc	r25, r1
    5f0e:	09 f4       	brne	.+2      	; 0x5f12 <main+0x152>
    5f10:	c5 c0       	rjmp	.+394    	; 0x609c <main+0x2dc>
    5f12:	c8 56       	subi	r28, 0x68	; 104
    5f14:	df 4f       	sbci	r29, 0xFF	; 255
    5f16:	28 81       	ld	r18, Y
    5f18:	39 81       	ldd	r19, Y+1	; 0x01
    5f1a:	c8 59       	subi	r28, 0x98	; 152
    5f1c:	d0 40       	sbci	r29, 0x00	; 0
    5f1e:	20 33       	cpi	r18, 0x30	; 48
    5f20:	31 05       	cpc	r19, r1
    5f22:	fc f4       	brge	.+62     	; 0x5f62 <main+0x1a2>
    5f24:	c8 56       	subi	r28, 0x68	; 104
    5f26:	df 4f       	sbci	r29, 0xFF	; 255
    5f28:	88 81       	ld	r24, Y
    5f2a:	99 81       	ldd	r25, Y+1	; 0x01
    5f2c:	c8 59       	subi	r28, 0x98	; 152
    5f2e:	d0 40       	sbci	r29, 0x00	; 0
    5f30:	8a 32       	cpi	r24, 0x2A	; 42
    5f32:	91 05       	cpc	r25, r1
    5f34:	0c f4       	brge	.+2      	; 0x5f38 <main+0x178>
    5f36:	d2 c0       	rjmp	.+420    	; 0x60dc <main+0x31c>
    5f38:	c8 56       	subi	r28, 0x68	; 104
    5f3a:	df 4f       	sbci	r29, 0xFF	; 255
    5f3c:	28 81       	ld	r18, Y
    5f3e:	39 81       	ldd	r19, Y+1	; 0x01
    5f40:	c8 59       	subi	r28, 0x98	; 152
    5f42:	d0 40       	sbci	r29, 0x00	; 0
    5f44:	2c 32       	cpi	r18, 0x2C	; 44
    5f46:	31 05       	cpc	r19, r1
    5f48:	0c f4       	brge	.+2      	; 0x5f4c <main+0x18c>
    5f4a:	a8 c0       	rjmp	.+336    	; 0x609c <main+0x2dc>
    5f4c:	c8 56       	subi	r28, 0x68	; 104
    5f4e:	df 4f       	sbci	r29, 0xFF	; 255
    5f50:	88 81       	ld	r24, Y
    5f52:	99 81       	ldd	r25, Y+1	; 0x01
    5f54:	c8 59       	subi	r28, 0x98	; 152
    5f56:	d0 40       	sbci	r29, 0x00	; 0
    5f58:	8d 32       	cpi	r24, 0x2D	; 45
    5f5a:	91 05       	cpc	r25, r1
    5f5c:	09 f4       	brne	.+2      	; 0x5f60 <main+0x1a0>
    5f5e:	9e c0       	rjmp	.+316    	; 0x609c <main+0x2dc>
    5f60:	bd c0       	rjmp	.+378    	; 0x60dc <main+0x31c>
    5f62:	c8 56       	subi	r28, 0x68	; 104
    5f64:	df 4f       	sbci	r29, 0xFF	; 255
    5f66:	28 81       	ld	r18, Y
    5f68:	39 81       	ldd	r19, Y+1	; 0x01
    5f6a:	c8 59       	subi	r28, 0x98	; 152
    5f6c:	d0 40       	sbci	r29, 0x00	; 0
    5f6e:	23 36       	cpi	r18, 0x63	; 99
    5f70:	31 05       	cpc	r19, r1
    5f72:	a1 f0       	breq	.+40     	; 0x5f9c <main+0x1dc>
    5f74:	c8 56       	subi	r28, 0x68	; 104
    5f76:	df 4f       	sbci	r29, 0xFF	; 255
    5f78:	88 81       	ld	r24, Y
    5f7a:	99 81       	ldd	r25, Y+1	; 0x01
    5f7c:	c8 59       	subi	r28, 0x98	; 152
    5f7e:	d0 40       	sbci	r29, 0x00	; 0
    5f80:	8f 3f       	cpi	r24, 0xFF	; 255
    5f82:	91 05       	cpc	r25, r1
    5f84:	09 f4       	brne	.+2      	; 0x5f88 <main+0x1c8>
    5f86:	af cf       	rjmp	.-162    	; 0x5ee6 <main+0x126>
    5f88:	c8 56       	subi	r28, 0x68	; 104
    5f8a:	df 4f       	sbci	r29, 0xFF	; 255
    5f8c:	28 81       	ld	r18, Y
    5f8e:	39 81       	ldd	r19, Y+1	; 0x01
    5f90:	c8 59       	subi	r28, 0x98	; 152
    5f92:	d0 40       	sbci	r29, 0x00	; 0
    5f94:	2d 33       	cpi	r18, 0x3D	; 61
    5f96:	31 05       	cpc	r19, r1
    5f98:	41 f0       	breq	.+16     	; 0x5faa <main+0x1ea>
    5f9a:	a0 c0       	rjmp	.+320    	; 0x60dc <main+0x31c>
		{
		case 255: break;
		case 'c':
		{
			HLCD_voidClearDisplay();
    5f9c:	0e 94 7c 20 	call	0x40f8	; 0x40f8 <HLCD_voidClearDisplay>

			numOfOperations = 0;
    5fa0:	1c 8a       	std	Y+20, r1	; 0x14
			numOfParameters = 0;
    5fa2:	1b 8a       	std	Y+19, r1	; 0x13
			ParameterIndex = 0;
    5fa4:	1a 8a       	std	Y+18, r1	; 0x12
			numOfchars = 0;
    5fa6:	19 8a       	std	Y+17, r1	; 0x11
    5fa8:	9e cf       	rjmp	.-196    	; 0x5ee6 <main+0x126>

			break;
		}
		case '=':
		{
			HLCD_voidClearDisplay();
    5faa:	0e 94 7c 20 	call	0x40f8	; 0x40f8 <HLCD_voidClearDisplay>
			HLCD_voidSendData('=');
    5fae:	8d e3       	ldi	r24, 0x3D	; 61
    5fb0:	0e 94 c1 1f 	call	0x3f82	; 0x3f82 <HLCD_voidSendData>

			Parameter = str2int(stParameter, numOfOperations);
    5fb4:	ae 01       	movw	r20, r28
    5fb6:	40 5e       	subi	r20, 0xE0	; 224
    5fb8:	5f 4f       	sbci	r21, 0xFF	; 255
    5fba:	8c 89       	ldd	r24, Y+20	; 0x14
    5fbc:	28 2f       	mov	r18, r24
    5fbe:	30 e0       	ldi	r19, 0x00	; 0
    5fc0:	ca 01       	movw	r24, r20
    5fc2:	b9 01       	movw	r22, r18
    5fc4:	0e 94 3b 23 	call	0x4676	; 0x4676 <str2int>
    5fc8:	9f 8f       	std	Y+31, r25	; 0x1f
    5fca:	8e 8f       	std	Y+30, r24	; 0x1e
			Result = calculate(Parameter, Operation, numOfOperations);
    5fcc:	8e 8d       	ldd	r24, Y+30	; 0x1e
    5fce:	9f 8d       	ldd	r25, Y+31	; 0x1f
    5fd0:	9e 01       	movw	r18, r28
    5fd2:	22 57       	subi	r18, 0x72	; 114
    5fd4:	3f 4f       	sbci	r19, 0xFF	; 255
    5fd6:	b9 01       	movw	r22, r18
    5fd8:	4c 89       	ldd	r20, Y+20	; 0x14
    5fda:	0e 94 04 2d 	call	0x5a08	; 0x5a08 <calculate>
    5fde:	a2 2e       	mov	r10, r18
    5fe0:	b3 2e       	mov	r11, r19
    5fe2:	c4 2e       	mov	r12, r20
    5fe4:	d5 2e       	mov	r13, r21
    5fe6:	e6 2e       	mov	r14, r22
    5fe8:	f7 2e       	mov	r15, r23
    5fea:	08 2f       	mov	r16, r24
    5fec:	19 2f       	mov	r17, r25
    5fee:	ae 8a       	std	Y+22, r10	; 0x16
    5ff0:	bf 8a       	std	Y+23, r11	; 0x17
    5ff2:	c8 8e       	std	Y+24, r12	; 0x18
    5ff4:	d9 8e       	std	Y+25, r13	; 0x19
    5ff6:	ea 8e       	std	Y+26, r14	; 0x1a
    5ff8:	fb 8e       	std	Y+27, r15	; 0x1b
    5ffa:	0c 8f       	std	Y+28, r16	; 0x1c
    5ffc:	1d 8f       	std	Y+29, r17	; 0x1d

			if(Result == 0xFFFF)
    5ffe:	8e 89       	ldd	r24, Y+22	; 0x16
    6000:	8f 3f       	cpi	r24, 0xFF	; 255
    6002:	d1 f4       	brne	.+52     	; 0x6038 <main+0x278>
    6004:	8f 89       	ldd	r24, Y+23	; 0x17
    6006:	8f 3f       	cpi	r24, 0xFF	; 255
    6008:	b9 f4       	brne	.+46     	; 0x6038 <main+0x278>
    600a:	88 8d       	ldd	r24, Y+24	; 0x18
    600c:	88 23       	and	r24, r24
    600e:	a1 f4       	brne	.+40     	; 0x6038 <main+0x278>
    6010:	89 8d       	ldd	r24, Y+25	; 0x19
    6012:	88 23       	and	r24, r24
    6014:	89 f4       	brne	.+34     	; 0x6038 <main+0x278>
    6016:	8a 8d       	ldd	r24, Y+26	; 0x1a
    6018:	88 23       	and	r24, r24
    601a:	71 f4       	brne	.+28     	; 0x6038 <main+0x278>
    601c:	8b 8d       	ldd	r24, Y+27	; 0x1b
    601e:	88 23       	and	r24, r24
    6020:	59 f4       	brne	.+22     	; 0x6038 <main+0x278>
    6022:	8c 8d       	ldd	r24, Y+28	; 0x1c
    6024:	88 23       	and	r24, r24
    6026:	41 f4       	brne	.+16     	; 0x6038 <main+0x278>
    6028:	8d 8d       	ldd	r24, Y+29	; 0x1d
    602a:	88 23       	and	r24, r24
    602c:	29 f4       	brne	.+10     	; 0x6038 <main+0x278>
			{
				HLCD_voidSendString("ER: DIV BY 0");
    602e:	88 e6       	ldi	r24, 0x68	; 104
    6030:	90 e0       	ldi	r25, 0x00	; 0
    6032:	0e 94 5f 20 	call	0x40be	; 0x40be <HLCD_voidSendString>
    6036:	27 c0       	rjmp	.+78     	; 0x6086 <main+0x2c6>
			}
			else if(numOfParameters != numOfOperations + 1)
    6038:	8b 89       	ldd	r24, Y+19	; 0x13
    603a:	28 2f       	mov	r18, r24
    603c:	30 e0       	ldi	r19, 0x00	; 0
    603e:	8c 89       	ldd	r24, Y+20	; 0x14
    6040:	88 2f       	mov	r24, r24
    6042:	90 e0       	ldi	r25, 0x00	; 0
    6044:	01 96       	adiw	r24, 0x01	; 1
    6046:	28 17       	cp	r18, r24
    6048:	39 07       	cpc	r19, r25
    604a:	29 f0       	breq	.+10     	; 0x6056 <main+0x296>
			{
				HLCD_voidSendString("ER: INSUF PARAs");
    604c:	85 e7       	ldi	r24, 0x75	; 117
    604e:	90 e0       	ldi	r25, 0x00	; 0
    6050:	0e 94 5f 20 	call	0x40be	; 0x40be <HLCD_voidSendString>
    6054:	18 c0       	rjmp	.+48     	; 0x6086 <main+0x2c6>
			}
			else
			{
				u8* stResult = int2str(Result);
    6056:	ae 88       	ldd	r10, Y+22	; 0x16
    6058:	bf 88       	ldd	r11, Y+23	; 0x17
    605a:	c8 8c       	ldd	r12, Y+24	; 0x18
    605c:	d9 8c       	ldd	r13, Y+25	; 0x19
    605e:	ea 8c       	ldd	r14, Y+26	; 0x1a
    6060:	fb 8c       	ldd	r15, Y+27	; 0x1b
    6062:	0c 8d       	ldd	r16, Y+28	; 0x1c
    6064:	1d 8d       	ldd	r17, Y+29	; 0x1d
    6066:	2a 2d       	mov	r18, r10
    6068:	3b 2d       	mov	r19, r11
    606a:	4c 2d       	mov	r20, r12
    606c:	5d 2d       	mov	r21, r13
    606e:	6e 2d       	mov	r22, r14
    6070:	7f 2d       	mov	r23, r15
    6072:	80 2f       	mov	r24, r16
    6074:	91 2f       	mov	r25, r17
    6076:	0e 94 48 27 	call	0x4e90	; 0x4e90 <int2str>
    607a:	98 8b       	std	Y+16, r25	; 0x10
    607c:	8f 87       	std	Y+15, r24	; 0x0f
				HLCD_voidSendString(stResult);
    607e:	8f 85       	ldd	r24, Y+15	; 0x0f
    6080:	98 89       	ldd	r25, Y+16	; 0x10
    6082:	0e 94 5f 20 	call	0x40be	; 0x40be <HLCD_voidSendString>
			}
			numOfOperations = 0;
    6086:	1c 8a       	std	Y+20, r1	; 0x14
			numOfParameters = 0;
    6088:	1b 8a       	std	Y+19, r1	; 0x13
			ParameterIndex = 0;
    608a:	1a 8a       	std	Y+18, r1	; 0x12
			numOfchars = 0;
    608c:	19 8a       	std	Y+17, r1	; 0x11

			while(KEYPAD_u8GetPressedKey() == 255){}
    608e:	0e 94 2f 1c 	call	0x385e	; 0x385e <KEYPAD_u8GetPressedKey>
    6092:	8f 3f       	cpi	r24, 0xFF	; 255
    6094:	e1 f3       	breq	.-8      	; 0x608e <main+0x2ce>

			HLCD_voidClearDisplay();
    6096:	0e 94 7c 20 	call	0x40f8	; 0x40f8 <HLCD_voidClearDisplay>
    609a:	25 cf       	rjmp	.-438    	; 0x5ee6 <main+0x126>
		case '+':
		case '-':
		case '/':
		case '*':
		{
			if(numOfOperations < 9)
    609c:	8c 89       	ldd	r24, Y+20	; 0x14
    609e:	89 30       	cpi	r24, 0x09	; 9
    60a0:	08 f0       	brcs	.+2      	; 0x60a4 <main+0x2e4>
    60a2:	21 cf       	rjmp	.-446    	; 0x5ee6 <main+0x126>
			{
			    numOfchars++;
    60a4:	89 89       	ldd	r24, Y+17	; 0x11
    60a6:	8f 5f       	subi	r24, 0xFF	; 255
    60a8:	89 8b       	std	Y+17, r24	; 0x11
			    if(numOfchars > 16){ HLCD_voidClearDisplay(); numOfchars = 0; }
    60aa:	89 89       	ldd	r24, Y+17	; 0x11
    60ac:	81 31       	cpi	r24, 0x11	; 17
    60ae:	18 f0       	brcs	.+6      	; 0x60b6 <main+0x2f6>
    60b0:	0e 94 7c 20 	call	0x40f8	; 0x40f8 <HLCD_voidClearDisplay>
    60b4:	19 8a       	std	Y+17, r1	; 0x11

			    Operation[numOfOperations] = key;
    60b6:	8c 89       	ldd	r24, Y+20	; 0x14
    60b8:	28 2f       	mov	r18, r24
    60ba:	30 e0       	ldi	r19, 0x00	; 0
    60bc:	ce 01       	movw	r24, r28
    60be:	82 57       	subi	r24, 0x72	; 114
    60c0:	9f 4f       	sbci	r25, 0xFF	; 255
    60c2:	fc 01       	movw	r30, r24
    60c4:	e2 0f       	add	r30, r18
    60c6:	f3 1f       	adc	r31, r19
    60c8:	8d 89       	ldd	r24, Y+21	; 0x15
    60ca:	80 83       	st	Z, r24
			    HLCD_voidSendData(key);
    60cc:	8d 89       	ldd	r24, Y+21	; 0x15
    60ce:	0e 94 c1 1f 	call	0x3f82	; 0x3f82 <HLCD_voidSendData>
			    numOfOperations++;
    60d2:	8c 89       	ldd	r24, Y+20	; 0x14
    60d4:	8f 5f       	subi	r24, 0xFF	; 255
    60d6:	8c 8b       	std	Y+20, r24	; 0x14
			    ParameterIndex = 0;
    60d8:	1a 8a       	std	Y+18, r1	; 0x12
    60da:	05 cf       	rjmp	.-502    	; 0x5ee6 <main+0x126>
			}
			break;
		}
		default:
		{
			if(ParameterIndex < 10)
    60dc:	8a 89       	ldd	r24, Y+18	; 0x12
    60de:	8a 30       	cpi	r24, 0x0A	; 10
    60e0:	08 f0       	brcs	.+2      	; 0x60e4 <main+0x324>
    60e2:	01 cf       	rjmp	.-510    	; 0x5ee6 <main+0x126>
			{
			    numOfchars++;
    60e4:	89 89       	ldd	r24, Y+17	; 0x11
    60e6:	8f 5f       	subi	r24, 0xFF	; 255
    60e8:	89 8b       	std	Y+17, r24	; 0x11
			    if(numOfchars > 16){ HLCD_voidClearDisplay(); numOfchars = 0; }
    60ea:	89 89       	ldd	r24, Y+17	; 0x11
    60ec:	81 31       	cpi	r24, 0x11	; 17
    60ee:	18 f0       	brcs	.+6      	; 0x60f6 <main+0x336>
    60f0:	0e 94 7c 20 	call	0x40f8	; 0x40f8 <HLCD_voidClearDisplay>
    60f4:	19 8a       	std	Y+17, r1	; 0x11

			    HLCD_voidSendData(key);
    60f6:	8d 89       	ldd	r24, Y+21	; 0x15
    60f8:	0e 94 c1 1f 	call	0x3f82	; 0x3f82 <HLCD_voidSendData>
			    stParameter[numOfOperations][ParameterIndex] = key;
    60fc:	8c 89       	ldd	r24, Y+20	; 0x14
    60fe:	48 2f       	mov	r20, r24
    6100:	50 e0       	ldi	r21, 0x00	; 0
    6102:	8a 89       	ldd	r24, Y+18	; 0x12
    6104:	68 2f       	mov	r22, r24
    6106:	70 e0       	ldi	r23, 0x00	; 0
    6108:	ca 01       	movw	r24, r20
    610a:	88 0f       	add	r24, r24
    610c:	99 1f       	adc	r25, r25
    610e:	9c 01       	movw	r18, r24
    6110:	22 0f       	add	r18, r18
    6112:	33 1f       	adc	r19, r19
    6114:	22 0f       	add	r18, r18
    6116:	33 1f       	adc	r19, r19
    6118:	82 0f       	add	r24, r18
    611a:	93 1f       	adc	r25, r19
    611c:	9c 01       	movw	r18, r24
    611e:	24 0f       	add	r18, r20
    6120:	35 1f       	adc	r19, r21
    6122:	ce 01       	movw	r24, r28
    6124:	01 96       	adiw	r24, 0x01	; 1
    6126:	82 0f       	add	r24, r18
    6128:	93 1f       	adc	r25, r19
    612a:	86 0f       	add	r24, r22
    612c:	97 1f       	adc	r25, r23
    612e:	fc 01       	movw	r30, r24
    6130:	7f 96       	adiw	r30, 0x1f	; 31
    6132:	8d 89       	ldd	r24, Y+21	; 0x15
    6134:	80 83       	st	Z, r24
			    ParameterIndex++;
    6136:	8a 89       	ldd	r24, Y+18	; 0x12
    6138:	8f 5f       	subi	r24, 0xFF	; 255
    613a:	8a 8b       	std	Y+18, r24	; 0x12
                stParameter[numOfOperations][ParameterIndex] = '\0';
    613c:	8c 89       	ldd	r24, Y+20	; 0x14
    613e:	48 2f       	mov	r20, r24
    6140:	50 e0       	ldi	r21, 0x00	; 0
    6142:	8a 89       	ldd	r24, Y+18	; 0x12
    6144:	68 2f       	mov	r22, r24
    6146:	70 e0       	ldi	r23, 0x00	; 0
    6148:	ca 01       	movw	r24, r20
    614a:	88 0f       	add	r24, r24
    614c:	99 1f       	adc	r25, r25
    614e:	9c 01       	movw	r18, r24
    6150:	22 0f       	add	r18, r18
    6152:	33 1f       	adc	r19, r19
    6154:	22 0f       	add	r18, r18
    6156:	33 1f       	adc	r19, r19
    6158:	82 0f       	add	r24, r18
    615a:	93 1f       	adc	r25, r19
    615c:	9c 01       	movw	r18, r24
    615e:	24 0f       	add	r18, r20
    6160:	35 1f       	adc	r19, r21
    6162:	ce 01       	movw	r24, r28
    6164:	01 96       	adiw	r24, 0x01	; 1
    6166:	82 0f       	add	r24, r18
    6168:	93 1f       	adc	r25, r19
    616a:	86 0f       	add	r24, r22
    616c:	97 1f       	adc	r25, r23
    616e:	fc 01       	movw	r30, r24
    6170:	7f 96       	adiw	r30, 0x1f	; 31
    6172:	10 82       	st	Z, r1

                if(ParameterIndex == 1)
    6174:	8a 89       	ldd	r24, Y+18	; 0x12
    6176:	81 30       	cpi	r24, 0x01	; 1
    6178:	09 f0       	breq	.+2      	; 0x617c <main+0x3bc>
    617a:	b5 ce       	rjmp	.-662    	; 0x5ee6 <main+0x126>
                {
                    numOfParameters++;
    617c:	8b 89       	ldd	r24, Y+19	; 0x13
    617e:	8f 5f       	subi	r24, 0xFF	; 255
    6180:	8b 8b       	std	Y+19, r24	; 0x13
    6182:	b1 ce       	rjmp	.-670    	; 0x5ee6 <main+0x126>

00006184 <__mulsi3>:
    6184:	62 9f       	mul	r22, r18
    6186:	d0 01       	movw	r26, r0
    6188:	73 9f       	mul	r23, r19
    618a:	f0 01       	movw	r30, r0
    618c:	82 9f       	mul	r24, r18
    618e:	e0 0d       	add	r30, r0
    6190:	f1 1d       	adc	r31, r1
    6192:	64 9f       	mul	r22, r20
    6194:	e0 0d       	add	r30, r0
    6196:	f1 1d       	adc	r31, r1
    6198:	92 9f       	mul	r25, r18
    619a:	f0 0d       	add	r31, r0
    619c:	83 9f       	mul	r24, r19
    619e:	f0 0d       	add	r31, r0
    61a0:	74 9f       	mul	r23, r20
    61a2:	f0 0d       	add	r31, r0
    61a4:	65 9f       	mul	r22, r21
    61a6:	f0 0d       	add	r31, r0
    61a8:	99 27       	eor	r25, r25
    61aa:	72 9f       	mul	r23, r18
    61ac:	b0 0d       	add	r27, r0
    61ae:	e1 1d       	adc	r30, r1
    61b0:	f9 1f       	adc	r31, r25
    61b2:	63 9f       	mul	r22, r19
    61b4:	b0 0d       	add	r27, r0
    61b6:	e1 1d       	adc	r30, r1
    61b8:	f9 1f       	adc	r31, r25
    61ba:	bd 01       	movw	r22, r26
    61bc:	cf 01       	movw	r24, r30
    61be:	11 24       	eor	r1, r1
    61c0:	08 95       	ret

000061c2 <__udivmodsi4>:
    61c2:	a1 e2       	ldi	r26, 0x21	; 33
    61c4:	1a 2e       	mov	r1, r26
    61c6:	aa 1b       	sub	r26, r26
    61c8:	bb 1b       	sub	r27, r27
    61ca:	fd 01       	movw	r30, r26
    61cc:	0d c0       	rjmp	.+26     	; 0x61e8 <__udivmodsi4_ep>

000061ce <__udivmodsi4_loop>:
    61ce:	aa 1f       	adc	r26, r26
    61d0:	bb 1f       	adc	r27, r27
    61d2:	ee 1f       	adc	r30, r30
    61d4:	ff 1f       	adc	r31, r31
    61d6:	a2 17       	cp	r26, r18
    61d8:	b3 07       	cpc	r27, r19
    61da:	e4 07       	cpc	r30, r20
    61dc:	f5 07       	cpc	r31, r21
    61de:	20 f0       	brcs	.+8      	; 0x61e8 <__udivmodsi4_ep>
    61e0:	a2 1b       	sub	r26, r18
    61e2:	b3 0b       	sbc	r27, r19
    61e4:	e4 0b       	sbc	r30, r20
    61e6:	f5 0b       	sbc	r31, r21

000061e8 <__udivmodsi4_ep>:
    61e8:	66 1f       	adc	r22, r22
    61ea:	77 1f       	adc	r23, r23
    61ec:	88 1f       	adc	r24, r24
    61ee:	99 1f       	adc	r25, r25
    61f0:	1a 94       	dec	r1
    61f2:	69 f7       	brne	.-38     	; 0x61ce <__udivmodsi4_loop>
    61f4:	60 95       	com	r22
    61f6:	70 95       	com	r23
    61f8:	80 95       	com	r24
    61fa:	90 95       	com	r25
    61fc:	9b 01       	movw	r18, r22
    61fe:	ac 01       	movw	r20, r24
    6200:	bd 01       	movw	r22, r26
    6202:	cf 01       	movw	r24, r30
    6204:	08 95       	ret

00006206 <__divmodsi4>:
    6206:	97 fb       	bst	r25, 7
    6208:	09 2e       	mov	r0, r25
    620a:	05 26       	eor	r0, r21
    620c:	0e d0       	rcall	.+28     	; 0x622a <__divmodsi4_neg1>
    620e:	57 fd       	sbrc	r21, 7
    6210:	04 d0       	rcall	.+8      	; 0x621a <__divmodsi4_neg2>
    6212:	d7 df       	rcall	.-82     	; 0x61c2 <__udivmodsi4>
    6214:	0a d0       	rcall	.+20     	; 0x622a <__divmodsi4_neg1>
    6216:	00 1c       	adc	r0, r0
    6218:	38 f4       	brcc	.+14     	; 0x6228 <__divmodsi4_exit>

0000621a <__divmodsi4_neg2>:
    621a:	50 95       	com	r21
    621c:	40 95       	com	r20
    621e:	30 95       	com	r19
    6220:	21 95       	neg	r18
    6222:	3f 4f       	sbci	r19, 0xFF	; 255
    6224:	4f 4f       	sbci	r20, 0xFF	; 255
    6226:	5f 4f       	sbci	r21, 0xFF	; 255

00006228 <__divmodsi4_exit>:
    6228:	08 95       	ret

0000622a <__divmodsi4_neg1>:
    622a:	f6 f7       	brtc	.-4      	; 0x6228 <__divmodsi4_exit>
    622c:	90 95       	com	r25
    622e:	80 95       	com	r24
    6230:	70 95       	com	r23
    6232:	61 95       	neg	r22
    6234:	7f 4f       	sbci	r23, 0xFF	; 255
    6236:	8f 4f       	sbci	r24, 0xFF	; 255
    6238:	9f 4f       	sbci	r25, 0xFF	; 255
    623a:	08 95       	ret

0000623c <__prologue_saves__>:
    623c:	2f 92       	push	r2
    623e:	3f 92       	push	r3
    6240:	4f 92       	push	r4
    6242:	5f 92       	push	r5
    6244:	6f 92       	push	r6
    6246:	7f 92       	push	r7
    6248:	8f 92       	push	r8
    624a:	9f 92       	push	r9
    624c:	af 92       	push	r10
    624e:	bf 92       	push	r11
    6250:	cf 92       	push	r12
    6252:	df 92       	push	r13
    6254:	ef 92       	push	r14
    6256:	ff 92       	push	r15
    6258:	0f 93       	push	r16
    625a:	1f 93       	push	r17
    625c:	cf 93       	push	r28
    625e:	df 93       	push	r29
    6260:	cd b7       	in	r28, 0x3d	; 61
    6262:	de b7       	in	r29, 0x3e	; 62
    6264:	ca 1b       	sub	r28, r26
    6266:	db 0b       	sbc	r29, r27
    6268:	0f b6       	in	r0, 0x3f	; 63
    626a:	f8 94       	cli
    626c:	de bf       	out	0x3e, r29	; 62
    626e:	0f be       	out	0x3f, r0	; 63
    6270:	cd bf       	out	0x3d, r28	; 61
    6272:	09 94       	ijmp

00006274 <__epilogue_restores__>:
    6274:	2a 88       	ldd	r2, Y+18	; 0x12
    6276:	39 88       	ldd	r3, Y+17	; 0x11
    6278:	48 88       	ldd	r4, Y+16	; 0x10
    627a:	5f 84       	ldd	r5, Y+15	; 0x0f
    627c:	6e 84       	ldd	r6, Y+14	; 0x0e
    627e:	7d 84       	ldd	r7, Y+13	; 0x0d
    6280:	8c 84       	ldd	r8, Y+12	; 0x0c
    6282:	9b 84       	ldd	r9, Y+11	; 0x0b
    6284:	aa 84       	ldd	r10, Y+10	; 0x0a
    6286:	b9 84       	ldd	r11, Y+9	; 0x09
    6288:	c8 84       	ldd	r12, Y+8	; 0x08
    628a:	df 80       	ldd	r13, Y+7	; 0x07
    628c:	ee 80       	ldd	r14, Y+6	; 0x06
    628e:	fd 80       	ldd	r15, Y+5	; 0x05
    6290:	0c 81       	ldd	r16, Y+4	; 0x04
    6292:	1b 81       	ldd	r17, Y+3	; 0x03
    6294:	aa 81       	ldd	r26, Y+2	; 0x02
    6296:	b9 81       	ldd	r27, Y+1	; 0x01
    6298:	ce 0f       	add	r28, r30
    629a:	d1 1d       	adc	r29, r1
    629c:	0f b6       	in	r0, 0x3f	; 63
    629e:	f8 94       	cli
    62a0:	de bf       	out	0x3e, r29	; 62
    62a2:	0f be       	out	0x3f, r0	; 63
    62a4:	cd bf       	out	0x3d, r28	; 61
    62a6:	ed 01       	movw	r28, r26
    62a8:	08 95       	ret

000062aa <_exit>:
    62aa:	f8 94       	cli

000062ac <__stop_program>:
    62ac:	ff cf       	rjmp	.-2      	; 0x62ac <__stop_program>
